anchor_APE-A_atoms,anchor_APE-E_atoms,anchor_APE-P_atoms,anchor_DFG-D_atoms,anchor_DFG-F_atoms,anchor_DFG-G_atoms,anchor_motif,ape_motif_start_resi,ape_resi,chain,chain_key,dfg_resi,dfg_spatial,dihedral,expected_loop,flank_rmsd,flank_rmsd_addendum,gene,group,idx,ligand_type,loop_length,membership,n_loop_present,needs_v9_1_retrain,ood,pdb,recon_rmsd,source,z0,z1
,,,,,,APE,,,,8RQWA,,DFGin,BLAminus,,4.786393418729944,,MAPK1,CMGC_MAPK1_RAT,,ATPlike,31,,,False,True,,1.0537874698638916,v9_addendum_comprehensive,38.66735076904297,4.300904750823975
,,,,,,APE,,,,8QR5A,,DFGin,BLAminus,,4.851251313616791,,MAPK1,CMGC_MAPK1_RAT,,Type1,31,,,False,True,,1.0564587116241455,v9_addendum_litsearch,37.68708419799805,4.192487716674805
,,,,,,APE,,,,8QRCA,,DFGin,BLAminus,,4.82728218736354,,MAPK1,CMGC_MAPK1_RAT,,Type1,31,,,False,True,,1.0616782903671265,v9_addendum_litsearch,38.40185546875,2.431072950363159
,,,,,,APE,,,,8QRAA,,DFGin,BLAminus,,4.801612235123621,,MAPK1,CMGC_MAPK1_RAT,,Type1,31,,,False,True,,1.0630897283554075,v9_addendum_litsearch,40.28691101074219,2.933753490447998
,,,,,,APE,,,,8QR2A,,DFGin,BLAminus,,4.825524358837983,,MAPK1,CMGC_MAPK1_RAT,,Type1,31,,,False,True,,1.0632572174072266,v9_addendum_litsearch,38.25853729248047,2.85579776763916
,,,,,,APE,,,,8QR4A,,DFGin,BLAminus,,4.733108910868301,,MAPK1,CMGC_MAPK1_RAT,,Type1,31,,,False,True,,1.0687155723571775,v9_addendum_litsearch,38.6953125,3.4164838790893555
,,,,,,APE,,,,8RQVA,,DFGin,BLAminus,,4.793570259769148,,MAPK1,CMGC_MAPK1_RAT,,ATPlike,31,,,False,True,,1.0693272352218628,v9_addendum_comprehensive,38.890323638916016,4.269280910491943
,,,,,,APE,,,,8RQXA,,DFGin,BLAminus,,4.803280422148908,,MAPK1,CMGC_MAPK1_RAT,,ATPlike,31,,,False,True,,1.0736892223358154,v9_addendum_litsearch,38.86183547973633,3.513073205947876
,,,,,,APE,,,,8QR8A,,DFGin,BLAminus,,4.743462210915437,,MAPK1,CMGC_MAPK1_RAT,,Type1,31,,,False,True,,1.0748530626296997,v9_addendum_comprehensive,36.144569396972656,3.107429981231689
,,,,,,APE,,,,8QR3A,,DFGin,BLAminus,,4.716652165930986,,MAPK1,CMGC_MAPK1_RAT,,Type1,31,,,False,True,,1.0775442123413086,v9_addendum_litsearch,36.938777923583984,2.83349609375
,,,,,,APE,,,,8RM2A,,DFGin,BLAminus,,4.81130778678509,,MAPK1,CMGC_MAPK1_RAT,,No_ligand,31,,,False,True,,1.0885106325149536,v9_addendum_comprehensive,40.09800338745117,3.0986430644989014
,,,,,,APE,,,,8RLXA,,DFGin,BLAminus,,4.801361705557135,,MAPK1,CMGC_MAPK1_RAT,,No_ligand,31,,,False,True,,1.0904371738433838,v9_addendum_litsearch,37.98645782470703,2.764655113220215
,,,,,,APE,,,,8RMBA,,DFGin,BLAminus,,4.814466737666041,,MAPK1,CMGC_MAPK1_RAT,,No_ligand,31,,,False,True,,1.093988060951233,v9_addendum_comprehensive,39.03642272949219,3.630569458007813
,,,,,,APE,,,,8QR9A,,DFGin,BLAminus,,4.725631434638239,,MAPK1,CMGC_MAPK1_RAT,,Type1,31,,,False,True,,1.099455714225769,v9_addendum_comprehensive,38.45367813110352,2.6456081867218018
,,,,,,APE,,,,8QR7A,,DFGin,BLAminus,,4.724735299344039,,MAPK1,CMGC_MAPK1_RAT,,Type1,31,,,False,True,,1.0999280214309692,v9_addendum_litsearch,40.37643051147461,2.302522659301758
,,,,,,APE,,,,8QRBA,,DFGin,BLAminus,,4.717604575139787,,MAPK1,CMGC_MAPK1_RAT,,Type1,31,,,False,True,,1.1461822986602783,v9_addendum_comprehensive,37.39705657958984,3.5419156551361084
,,,,,,APE,,,,7RJ8B,,DFGin,BLAminus,,4.545735767952005,,AAK1,OTHER_AAK1_MOUSE,,"Type1,Allosteric",36,,,False,True,,1.1761112213134766,v9_addendum_comprehensive,18.75160217285156,2.3023769855499268
,,,,,,APE,,,,8QR6A,,DFGin,BLAminus,,4.728480260737223,,MAPK1,CMGC_MAPK1_RAT,,Type1,31,,,False,True,,1.177356481552124,v9_addendum_litsearch,38.12055587768555,2.7771809101104736
,,,,,,APE,,,,9ESQC,,DFGin,BLAminus,,4.6561066655960985,,CDK2,CMGC_CDK2_HUMAN,,"Allosteric,Type1,Allosteric",28,,,False,True,,1.1889704465866089,v9_addendum_comprehensive,91.91568756103516,127.4832763671875
,,,,,,APE,,,,9ESWC,,DFGin,BLAminus,,4.6809735012042974,,CDK2,CMGC_CDK2_HUMAN,,"Allosteric,Type1,Allosteric,Allosteric",28,,,False,True,,1.1900622844696045,v9_addendum_comprehensive,91.10020446777344,123.45079040527344
,,,,,,APE,,,,9ET3C,,DFGin,BLAminus,,4.6520174310666365,,CDK2,CMGC_CDK2_HUMAN,,"Type1,Allosteric,Allosteric",28,,,False,True,,1.1933250427246094,v9_addendum_comprehensive,93.66033935546876,129.59353637695312
,,,,,,APE,,,,9QB5B,,DFGin,BLAminus,,4.478665550879497,,AAK1,OTHER_AAK1_HUMAN,,Type1,36,,,False,True,,1.1940407752990725,v9_addendum_comprehensive,17.900203704833984,2.5720722675323486
,,,,,,APE,,,,9ESPC,,DFGin,BLAminus,,4.674390086717893,,CDK2,CMGC_CDK2_HUMAN,,Type1,28,,,False,True,,1.198463797569275,v9_addendum_comprehensive,90.31550598144533,126.89422607421876
,,,,,,APE,,,,9ESRC,,DFGin,BLAminus,,4.655738902076027,,CDK2,CMGC_CDK2_HUMAN,,"Type1,Allosteric",28,,,False,True,,1.198561429977417,v9_addendum_comprehensive,92.88172149658205,126.04595184326172
,,,,,,APE,,,,8SCEA,,DFGin,BLAminus,,5.342060289318302,,IRAK4,TKL_IRAK4_HUMAN,,Type1,30,,,False,True,,1.1990748643875122,v9_addendum_comprehensive,31.65811920166016,63.21174621582031
,,,,,,APE,,,,9QB5A,,DFGin,BLAminus,,4.45929232321796,,AAK1,OTHER_AAK1_HUMAN,,Type1,36,,,False,True,,1.1991143226623535,v9_addendum_comprehensive,18.99198532104492,2.505134344100952
,,,,,,APE,,,,9ET6C,,DFGin,BLAminus,,4.683510944156854,,CDK2,CMGC_CDK2_HUMAN,,"Type1,Allosteric,Allosteric",28,,,False,True,,1.2003366947174072,v9_addendum_comprehensive,91.43329620361328,123.82234954833984
,,,,,,APE,,,,9ET6A,,DFGin,BLAminus,,4.732434777411044,,CDK2,CMGC_CDK2_HUMAN,,"Allosteric,Type1,Type1,Allosteric,Allosteric",28,,,False,True,,1.2003549337387085,v9_addendum_comprehensive,89.86939239501953,125.69683074951172
,,,,,,APE,,,,9ESZC,,DFGin,BLAminus,,4.680904815886722,,CDK2,CMGC_CDK2_HUMAN,,Type1,28,,,False,True,,1.2004859447479248,v9_addendum_comprehensive,90.6168441772461,122.2110824584961
,,,,,,APE,,,,9ET0C,,DFGin,BLAminus,,4.690002048642411,,CDK2,CMGC_CDK2_HUMAN,,Type1,28,,,False,True,,1.200584888458252,v9_addendum_comprehensive,87.36799621582031,126.80575561523438
,,,,,,APE,,,,8SCEB,,DFGin,BLAminus,,5.428585688449366,,IRAK4,TKL_IRAK4_HUMAN,,Type1,30,,,False,True,,1.2007787227630615,v9_addendum_comprehensive,31.36474227905273,62.89285659790039
,,,,,,APE,,,,9ESUC,,DFGin,BLAminus,,4.681082177307025,,CDK2,CMGC_CDK2_HUMAN,,Type1,28,,,False,True,,1.2030689716339111,v9_addendum_comprehensive,93.1867218017578,125.61224365234376
,,,,,,APE,,,,7RJ7A,,DFGin,BLAminus,,4.4419620341587285,,AAK1,OTHER_AAK1_MOUSE,,Type1,36,,,False,True,,1.2039591073989868,v9_addendum_comprehensive,17.850879669189453,3.0376930236816406
,,,,,,APE,,,,9ETBA,,DFGin,BLAminus,,4.702699681689428,,CDK2,CMGC_CDK2_HUMAN,,"Allosteric,Type1,Allosteric,Allosteric",28,,,False,True,,1.205615520477295,v9_addendum_comprehensive,88.25968933105469,126.73504638671876
,,,,,,APE,,,,9ESOA,,DFGin,BLAminus,,4.743436557577961,,CDK2,CMGC_CDK2_HUMAN,,Allosteric,28,,,False,True,,1.2066090106964111,v9_addendum_comprehensive,85.75125885009766,124.67428588867188
,,,,,,APE,,,,9ET2C,,DFGin,BLAminus,,4.692340524578073,,CDK2,CMGC_CDK2_HUMAN,,Type1,28,,,False,True,,1.2067779302597046,v9_addendum_comprehensive,89.5369644165039,128.0512237548828
,,,,,,APE,,,,9ETPC,,DFGin,BLAminus,,4.642431778047716,,CDK2,CMGC_CDK2_HUMAN,,"Type1,Allosteric,Allosteric",28,,,False,True,,1.2084860801696775,v9_addendum_comprehensive,89.62735748291016,132.37353515625
,,,,,,APE,,,,9ET8C,,DFGin,BLAminus,,4.68918522208554,,CDK2,CMGC_CDK2_HUMAN,,"Type1,Allosteric,Allosteric",28,,,False,True,,1.2089922428131104,v9_addendum_comprehensive,94.75296783447266,126.54777526855467
,,,,,,APE,,,,9ET7C,,DFGin,BLAminus,,4.67291160256014,,CDK2,CMGC_CDK2_HUMAN,,Type1,28,,,False,True,,1.209080696105957,v9_addendum_comprehensive,94.20514678955078,127.09568786621094
,,,,,,APE,,,,9ET1C,,DFGin,BLAminus,,4.675484053633621,,CDK2,CMGC_CDK2_HUMAN,,Type1,28,,,False,True,,1.2114381790161133,v9_addendum_comprehensive,90.40006256103516,128.94349670410156
,,,,,,APE,,,,9ESJA,,DFGin,BLAminus,,4.739077309550003,,CDK2,CMGC_CDK2_HUMAN,,"Type1,Allosteric,Allosteric,Allosteric",28,,,False,True,,1.2143139839172363,v9_addendum_comprehensive,89.0062026977539,126.15206909179688
,,,,,,APE,,,,9ESYC,,DFGin,BLAminus,,4.655364010410798,,CDK2,CMGC_CDK2_HUMAN,,Type1,28,,,False,True,,1.214666724205017,v9_addendum_comprehensive,89.25776672363281,131.64950561523438
,,,,,,APE,,,,9ET9C,,DFGin,BLAminus,,4.675011097337604,,CDK2,CMGC_CDK2_HUMAN,,"Type1,Allosteric",28,,,False,True,,1.217574954032898,v9_addendum_comprehensive,90.73959350585938,133.38462829589844
,,,,,,APE,,,,9ESKA,,DFGin,BLAminus,,4.7416038115589965,,CDK2,CMGC_CDK2_HUMAN,,"Type1,Allosteric,Allosteric",28,,,False,True,,1.2178711891174316,v9_addendum_comprehensive,87.27820587158203,129.86093139648438
,,,,,,APE,,,,9ESLC,,DFGin,BLAminus,,4.646524427943653,,CDK2,CMGC_CDK2_HUMAN,,"Type1,Allosteric",28,,,False,True,,1.2183184623718262,v9_addendum_comprehensive,91.53428649902344,132.137451171875
,,,,,,APE,,,,9ETAC,,DFGin,BLAminus,,4.684274025195132,,CDK2,CMGC_CDK2_HUMAN,,Type1,28,,,False,True,,1.218938231468201,v9_addendum_comprehensive,94.1435317993164,130.11868286132812
,,,,,,APE,,,,9GLAA,,DFGin,BLAminus,,4.686998490689176,,CDK2,CMGC_CDK2_HUMAN,,Type1,28,,,False,True,,1.2189650535583496,v9_addendum_comprehensive,90.33128356933594,121.32089233398438
,,,,,,APE,,,,8SCWB,,DFGin,BLAminus,,5.386447404811073,,IRAK4,TKL_IRAK4_HUMAN,,Type1,30,,,False,True,,1.2196873426437378,v9_addendum_comprehensive,32.39199447631836,69.15509796142578
,,,,,,APE,,,,9ETBC,,DFGin,BLAminus,,4.645211071714546,,CDK2,CMGC_CDK2_HUMAN,,"Type1,Allosteric,Allosteric",28,,,False,True,,1.22041654586792,v9_addendum_comprehensive,90.48939514160156,133.47633361816406
,,,,,,APE,,,,9ESWA,,DFGin,BLAminus,,4.74658776480156,,CDK2,CMGC_CDK2_HUMAN,,"Allosteric,Type1,Allosteric,Allosteric",28,,,False,True,,1.220427393913269,v9_addendum_comprehensive,90.6929168701172,126.57046508789062
,,,,,,APE,,,,9ET8A,,DFGin,BLAminus,,4.730956774564284,,CDK2,CMGC_CDK2_HUMAN,,"Allosteric,Type1,Allosteric",28,,,False,True,,1.2206206321716309,v9_addendum_comprehensive,91.18944549560548,130.46432495117188
,,,,,,APE,,,,9ET3A,,DFGin,BLAminus,,4.713258848319105,,CDK2,CMGC_CDK2_HUMAN,,"Allosteric,Type1,Allosteric,Allosteric,Allosteric",28,,,False,True,,1.2224462032318115,v9_addendum_comprehensive,89.53658294677734,118.49041748046876
,,,,,,APE,,,,9ET5C,,DFGin,BLAminus,,4.671234557210386,,CDK2,CMGC_CDK2_HUMAN,,"Type1,Allosteric",28,,,False,True,,1.2236127853393557,v9_addendum_comprehensive,91.53722381591795,132.3260498046875
,,,,,,APE,,,,9ESNC,,DFGin,BLAminus,,4.674380919142353,,CDK2,CMGC_CDK2_HUMAN,,"Type1,Allosteric",28,,,False,True,,1.2238507270812988,v9_addendum_comprehensive,94.43717956542967,131.6747589111328
,,,,,,APE,,,,9ESQA,,DFGin,BLAminus,,4.738280892480399,,CDK2,CMGC_CDK2_HUMAN,,"Type1,Allosteric,Allosteric,Allosteric",28,,,False,True,,1.226801872253418,v9_addendum_comprehensive,89.31816864013672,127.44390869140624
,,,,,,APE,,,,9ESVA,,DFGin,BLAminus,,4.728177182216602,,CDK2,CMGC_CDK2_HUMAN,,"Type1,Allosteric,Allosteric,Allosteric",28,,,False,True,,1.2286698818206787,v9_addendum_comprehensive,90.66740417480467,130.977294921875
,,,,,,APE,,,,9ESNA,,DFGin,BLAminus,,4.743766572284518,,CDK2,CMGC_CDK2_HUMAN,,Type1,28,,,False,True,,1.229112148284912,v9_addendum_comprehensive,91.7806167602539,128.01638793945312
,,,,,,APE,,,,9ET9A,,DFGin,BLAminus,,4.717853048902191,,CDK2,CMGC_CDK2_HUMAN,,"Allosteric,Type1,Allosteric,Allosteric,Allosteric",28,,,False,True,,1.2295737266540527,v9_addendum_comprehensive,87.56678771972656,130.54298400878906
,,,,,,APE,,,,9ET1A,,DFGin,BLAminus,,4.749515731087552,,CDK2,CMGC_CDK2_HUMAN,,"Allosteric,Type1",28,,,False,True,,1.229702115058899,v9_addendum_comprehensive,86.19361877441406,130.37039184570312
,,,,,,APE,,,,9ET0A,,DFGin,BLAminus,,4.733530924811774,,CDK2,CMGC_CDK2_HUMAN,,Type1,28,,,False,True,,1.229825496673584,v9_addendum_comprehensive,88.33580017089844,133.6177978515625
,,,,,,APE,,,,9ESZA,,DFGin,BLAminus,,4.7492847150601,,CDK2,CMGC_CDK2_HUMAN,,Type1,28,,,False,True,,1.2303643226623535,v9_addendum_comprehensive,90.72156524658205,133.44447326660156
,,,,,,APE,,,,9ETPA,,DFGin,BLAminus,,4.7026318347935465,,CDK2,CMGC_CDK2_HUMAN,,"Type1,Allosteric,Allosteric,Allosteric,Allosteric,Allosteric",28,,,False,True,,1.2313246726989746,v9_addendum_comprehensive,90.49606323242188,133.91661071777344
,,,,,,APE,,,,9ET7A,,DFGin,BLAminus,,4.73119454251827,,CDK2,CMGC_CDK2_HUMAN,,"Type1,Allosteric",28,,,False,True,,1.2315995693206787,v9_addendum_comprehensive,89.70732116699219,133.4753875732422
,,,,,,APE,,,,9ESUA,,DFGin,BLAminus,,4.739918256957144,,CDK2,CMGC_CDK2_HUMAN,,Type1,28,,,False,True,,1.2320836782455444,v9_addendum_comprehensive,88.87759399414062,130.89132690429688
,,,,,,APE,,,,9ESOC,,DFGin,BLAminus,,4.687682666481162,,CDK2,CMGC_CDK2_HUMAN,,"Allosteric,Type1,Allosteric",28,,,False,True,,1.23271906375885,v9_addendum_comprehensive,89.59870910644531,133.69015502929688
,,,,,,APE,,,,9ESYA,,DFGin,BLAminus,,4.737997620378003,,CDK2,CMGC_CDK2_HUMAN,,"Allosteric,Type1",28,,,False,True,,1.2332119941711426,v9_addendum_comprehensive,86.82433319091797,132.43630981445312
,,,,,,APE,,,,9ESJC,,DFGin,BLAminus,,4.676120985810592,,CDK2,CMGC_CDK2_HUMAN,,"Type1,Allosteric,Allosteric",28,,,False,True,,1.233220100402832,v9_addendum_comprehensive,89.51688385009766,135.84158325195312
,,,,,,APE,,,,8SCWD,,DFGin,BLAminus,,5.45701356456256,,IRAK4,TKL_IRAK4_HUMAN,,Type1,30,,,False,True,,1.2333661317825315,v9_addendum_comprehensive,26.46113395690918,67.60648345947266
,,,,,,APE,,,,9ET5A,,DFGin,BLAminus,,4.739913214313103,,CDK2,CMGC_CDK2_HUMAN,,"Type1,Allosteric",28,,,False,True,,1.2337846755981443,v9_addendum_comprehensive,82.5413818359375,131.5745086669922
,,,,,,APE,,,,9ESRA,,DFGin,BLAminus,,4.733024501876129,,CDK2,CMGC_CDK2_HUMAN,,"Allosteric,Type1,Type1.5_Back,Allosteric,Allosteric",28,,,False,True,,1.2347214221954346,v9_addendum_comprehensive,92.4235382080078,134.19422912597656
,,,,,,APE,,,,9ESSC,,DFGin,BLAminus,,4.6601014812129495,,CDK2,CMGC_CDK2_HUMAN,,"Type1,Allosteric",28,,,False,True,,1.2352423667907717,v9_addendum_comprehensive,90.71054077148438,135.39764404296875
,,,,,,APE,,,,9ESLA,,DFGin,BLAminus,,4.7335217985382165,,CDK2,CMGC_CDK2_HUMAN,,"Type1,Allosteric,Allosteric",28,,,False,True,,1.2461777925491333,v9_addendum_comprehensive,93.45198059082033,133.08892822265625
,,,,,,APE,,,,8SCWA,,DFGin,BLAminus,,5.46076746728745,,IRAK4,TKL_IRAK4_HUMAN,,Type1,30,,,False,True,,1.2471015453338623,v9_addendum_comprehensive,35.7371826171875,65.3689956665039
,,,,,,APE,,,,8SCWC,,DFGin,BLAminus,,5.448709201023407,,IRAK4,TKL_IRAK4_HUMAN,,Type1,30,,,False,True,,1.2483453750610352,v9_addendum_comprehensive,27.005416870117188,67.33685302734375
,,,,,,APE,,,,9ESPA,,DFGin,BLAminus,,4.751506870882034,,CDK2,CMGC_CDK2_HUMAN,,Type1,28,,,False,True,,1.2489962577819824,v9_addendum_comprehensive,94.70108032226562,134.52566528320312
,,,,,,APE,,,,8SCED,,DFGin,BLAminus,,5.47662081558205,,IRAK4,TKL_IRAK4_HUMAN,,Type1,30,,,False,True,,1.2492637634277344,v9_addendum_comprehensive,45.74871063232422,61.4678840637207
,,,,,,APE,,,,9ESVC,,DFGin,BLAminus,,4.634685473957759,,CDK2,CMGC_CDK2_HUMAN,,"Type1,Allosteric",28,,,False,True,,1.2498247623443604,v9_addendum_comprehensive,92.80585479736328,135.44676208496094
,,,,,,APE,,,,9ESSA,,DFGin,BLAminus,,4.7427678544213165,,CDK2,CMGC_CDK2_HUMAN,,"Allosteric,Type1,Allosteric,Allosteric",28,,,False,True,,1.2503509521484375,v9_addendum_comprehensive,87.4186782836914,137.13339233398438
,,,,,,APE,,,,9ET2A,,DFGin,BLAminus,,4.74194987708209,,CDK2,CMGC_CDK2_HUMAN,,"Allosteric,Type1",28,,,False,True,,1.257601261138916,v9_addendum_comprehensive,87.25403594970703,137.738037109375
,,,,,,APE,,,,7LVIA,,DFGin,ABAminus,,4.486511566919932,,AAK1,OTHER_AAK1_MOUSE,,Type1,36,,,False,True,,1.2583932876586914,v9_addendum_comprehensive,17.294509887695312,2.7995617389678955
,,,,,,APE,,,,9ETAA,,DFGin,BLAminus,,4.7561102745961925,,CDK2,CMGC_CDK2_HUMAN,,Type1,28,,,False,True,,1.260281324386597,v9_addendum_comprehensive,90.21636962890624,137.1943359375
,,,,,,APE,,,,7LVIB,,DFGin,BLAminus,,4.440771262173725,,AAK1,OTHER_AAK1_MOUSE,,Type1,36,,,False,True,,1.2607722282409668,v9_addendum_comprehensive,18.94100570678711,2.040114641189575
,,,,,,APE,,,,7RJ6A,,DFGin,BLAminus,,4.456720411170423,,AAK1,OTHER_AAK1_MOUSE,,Type1,36,,,False,True,,1.262728214263916,v9_addendum_comprehensive,17.54876708984375,3.505035400390625
,,,,,,APE,,,,9RELA,,DFGin,BLAminus,,4.909457590287349,,PRKACA,AGC_PRKACA_CRIGR,,"Allosteric,Allosteric",25,,,False,True,,1.2729326486587524,v9_addendum_comprehensive,52.555660247802734,141.4568634033203
,,,,,,APE,,,,9ESKC,,DFGin,BLAminus,,4.6819117801715215,,CDK2,CMGC_CDK2_HUMAN,,"Type1,Allosteric",28,,,False,True,,1.2758510112762451,v9_addendum_comprehensive,92.49543762207033,137.7008514404297
,,,,,,APE,,,,8UKPE,,DFGin,ABAminus,,4.884174547159581,,PRKACA,AGC_PRKACA_MOUSE,,ATPlike,25,,,False,True,,1.2761497497558594,v9_addendum_comprehensive,55.60553359985352,134.25503540039062
,,,,,,APE,,,,7RJ8A,,DFGin,BLAminus,,4.535611912978224,,AAK1,OTHER_AAK1_MOUSE,,"Type1,Allosteric",36,,,False,True,,1.2787954807281494,v9_addendum_comprehensive,18.618995666503903,2.170263290405273
,,,,,,APE,,,,6E21A,,DFGin,BLAminus,,4.793932409012169,,PRKACA,AGC_PRKACA_MOUSE,,ATPlike,25,,,False,True,,1.282994270324707,v9_addendum_comprehensive,51.13825225830078,140.8154754638672
,,,,,,APE,,,,9RE7A,,DFGin,BLAminus,,4.932469603038415,,PRKACA,AGC_PRKACA_CRIGR,,"Type1,Allosteric,Allosteric,Allosteric",25,,,False,True,,1.28332257270813,v9_addendum_comprehensive,56.40576553344727,149.0245361328125
,,,,,,APE,,,,9REKA,,DFGin,ABAminus,,4.8715369674334426,,PRKACA,AGC_PRKACA_CRIGR,,"Type1,Allosteric,Allosteric,Allosteric",25,,,False,True,,1.2851800918579102,v9_addendum_comprehensive,57.848575592041016,149.12582397460938
,,,,,,APE,,,,7RJ7B,,DFGin,BLAminus,,4.470595436941734,,AAK1,OTHER_AAK1_MOUSE,,Type1,36,,,False,True,,1.287006139755249,v9_addendum_comprehensive,18.47313690185547,2.4744606018066406
,,,,,,SPE,,,,8YEVB,,DFGin,BLAminus,,7.06608222164409,,DYRK1A,CMGC_DYRK1A_HUMAN,,Type1,25,,,False,True,,1.2958605289459229,v9_addendum_comprehensive,11.43826961517334,121.91183471679688
,,,,,,APE,,,,9REFA,,DFGin,BLAminus,,4.788150131292421,,PRKACA,AGC_PRKACA_CRIGR,,Type1,25,,,False,True,,1.2961841821670532,v9_addendum_comprehensive,53.29489517211914,145.00546264648438
,,,,,,SPE,,,,8YEVA,,DFGin,BLAminus,,7.059987898357892,,DYRK1A,CMGC_DYRK1A_HUMAN,,Type1,25,,,False,True,,1.3009462356567385,v9_addendum_comprehensive,13.241558074951172,118.54134368896484
,,,,,,APE,,,,8UKOE,,DFGin,ABAminus,,4.86088482788525,,PRKACA,AGC_PRKACA_MOUSE,,ATPlike,25,,,False,True,,1.3073139190673828,v9_addendum_comprehensive,53.27121353149414,147.07354736328125
,,,,,,APE,,,,7RJ6B,,DFGin,BLAminus,,4.47104766580849,,AAK1,OTHER_AAK1_MOUSE,,Type1,36,,,False,True,,1.308843970298767,v9_addendum_comprehensive,18.68307113647461,3.4797937870025635
,,,,,,APE,,,,9R9GC,,DFGin,BLAminus,,5.476182482165212,,IRAK4,TKL_IRAK4_HUMAN,,Type1,30,,,False,True,,1.313232183456421,v9_addendum_comprehensive,56.30547332763672,73.5853271484375
,,,,,,APE,,,,9EIIB,,DFGin,None,,6.96295691595709,,PINK1,OTHER_PINK1_HUMAN,,No_ligand,34,,,False,True,,1.3136694431304932,v9_addendum_comprehensive,77.7016830444336,8.515119552612305
,,,,,,PPE,,,,7NWKA,,DFGin,BLAminus,,4.777277262580189,,CDK9,CMGC_CDK9_HUMAN,,Type1,32,,,False,True,,1.3249409198760986,v9_addendum_comprehensive,83.43563079833984,121.3154525756836
,,,,,,SPE,,,,9FPXA,,DFGin,BLAminus,,7.082139314259402,,DYRK1A,CMGC_DYRK1A_HUMAN,,Type1,25,,,False,True,,1.3270975351333618,v9_addendum_comprehensive,9.753755569458008,125.75799560546876
,,,,,,SPE,,,,9KRJA,,DFGin,ABAminus,,7.117300889497538,,DYRK1A,CMGC_DYRK1A_MOUSE,,No_ligand,25,,,False,True,,1.3289146423339844,v9_addendum_comprehensive,13.866056442260742,124.10186767578124
,,,,,,APE,,,,9EIHA,,DFGin,BLAminus,,6.936508239087607,,PINK1,OTHER_PINK1_HUMAN,,No_ligand,34,,,False,True,,1.3308731317520142,v9_addendum_comprehensive,79.54621124267578,8.412214279174805
,,,,,,APE,,,,8UKND,,DFGin,ABAminus,,4.856960943426357,,PRKACA,AGC_PRKACA_MOUSE,,ATPlike,25,,,False,True,,1.340766191482544,v9_addendum_comprehensive,45.17047882080078,148.8898468017578
,,,,,,APE,,,,9R9GD,,DFGin,BLAminus,,5.482543457720354,,IRAK4,TKL_IRAK4_HUMAN,,Type1,30,,,False,True,,1.3437881469726562,v9_addendum_comprehensive,42.3404541015625,74.25835418701172
,,,,,,SPE,,,,7P6QD,,DFGin,BLAminus,,2.5179402596573737,,ROCK2,AGC_ROCK2_HUMAN,,Type1,29,,,False,True,,1.3483846187591553,v9_addendum_comprehensive,151.4254150390625,69.07121276855469
,,,,,,APE,,,,9CKRA,,DFGin,BLAminus,,4.028414785558582,,GRK5,AGC_GRK5_HUMAN,,ATPlike,27,,,False,True,,1.3488306999206543,v9_addendum_comprehensive,141.6180419921875,129.47850036621094
,,,,,,PPE,,,,4BCFA,,DFGin,BLAminus,,4.801435565935204,,CDK9,CMGC_CDK9_HUMAN,,Type1,32,,,False,True,,1.3497281074523926,v9_addendum_latent,86.6487045288086,121.71129608154295
,,,,,,SPE,,,,9SKQA,,DFGin,BLAminus,,4.557494857144098,,CDK1,CMGC_CDK1_HUMAN,,ATPlike,28,,,False,True,,1.351153016090393,v9_addendum_comprehensive,99.62242889404295,132.70936584472656
,,,,,,APE,,,,9EDEA,,DFGin,BLAminus,,4.891570096547869,,PRKACA,AGC_PRKACA_HUMAN,,ATPlike,25,,,False,True,,1.3554776906967163,v9_addendum_comprehensive,51.65501403808594,139.66773986816406
,,,,,,APE,,,,9EIHB,,DFGin,None,,6.957724880001655,,PINK1,OTHER_PINK1_HUMAN,,No_ligand,34,,,False,True,,1.3584767580032349,v9_addendum_litsearch,73.02729034423828,6.943594455718994
,,,,,,APE,,,,8UKNC,,DFGin,ABAminus,,4.899968658446187,,PRKACA,AGC_PRKACA_MOUSE,,No_ligand,25,,,False,True,,1.359689474105835,v9_addendum_comprehensive,51.49688720703125,148.84915161132812
,,,,,,APE,,,,9EDCA,,DFGin,BLAminus,,4.860896926534536,,PRKACA,AGC_PRKACA_HUMAN,,ATPlike,25,,,False,True,,1.3622045516967771,v9_addendum_comprehensive,54.90317153930664,161.4837646484375
,,,,,,APE,,,,9O7VA,,DFGin,BLAminus,,4.921318560475422,,PRKACA,AGC_PRKACA_MOUSE,,No_ligand,25,,,False,True,,1.3629086017608645,v9_addendum_comprehensive,52.68949508666992,152.0682830810547
,,,,,,APE,,,,8UKNH,,DFGin,ABAminus,,4.899455140716118,,PRKACA,AGC_PRKACA_MOUSE,,No_ligand,25,,,False,True,,1.3640122413635254,v9_addendum_comprehensive,44.72296524047852,144.48919677734375
,,,,,,APE,,,,9BREA,,DFGin,BLAminus,,4.038655784351376,,GRK5,AGC_GRK5_HUMAN,,Type1,27,,,False,True,,1.373116374015808,v9_addendum_comprehensive,136.54171752929688,130.46128845214844
,,,,,,APE,,,,8SCEE,,DFGin,BLAminus,,5.453594340400484,,IRAK4,TKL_IRAK4_HUMAN,,Type1,30,,,False,True,,1.3775382041931152,v9_addendum_comprehensive,42.49011993408203,62.056434631347656
,,,,,,APE,,,,8UKNF,,DFGin,ABAminus,,4.878720542268258,,PRKACA,AGC_PRKACA_MOUSE,,No_ligand,25,,,False,True,,1.3851850032806396,v9_addendum_comprehensive,42.482818603515625,143.31349182128906
,,,,,,PPE,,,,7ZTLA,,DFGin,BLAminus,,4.817230073667371,,AURKA,CAMK_AURKA_HUMAN,,"ATPlike,Allosteric",26,,,False,True,,1.3871779441833496,v9_addendum_litsearch,81.28887176513672,155.86941528320312
,,,,,,SPE,,,,9FPXB,,DFGin,BLAminus,,7.076334956695559,,DYRK1A,CMGC_DYRK1A_HUMAN,,Type1,25,,,False,True,,1.3921000957489014,v9_addendum_comprehensive,5.397670269012451,120.75072479248048
,,,,,,APE,,,,9CKPA,,DFGin,BLAminus,,4.114828207448434,,GRK5,AGC_GRK5_HUMAN,,Type1,27,,,False,True,,1.3936200141906738,v9_addendum_comprehensive,123.67670440673828,145.1787109375
,,,,,,APE,,,,9EIJB,,DFGin,None,,6.951056496234656,,PINK1,OTHER_PINK1_HUMAN,,No_ligand,34,,,False,True,,1.3973145484924316,v9_addendum_comprehensive,75.68761444091797,8.081149101257324
,,,,,,SPE,,,,7P6OF,,DFGin,BLAminus,,2.511252369816012,,ROCK2,AGC_ROCK2_HUMAN,,Type1,29,,,False,True,,1.4017497301101685,v9_addendum_comprehensive,149.15122985839844,67.9849853515625
,,,,,,SPE,,,,9JCUD,,DFGout,None,,2.74816671220205,,ROCK2,AGC_ROCK2_HUMAN,,No_ligand,29,,,False,True,,1.4208688735961914,v9_addendum_comprehensive,159.5545196533203,67.28471374511719
,,,,,,PPE,,,,4C2WA,,DFGin,ABAminus,,4.8590962935269095,,AURKBA,CAMK_AURKBA_XENLA,,ATPlike,26,,,False,True,,1.4225759506225586,v9_addendum_latent,84.52059936523438,175.55630493164062
,,,,,,SPE,,,,9BLHB,,DFGin,BLAminus,,7.07884514201657,,CAMK2D,CAMK_CAMK2D_HUMAN,,Type1,28,,,False,True,,1.424870252609253,v9_addendum_comprehensive,140.90061950683594,85.003662109375
,,,,,,APE,,,,9MX2A,,DFGin,BLAminus,,4.071660177909463,,GRK5,AGC_GRK5_HUMAN,,Type1,27,,,False,True,,1.426997184753418,v9_addendum_comprehensive,125.8799819946289,138.69529724121094
,,,,,,PPE,,,,3BLHA,,DFGin,BLAminus,,4.787765976002167,,CDK9,CMGC_CDK9_HUMAN,,No_ligand,32,,,False,True,,1.4287939071655271,v9_addendum_comprehensive,71.50554656982422,116.48419952392578
,,,,,,PPE,,,,5LXMA,,DFGin,BLAminus,,4.863471896388428,,AURKA,CAMK_AURKA_HUMAN,,ATPlike,26,,,False,True,,1.4292685985565186,v9_addendum_latent,90.0274887084961,166.72193908691406
,,,,,,AIE,,,,7NZNA,,DFGin,BLAminus,,4.4261394768339,,RET,TYR_RET_HUMAN,,Type1,30,,,False,True,,1.4299226999282837,v9_addendum_litsearch,63.92562103271485,43.3992919921875
,,,,,,PPE,,,,3TNIA,,DFGin,BLAminus,,4.745507664162017,,CDK9,CMGC_CDK9_HUMAN,,No_ligand,32,,,False,True,,1.431901931762695,v9_addendum_comprehensive,66.03089904785156,114.8340301513672
,,,,,,PPE,,,,3E5AA,,DFGin,ABAminus,,4.889024934187591,,AURKA,CAMK_AURKA_HUMAN,,Type1,26,,,False,True,,1.4327006340026855,v9_addendum_comprehensive,89.79914855957031,170.68710327148438
,,,,,,SPE,,,,9BLHA,,DFGin,BLAminus,,7.060563714425358,,CAMK2D,CAMK_CAMK2D_HUMAN,,Type1,28,,,False,True,,1.435654640197754,v9_addendum_comprehensive,140.55120849609375,89.10346984863281
,,,,,,PPE,,,,3ZTXA,,DFGin,ABAminus,,4.9071878866665335,,AURKBA,CAMK_AURKBA_XENLA,,Type1,26,,,False,True,,1.436742901802063,v9_addendum_comprehensive,84.33866119384766,175.7745819091797
,,,,,,PPE,,,,4B8MA,,DFGin,ABAminus,,4.887010374656089,,AURKBA,CAMK_AURKBA_XENLA,,Type1,26,,,False,True,,1.437044620513916,v9_addendum_comprehensive,84.9820327758789,174.68983459472656
,,,,,,APE,,,,9CKSA,,DFGin,BLAminus,,4.034168052064329,,GRK5,AGC_GRK5_HUMAN,,ATPlike,27,,,False,True,,1.4395973682403564,v9_addendum_comprehensive,135.56390380859375,131.9917449951172
,,,,,,SPE,,,,9JCUC,,DFGout,BBAminus,,3.001145145761164,,ROCK2,AGC_ROCK2_HUMAN,,No_ligand,29,,,False,True,,1.4434239864349363,v9_addendum_comprehensive,144.5839385986328,63.25590515136719
,,,,,,PPE,,,,4BCHA,,DFGin,BLAminus,,4.775310745295171,,CDK9,CMGC_CDK9_HUMAN,,Type1,32,,,False,True,,1.4448003768920898,v9_addendum_latent,88.01546478271484,113.62310791015624
,,,,,,PPE,,,,3BLQA,,DFGin,BLAminus,,4.805916401921859,,CDK9,CMGC_CDK9_HUMAN,,ATPlike,32,,,False,True,,1.4486064910888672,v9_addendum_latent,48.094425201416016,113.29235076904295
,,,,,,PPE,,,,2VGOA,,DFGin,ABAminus,,4.898185109637195,,AURKBA,CAMK_AURKBA_XENLA,,Type1,26,,,False,True,,1.4516828060150146,v9_addendum_comprehensive,85.58120727539062,175.11941528320312
,,,,,,PPE,,,,4C2VA,,DFGin,ABAminus,,4.878897208776762,,AURKBA,CAMK_AURKBA_XENLA,,Type1.5_Front,26,,,False,True,,1.4520957469940186,v9_addendum_comprehensive,84.20291137695312,172.096923828125
,,,,,,APE,,,,7MTBG,,DFGin,BLAminus,,4.228723191080823,,GRK1,AGC_GRK1_BOVIN,,"Type1,Type1,Type1,Type1,Type1,Type1",28,,,False,True,,1.4536080360412598,v9_addendum_comprehensive,143.6378631591797,170.13917541503906
,,,,,,PPE,,,,5K3YA,,DFGin,ABAminus,,4.877950112275374,,AURKBA,CAMK_AURKBA_XENLA,,Type1,26,,,False,True,,1.4578735828399658,v9_addendum_latent,91.5259246826172,184.01638793945312
,,,,,,AIE,,,,5AMNA,,DFGin,BLAminus,,4.351449011519325,,RET,TYR_RET_HUMAN,,Type1,30,,,False,True,,1.4597489833831787,v9_addendum_litsearch,59.7176628112793,43.20915603637695
,,,,,,SPE,,,,9JCUA,,DFGout,BBAminus,,2.8692410817340845,,ROCK2,AGC_ROCK2_HUMAN,,No_ligand,29,,,False,True,,1.461037516593933,v9_addendum_comprehensive,138.53761291503906,54.556522369384766
,,,,,,PPE,,,,2VGPA,,DFGin,ABAminus,,4.891612883457266,,AURKBA,CAMK_AURKBA_XENLA,,Type1,26,,,False,True,,1.46195387840271,v9_addendum_comprehensive,85.44469451904297,174.47598266601562
,,,,,,PPE,,,,6VPGA,,DFGin,BLAminus,,4.869498065750052,,AURKA,CAMK_AURKA_HUMAN,,ATPlike,26,,,False,True,,1.464188814163208,v9_addendum_comprehensive,95.21796417236328,173.22369384765625
,,,,,,PPE,,,,4BCJA,,DFGin,BLAminus,,4.778115234148106,,CDK9,CMGC_CDK9_HUMAN,,Type1,32,,,False,True,,1.4662086963653564,v9_addendum_comprehensive,85.1141586303711,120.43170928955078
,,,,,,SPE,,,,7P6OD,,DFGin,BLAminus,,2.520649921102823,,ROCK2,AGC_ROCK2_HUMAN,,Type1,29,,,False,True,,1.4760355949401855,v9_addendum_comprehensive,139.26492309570312,62.17037582397461
,,,,,,ALE,,,,4R3RA,,DFGin,BLAminus,,4.571434144339605,,EGFR,TYR_EGFR_HUMAN,,No_ligand,30,,,False,True,,1.481637954711914,v9_addendum_latent,91.7058334350586,46.01673126220703
,,,,,,PPE,,,,2BFYA,,DFGin,ABAminus,,4.8691025650913415,,AURKBA,CAMK_AURKBA_XENLA,,Type1,26,,,False,True,,1.486189603805542,v9_addendum_comprehensive,80.44078063964844,171.59324645996094
,,,,,,APE,,,,9CKQA,,DFGin,BLAminus,,4.044321793678998,,GRK5,AGC_GRK5_HUMAN,,No_ligand,27,,,False,True,,1.4882745742797852,v9_addendum_comprehensive,135.93954467773438,118.68563079833984
,,,,,,PPE,,,,3TNHA,,DFGin,BLAminus,,4.778339377167124,,CDK9,CMGC_CDK9_HUMAN,,Type1,32,,,False,True,,1.5043606758117676,v9_addendum_comprehensive,52.23479461669922,111.01927947998048
,,,,,,ALE,,,,8HV6A,,DFGin,BLAminus,,4.626359196725814,,EGFR,TYR_EGFR_HUMAN,,"Allosteric,Type1",30,,,False,True,,1.5102146863937378,v9_addendum_latent,80.74967193603516,43.82020950317383
,,,,,,ALE,,,,5CZHA,,DFGin,BLAminus,,4.583961907781717,,EGFR,TYR_EGFR_HUMAN,,No_ligand,30,,,False,True,,1.510291576385498,v9_addendum_comprehensive,89.95948028564453,44.4764518737793
,,,,,,AIE,,,,6NJAA,,DFGin,BLAminus,,4.381417520752593,,RET,TYR_RET_HUMAN,,Type1,30,,,False,True,,1.5104172229766846,v9_addendum_litsearch,61.95150375366211,44.99690628051758
,,,,,,APE,,,,7VDUA,,DFGin,BLBtrans,,4.746099426808037,,CDK2,CMGC_CDK2_HUMAN,,Type1,28,,,False,True,,1.5129340887069702,v9_addendum_comprehensive,-108.86260223388672,7.53366756439209
,,,,,,APE,,,,8S1AB,,DFGin,BLAminus,,4.359945709483752,,KIT,TYR_KIT_HUMAN,,Type1,30,,,False,True,,1.5153911113739014,v9_addendum_comprehensive,73.35525512695312,33.27958297729492
,,,,,,APE,,,,8SE2B,,DFGin,BLAminus,,4.955284049594298,,PRKCB,AGC_PRKCB_HUMAN,,ATPlike,28,,,False,True,,1.5166244506835938,v9_addendum_comprehensive,139.30078125,100.26736450195312
,,,,,,APE,,,,7JIJA,,DFGin,ABAminus,,4.4141641347809495,,PRKAA1,CAMK_PRKAA1_HUMAN,,No_ligand,27,,,False,True,,1.521711826324463,v9_addendum_comprehensive,106.4065399169922,155.27194213867188
,,,,,,ALE,,,,7B85A,,DFGin,BLAminus,,4.571601248617515,,EGFR,TYR_EGFR_HUMAN,,Type1,30,,,False,True,,1.5264297723770142,v9_addendum_comprehensive,95.67144775390624,53.06474304199219
,,,,,,PPE,,,,4NSTC,,DFGin,BLAminus,,4.732368140427166,,CDK12,CMGC_CDK12_HUMAN,,ATPlike,29,,,False,True,,1.5269277095794678,v9_addendum_comprehensive,103.62141418457033,118.80421447753906
,,,,,,SPE,,,,7P6PD,,DFGin,BLAminus,,2.492086366534884,,ROCK2,AGC_ROCK2_HUMAN,,Type1,29,,,False,True,,1.5279767513275146,v9_addendum_comprehensive,144.8846435546875,77.76765441894531
,,,,,,ALE,,,,7U99A,,DFGin,BLAminus,,4.561519896343976,,EGFR,TYR_EGFR_HUMAN,,Type1,30,,,False,True,,1.5298590660095217,v9_addendum_latent,85.48394012451172,41.01626586914063
,,,,,,ALE,,,,5CZIA,,DFGin,BLAminus,,4.535917585524643,,EGFR,TYR_EGFR_HUMAN,,No_ligand,30,,,False,True,,1.5316202640533447,v9_addendum_comprehensive,94.88089752197266,45.343109130859375
,,,,,,PPE,,,,1OL5A,,DFGin,BLAminus,,4.881038460332336,,AURKA,CAMK_AURKA_HUMAN,,ATPlike,26,,,False,True,,1.533627152442932,v9_addendum_latent,90.4388656616211,167.3063201904297
,,,,,,PPE,,,,5J87B,,DFGin,BLBplus,,4.284380067289918,,BTK,TYR_BTK_HUMAN,,Type1,29,,,False,True,,1.53782320022583,v9_addendum_latent,-15.504881858825684,-2.956960439682007
,,,,,,AIE,,,,2X2MA,,DFGin,BLAminus,,4.388380815213245,,RET,TYR_RET_HUMAN,,Type1,30,,,False,True,,1.538722276687622,v9_addendum_litsearch,67.73348236083984,39.906036376953125
,,,,,,AIE,,,,2X2MB,,DFGin,BLAminus,,4.381498104484245,,RET,TYR_RET_HUMAN,,Type1,30,,,False,True,,1.5392659902572632,v9_addendum_litsearch,65.48794555664062,40.498085021972656
,,,,,,PPE,,,,4NWMB,,DFGin,BLBplus,,4.327382211404642,,BTK,TYR_BTK_HUMAN,,Type1,29,,,False,True,,1.5405128002166748,v9_addendum_latent,-14.90665054321289,-2.0812697410583496
,,,,,,APE,,,,7KHKB,,DFGin,BLAminus,,4.511753541798486,,KIT,TYR_KIT_HUMAN,,Type1.5_Back,30,,,False,True,,1.5418013334274292,v9_addendum_comprehensive,56.96388626098633,36.347389221191406
,,,,,,PPE,,,,4BCIA,,DFGin,BLAminus,,4.775490130114354,,CDK9,CMGC_CDK9_HUMAN,,Type1,32,,,False,True,,1.542008876800537,v9_addendum_comprehensive,89.15506744384766,118.32951354980467
,,,,,,PPE,,,,6GR8A,,DFGin,ABAminus,,4.902294829204203,,AURKC,CAMK_AURKC_HUMAN,,Type1.5_Front,26,,,False,True,,1.5469090938568115,v9_addendum_latent,93.99779510498048,191.3526153564453
,,,,,,APE,,,,9R9GB,,DFGin,BLAminus,,5.509669713731643,,IRAK4,TKL_IRAK4_HUMAN,,Type1,30,,,False,True,,1.5473976135253906,v9_addendum_comprehensive,44.32045364379883,60.4799690246582
,,,,,,PPE,,,,4NWMA,,DFGin,BLBplus,,4.247192187678501,,BTK,TYR_BTK_HUMAN,,Type1,29,,,False,True,,1.547675371170044,v9_addendum_latent,-15.019880294799805,-2.8328797817230225
,,,,,,ALE,,,,8F1XA,,DFGin,BLAminus,,4.5922044374606825,,EGFR,TYR_EGFR_HUMAN,,Type1,30,,,False,True,,1.5482213497161863,v9_addendum_comprehensive,89.00712585449219,44.490360260009766
,,,,,,PPE,,,,5BPYA,,DFGin,BLBplus,,4.347535198549633,,BTK,TYR_BTK_HUMAN,,Type1,29,,,False,True,,1.5486592054367063,v9_addendum_comprehensive,-15.166475296020508,-3.474515438079834
,,,,,,ALE,,,,4G5JA,,DFGin,BLAminus,,4.527766538458174,,EGFR,TYR_EGFR_HUMAN,,"Type1,Allosteric,Allosteric",30,,,False,True,,1.551059007644653,v9_addendum_comprehensive,93.76641082763672,45.16912460327149
,,,,,,PPE,,,,4YHFA,,DFGin,BLBplus,,4.197480115002901,,BTK,TYR_BTK_HUMAN,,Type1.5_Back,29,,,False,True,,1.553034782409668,v9_addendum_latent,-14.404847145080566,-1.4009695053100586
,,,,,,ALE,,,,7T4JB,,DFGin,BLAminus,,4.628984788545069,,EGFR,TYR_EGFR_HUMAN,,Type1,30,,,False,True,,1.554872751235962,v9_addendum_latent,87.38887023925781,41.87536239624024
,,,,,,APE,,,,8YD9A,,DFGin,BLBminus,,4.6532123254703786,,MAPK14,CMGC_MAPK14_HUMAN,,Allosteric,25,,,False,True,,1.5551109313964844,v9_addendum_comprehensive,-38.258544921875,-4.923528671264648
,,,,,,ALE,,,,4JQ7A,,DFGin,BLAminus,,4.507282823136029,,EGFR,TYR_EGFR_HUMAN,,Type1,30,,,False,True,,1.5604231357574463,v9_addendum_comprehensive,88.11627960205078,44.44593811035156
,,,,,,ALE,,,,4I23A,,DFGin,BLAminus,,4.561861655582722,,EGFR,TYR_EGFR_HUMAN,,Type1,30,,,False,True,,1.5607832670211792,v9_addendum_comprehensive,91.92247772216795,43.07223129272461
,,,,,,APE,,,,8SE4A,,DFGin,ABAminus,,4.897986894804387,,PRKCB,AGC_PRKCB_HUMAN,,No_ligand,28,,,False,True,,1.5607911348342896,v9_addendum_comprehensive,134.50828552246094,93.09149932861328
,,,,,,ALE,,,,5XDKA,,DFGin,BLAminus,,4.588955837014659,,EGFR,TYR_EGFR_HUMAN,,Type1,30,,,False,True,,1.5633748769760132,v9_addendum_comprehensive,91.31182098388672,44.15188217163086
,,,,,,ALE,,,,4JQ8A,,DFGin,BLAminus,,4.502851169795657,,EGFR,TYR_EGFR_HUMAN,,Type1,30,,,False,True,,1.5641133785247805,v9_addendum_comprehensive,90.54499816894533,48.0389518737793
,,,,,,PPE,,,,3GENA,,DFGin,BLBplus,,4.181990017391119,,BTK,TYR_BTK_HUMAN,,Type1.5_Back,29,,,False,True,,1.5645904541015625,v9_addendum_comprehensive,-14.24500560760498,-2.8632287979125977
,,,,,,APE,,,,6UNSA,,DFGin,BLAminus,,7.977390070061869,,ACVR1,TKL_ACVR1_HUMAN,,Type1,32,,,False,True,,1.5660271644592283,v9_addendum_comprehensive,177.8827667236328,-38.157222747802734
,,,,,,APE,,,,8S1AA,,DFGin,BLAminus,,4.356686495987123,,KIT,TYR_KIT_HUMAN,,Type1,30,,,False,True,,1.5664904117584229,v9_addendum_comprehensive,71.87842559814453,32.58653259277344
,,,,,,APE,,,,8SE3A,,DFGin,ABAminus,,4.864942526049051,,PRKCB,AGC_PRKCB_HUMAN,,No_ligand,28,,,False,True,,1.5673494338989258,v9_addendum_comprehensive,132.77020263671875,94.10924530029295
,,,,,,AIE,,,,4CKIA,,DFGin,BLAminus,,4.381162583525824,,RET,TYR_RET_HUMAN,,Type1,30,,,False,True,,1.567497730255127,v9_addendum_litsearch,56.62271499633789,40.861270904541016
,,,,,,PPE,,,,4B8MB,,DFGin,ABAminus,,4.864042385984038,,AURKBA,CAMK_AURKBA_XENLA,,Type1,26,,,False,True,,1.568108081817627,v9_addendum_latent,88.26508331298828,163.74217224121094
,,,,,,PPE,,,,4CXAA,,DFGin,BLAminus,,4.703661962533742,,CDK12,CMGC_CDK12_HUMAN,,ATPlike,29,,,False,True,,1.5686681270599363,v9_addendum_comprehensive,81.71942901611328,98.03520965576172
,,,,,,PPE,,,,5JRSA,,DFGin,BLBplus,,4.305666123788502,,BTK,TYR_BTK_HUMAN,,Type1,29,,,False,True,,1.5693442821502686,v9_addendum_latent,-14.240589141845703,-2.186493158340454
,,,,,,ALE,,,,7AEIA,,DFGin,BLAminus,,4.5611995502736296,,EGFR,TYR_EGFR_HUMAN,,Type1,30,,,False,True,,1.5722943544387815,v9_addendum_comprehensive,92.86033630371094,45.14326095581055
,,,,,,ALE,,,,2EB2A,,DFGin,BLAminus,,4.553745154828228,,EGFR,TYR_EGFR_HUMAN,,No_ligand,30,,,False,True,,1.572509765625,v9_addendum_comprehensive,82.72468566894531,44.45508193969727
,,,,,,SPE,,,,9JCUB,,DFGout,None,,2.837072127614518,,ROCK2,AGC_ROCK2_HUMAN,,No_ligand,29,,,False,True,,1.5726535320281982,v9_addendum_comprehensive,153.451904296875,65.31139373779297
,,,,,,PPE,,,,4XI2A,,DFGin,BLBplus,,4.317012224846236,,BTK,TYR_BTK_MOUSE,,No_ligand,29,,,False,True,,1.5732682943344116,v9_addendum_latent,-14.026703834533691,-2.903050422668457
,,,,,,APE,,,,8SE1B,,DFGin,BLAminus,,4.936946623243929,,PRKCB,AGC_PRKCB_HUMAN,,ATPlike,28,,,False,True,,1.5733654499053955,v9_addendum_comprehensive,137.02584838867188,94.52845764160156
,,,,,,ALE,,,,7T4JA,,DFGin,BLAminus,,4.535544765076169,,EGFR,TYR_EGFR_HUMAN,,Type1,30,,,False,True,,1.573717474937439,v9_addendum_latent,93.38308715820312,44.17435836791992
,,,,,,PPE,,,,6TFPA,,DFGin,BLBplus,,4.322707299486896,,BTK,TYR_BTK_HUMAN,,Type1,29,,,False,True,,1.57639741897583,v9_addendum_latent,-15.524559020996094,-3.434156656265259
,,,,,,PPE,,,,4C2VB,,DFGin,ABAminus,,4.864616945405639,,AURKBA,CAMK_AURKBA_XENLA,,Type1.5_Front,26,,,False,True,,1.578228235244751,v9_addendum_latent,95.9969253540039,167.0838165283203
,,,,,,PPE,,,,4C2WB,,DFGin,ABAminus,,4.868706602127775,,AURKBA,CAMK_AURKBA_XENLA,,ATPlike,26,,,False,True,,1.578977108001709,v9_addendum_comprehensive,98.89134216308594,167.36390686035156
,,,,,,ALE,,,,8PNZA,,DFGin,BLAminus,,4.577619935624532,,EGFR,TYR_EGFR_HUMAN,,Type1,30,,,False,True,,1.5824754238128662,v9_addendum_comprehensive,89.68460083007812,43.9193229675293
,,,,,,PPE,,,,3ZTXB,,DFGin,ABAminus,,4.87596504809946,,AURKBA,CAMK_AURKBA_XENLA,,Type1,26,,,False,True,,1.5848731994628906,v9_addendum_latent,92.3978271484375,163.95101928710938
,,,,,,APE,,,,9R9GA,,DFGin,BLAminus,,5.522161163908837,,IRAK4,TKL_IRAK4_HUMAN,,Type1,30,,,False,True,,1.5850675106048584,v9_addendum_comprehensive,53.09002304077149,75.29366302490234
,,,,,,PPE,,,,3LQ5A,,DFGin,BLAminus,,4.7785452835305255,,CDK9,CMGC_CDK9_HUMAN,,Type1,32,,,False,True,,1.58561372756958,v9_addendum_comprehensive,86.00049591064453,118.5566864013672
,,,,,,PPE,,,,2VGOB,,DFGin,ABAminus,,4.880624783576441,,AURKBA,CAMK_AURKBA_XENLA,,Type1,26,,,False,True,,1.585782766342163,v9_addendum_comprehensive,91.41232299804688,171.16770935058594
,,,,,,SPE,,,,7P6OA,,DFGin,BLAminus,,2.924788817619929,,ROCK2,AGC_ROCK2_HUMAN,,Type1,29,,,False,True,,1.5861190557479858,v9_addendum_comprehensive,137.1303253173828,62.34965515136719
,,,,,,ALE,,,,1M14A,,DFGin,BLAminus,,4.533015471153736,,EGFR,TYR_EGFR_HUMAN,,No_ligand,30,,,False,True,,1.5865131616592407,v9_addendum_latent,93.62577056884766,48.4481201171875
,,,,,,SPE,,,,9KRJB,,DFGin,BLAminus,,7.12228305503141,,DYRK1A,CMGC_DYRK1A_MOUSE,,No_ligand,25,,,False,True,,1.586887240409851,v9_addendum_comprehensive,22.34439849853516,114.8005142211914
,,,,,,PPE,,,,6GR9A,,DFGin,ABAminus,,4.932225108232964,,AURKC,CAMK_AURKC_HUMAN,,Type1,26,,,False,True,,1.5890684127807615,v9_addendum_latent,105.75363159179688,185.05340576171875
,,,,,,PPE,,,,6Z3UB,,DFGin,ABAminus,,4.577066415887663,,CDK7,CMGC_CDK7_CHATD,,No_ligand,28,,,False,True,,1.5892510414123535,v9_addendum_comprehensive,64.54320526123047,107.66907501220705
,,,,,,ALE,,,,5JEBA,,DFGin,BLAminus,,4.500286504543191,,EGFR,TYR_EGFR_HUMAN,,Type1,30,,,False,True,,1.5894345045089722,v9_addendum_comprehensive,90.7744598388672,47.92687225341797
,,,,,,ALE,,,,7AEMA,,DFGin,BLAminus,,4.5800996975078,,EGFR,TYR_EGFR_HUMAN,,Type1,30,,,False,True,,1.5899107456207275,v9_addendum_latent,91.52105712890624,45.10507583618164
,,,,,,ALE,,,,7LGSB,,DFGin,BLAminus,,4.634164834861021,,EGFR,TYR_EGFR_HUMAN,,Type1,30,,,False,True,,1.589991569519043,v9_addendum_latent,89.04167938232422,43.71895980834961
,,,,,,ALE,,,,8H7XA,,DFGin,BLAminus,,4.51660019637019,,EGFR,TYR_EGFR_HUMAN,,Type1,30,,,False,True,,1.590193510055542,v9_addendum_latent,93.32579803466795,46.97201156616211
,,,,,,ALE,,,,8F1YA,,DFGin,BLAminus,,4.564863495784522,,EGFR,TYR_EGFR_HUMAN,,Type1,30,,,False,True,,1.5914924144744873,v9_addendum_latent,78.36962127685547,41.46129989624024
,,,,,,PPE,,,,5U9DA,,DFGin,BLBplus,,4.236282950457704,,BTK,TYR_BTK_HUMAN,,Type1,29,,,False,True,,1.5917640924453735,v9_addendum_latent,-13.773795127868652,-3.015904664993286
,,,,,,PPE,,,,6BKWA,,DFGin,BLBplus,,4.295526776358249,,BTK,TYR_BTK_HUMAN,,"Type1,Type1",29,,,False,True,,1.5929780006408691,v9_addendum_latent,-14.87051773071289,-3.2481157779693604
,,,,,,ALE,,,,3W2PA,,DFGin,BLAminus,,4.566233240860981,,EGFR,TYR_EGFR_HUMAN,,Type1.5_Front,30,,,False,True,,1.5942015647888184,v9_addendum_latent,89.13085174560547,45.36869430541992
,,,,,,ALE,,,,7T4IA,,DFGin,BLAminus,,4.590872319112453,,EGFR,TYR_EGFR_HUMAN,,Type1,30,,,False,True,,1.5943758487701416,v9_addendum_comprehensive,90.6958465576172,44.37708282470703
,,,,,,APE,,,,9NC2A,,DFGin,BLAminus,,3.718031219213025,,MAP4K1,STE_MAP4K1_HUMAN,,Type1,28,,,False,True,,1.594552755355835,v9_addendum_comprehensive,8.39598274230957,-151.27288818359375
,,,,,,PPE,,,,7N5OA,,DFGin,BLBplus,,4.2094652466777465,,BTK,TYR_BTK_HUMAN,,Type1,29,,,False,True,,1.5950219631195068,v9_addendum_latent,-13.653298377990724,-3.463233232498169
,,,,,,ALE,,,,8HV3A,,DFGin,BLAminus,,4.629085288956606,,EGFR,TYR_EGFR_HUMAN,,"Allosteric,Type1",30,,,False,True,,1.595892071723938,v9_addendum_latent,84.68870544433594,42.39176177978516
,,,,,,PPE,,,,6HRTA,,DFGin,BLBplus,,4.209881799054588,,BTK,TYR_BTK_HUMAN,,Type1,29,,,False,True,,1.5968677997589111,v9_addendum_comprehensive,-14.972750663757324,-2.2699296474456787
,,,,,,PPE,,,,3UODA,,DFGin,ABAminus,,4.872000493630017,,AURKA,CAMK_AURKA_HUMAN,,Type1,26,,,False,True,,1.5973424911499023,v9_addendum_latent,25.92639923095703,42.67401123046875
,,,,,,PPE,,,,8U2DA,,DFGin,BLBplus,,4.228331313973231,,BTK,TYR_BTK_HUMAN,,Type1,29,,,False,True,,1.5976738929748535,v9_addendum_latent,-14.170774459838867,-2.380053997039795
,,,,,,ALE,,,,7LGSC,,DFGin,BLAminus,,4.562322357558998,,EGFR,TYR_EGFR_HUMAN,,Type1,30,,,False,True,,1.5983023643493652,v9_addendum_latent,88.8370590209961,44.2508544921875
,,,,,,APE,,,,7KHJA,,DFGin,BLAminus,,4.33181689965317,,KIT,TYR_KIT_HUMAN,,Type1,30,,,False,True,,1.5985171794891355,v9_addendum_comprehensive,78.59386444091797,39.25265502929688
,,,,,,PPE,,,,6TFPB,,DFGin,BLBplus,,4.275027390177978,,BTK,TYR_BTK_HUMAN,,Type1,29,,,False,True,,1.5991942882537842,v9_addendum_latent,-15.286612510681152,-2.4841465950012207
,,,,,,PPE,,,,2VGPB,,DFGin,ABAminus,,4.873691841662462,,AURKBA,CAMK_AURKBA_XENLA,,Type1,26,,,False,True,,1.600500226020813,v9_addendum_comprehensive,88.96643829345703,167.16749572753906
,,,,,,PPE,,,,6TFPC,,DFGin,BLBplus,,4.278809254167014,,BTK,TYR_BTK_HUMAN,,Type1,29,,,False,True,,1.6008580923080444,v9_addendum_latent,-15.116092681884766,-2.9990689754486084
,,,,,,PPE,,,,5ZZ4C,,DFGin,BLBplus,,4.278087026179335,,BTK,TYR_BTK_HUMAN,,Type1,29,,,False,True,,1.6010286808013916,v9_addendum_comprehensive,-15.725747108459473,-3.630492925643921
,,,,,,ALE,,,,2GS2A,,DFGin,BLAminus,,4.580302537696595,,EGFR,TYR_EGFR_HUMAN,,No_ligand,30,,,False,True,,1.6014796495437622,v9_addendum_comprehensive,88.47689056396484,42.83614730834961
,,,,,,PPE,,,,4YHFB,,DFGin,BLBplus,,4.261424876160644,,BTK,TYR_BTK_HUMAN,,Type1.5_Back,29,,,False,True,,1.6015089750289917,v9_addendum_latent,-15.480191230773926,-0.6791218519210815
,,,,,,PPE,,,,7KXMA,,DFGin,BLBplus,,4.208561960311827,,BTK,TYR_BTK_HUMAN,,Type1,29,,,False,True,,1.6016989946365356,v9_addendum_comprehensive,-15.179705619812012,-2.804627180099488
,,,,,,PPE,,,,6TFPD,,DFGin,BLBplus,,4.414611275603938,,BTK,TYR_BTK_HUMAN,,Type1,29,,,False,True,,1.6035146713256836,v9_addendum_comprehensive,-13.748383522033691,-0.7739635705947876
,,,,,,ALE,,,,8HV5A,,DFGin,BLAminus,,4.620337235032172,,EGFR,TYR_EGFR_HUMAN,,"Allosteric,Type1",30,,,False,True,,1.603722095489502,v9_addendum_latent,85.81158447265625,44.0920524597168
,,,,,,PPE,,,,4ZLZA,,DFGin,BLBplus,,4.212110017659598,,BTK,TYR_BTK_HUMAN,,Type1,29,,,False,True,,1.6037970781326294,v9_addendum_latent,-13.826966285705566,-3.782866954803467
,,,,,,PPE,,,,7LTZA,,DFGin,BLBplus,,4.209873388771635,,BTK,TYR_BTK_HUMAN,,Type1,29,,,False,True,,1.6042771339416504,v9_addendum_comprehensive,-15.07228183746338,-2.4199025630950928
,,,,,,PPE,,,,6X3PA,,DFGin,BLBplus,,4.204854660310477,,BTK,TYR_BTK_HUMAN,,"Type1.5_Front,Allosteric,Type1",29,,,False,True,,1.6047813892364502,v9_addendum_latent,-14.88239860534668,-2.849644184112549
,,,,,,ALE,,,,4WD5A,,DFGin,BLAminus,,4.544078437414875,,EGFR,TYR_EGFR_HUMAN,,Type1,30,,,False,True,,1.6059634685516355,v9_addendum_comprehensive,95.50786590576172,47.19914245605469
,,,,,,PPE,,,,6HRPA,,DFGin,BLBplus,,4.2179601250856775,,BTK,TYR_BTK_HUMAN,,Type1,29,,,False,True,,1.6061550378799438,v9_addendum_comprehensive,-14.494675636291504,-2.192124366760254
,,,,,,PPE,,,,3UO4A,,DFGin,BLAminus,,4.877940048725149,,AURKA,CAMK_AURKA_HUMAN,,Type1,26,,,False,True,,1.606761455535889,v9_addendum_litsearch,21.808204650878903,43.50236129760742
,,,,,,ALE,,,,3UG1A,,DFGin,BLAminus,,4.59247758780647,,EGFR,TYR_EGFR_HUMAN,,No_ligand,30,,,False,True,,1.6069188117980957,v9_addendum_comprehensive,84.14246368408203,42.43295669555664
,,,,,,PPE,,,,6Z4XE,,DFGin,None,,4.587299149026355,,CDK7,CMGC_CDK7_CHATD,,ATPlike,28,,,False,True,,1.6070023775100708,v9_addendum_comprehensive,67.04500579833984,108.53665161132812
,,,,,,PPE,,,,5P9IA,,DFGin,BLBplus,,4.206409586501346,,BTK,TYR_BTK_HUMAN,,Type1.5_Back,29,,,False,True,,1.6075685024261477,v9_addendum_latent,-14.05517578125,-2.3245482444763184
,,,,,,APE,,,,9HJ0J,,DFGin,BLAminus,,4.725449432523238,,CDK7,CMGC_CDK7_HUMAN,,Type1,28,,,False,True,,1.6080889701843262,v9_addendum_latent,60.29733276367188,109.20478057861328
,,,,,,AIE,,,,6I82A,,DFGin,BLAminus,,4.293257732748351,,RET,TYR_RET_HUMAN,,Type1,30,,,False,True,,1.608605146408081,v9_addendum_litsearch,-3.1391851902008057,83.1072006225586
,,,,,,PPE,,,,8FLLA,,DFGin,BLBplus,,4.297656296496489,,BTK,TYR_BTK_HUMAN,,"Type1.5_Front,Allosteric",29,,,False,True,,1.6092774868011477,v9_addendum_latent,-13.940732955932615,-1.5111873149871826
,,,,,,ALE,,,,4JRVA,,DFGin,BLAminus,,4.532902905052565,,EGFR,TYR_EGFR_HUMAN,,Type1,30,,,False,True,,1.6095871925354004,v9_addendum_comprehensive,86.35879516601562,44.767539978027344
,,,,,,PPE,,,,5J87D,,DFGin,BLBplus,,4.255254722788346,,BTK,TYR_BTK_HUMAN,,Type1,29,,,False,True,,1.6097389459609983,v9_addendum_latent,-13.886079788208008,-2.6386537551879883
,,,,,,PPE,,,,5J87C,,DFGin,BLBplus,,4.215128729225362,,BTK,TYR_BTK_HUMAN,,Type1,29,,,False,True,,1.6099679470062256,v9_addendum_comprehensive,-13.92511749267578,-2.9180150032043457
,,,,,,PPE,,,,6X3OB,,DFGin,BLBplus,,4.188819802334863,,BTK,TYR_BTK_HUMAN,,"Type1.5_Front,Allosteric",29,,,False,True,,1.6104798316955566,v9_addendum_comprehensive,-14.379345893859863,-2.852722406387329
,,,,,,APE,,,,9NC2B,,DFGin,BLAminus,,3.7615094849534887,,MAP4K1,STE_MAP4K1_HUMAN,,Type1,28,,,False,True,,1.611175298690796,v9_addendum_comprehensive,8.138250350952148,-153.49673461914062
,,,,,,PPE,,,,6W7OB,,DFGin,BLBplus,,4.181476685080451,,BTK,TYR_BTK_HUMAN,,Type1.5_Back,29,,,False,True,,1.61150324344635,v9_addendum_latent,-15.196545600891112,-3.294949769973755
,,,,,,PPE,,,,5K3YB,,DFGin,ABAminus,,4.858031107650806,,AURKBA,CAMK_AURKBA_XENLA,,Type1,26,,,False,True,,1.6119279861450195,v9_addendum_latent,94.90594482421876,171.4268341064453
,,,,,,PPE,,,,5EYKB,,DFGin,ABAminus,,4.838603314535858,,AURKBA,CAMK_AURKBA_XENLA,,Type1,26,,,False,True,,1.6129348278045654,v9_addendum_comprehensive,97.30876159667967,169.344482421875
,,,,,,PPE,,,,6TFPE,,DFGin,BLBplus,,4.255129228811082,,BTK,TYR_BTK_HUMAN,,Type1,29,,,False,True,,1.6130943298339844,v9_addendum_comprehensive,-14.410351753234863,-2.7554543018341064
,,,,,,APE,,,,9QCVK,,DFGin,BLAminus,,4.637129265954302,,CDK2,CMGC_CDK2_HUMAN,,ATPlike,28,,,False,True,,1.6133592128753662,v9_addendum_comprehensive,48.8265380859375,44.38223648071289
,,,,,,PPE,,,,7JV7A,,DFGin,BLAminus,,4.704471130049262,,CTK1,CMGC_CTK1_YEAST,,No_ligand,27,,,False,True,,1.6135761737823486,v9_addendum_comprehensive,74.66290283203125,138.58033752441406
,,,,,,PPE,,,,8FLGA,,DFGin,BLBplus,,4.178973502097884,,BTK,TYR_BTK_HUMAN,,Type1,29,,,False,True,,1.6136085987091064,v9_addendum_latent,-13.382410049438477,-3.3318135738372803
,,,,,,PPE,,,,5J87A,,DFGin,BLBplus,,4.32301235012952,,BTK,TYR_BTK_HUMAN,,Type1,29,,,False,True,,1.613933563232422,v9_addendum_latent,-14.555350303649902,-2.691847085952759
,,,,,,PPE,,,,8E2MA,,DFGin,BLBplus,,4.199407709327832,,BTK,TYR_BTK_HUMAN,,Type1.5_Back,29,,,False,True,,1.6142901182174685,v9_addendum_comprehensive,-13.770368576049805,-2.0962250232696533
,,,,,,PPE,,,,6DI0A,,DFGin,BLBplus,,4.197548576863059,,BTK,TYR_BTK_HUMAN,,Type1,29,,,False,True,,1.6155891418457031,v9_addendum_comprehensive,-13.920098304748535,-2.5587282180786133
,,,,,,ALE,,,,4WRGA,,DFGin,BLAminus,,4.582412096420953,,EGFR,TYR_EGFR_HUMAN,,No_ligand,30,,,False,True,,1.6156200170516968,v9_addendum_latent,94.89295959472656,45.45188903808594
,,,,,,PPE,,,,4RFYA,,DFGin,BLBplus,,4.218757445817398,,BTK,TYR_BTK_HUMAN,,Type1,29,,,False,True,,1.6158255338668823,v9_addendum_latent,-13.977221488952637,-1.7501499652862549
,,,,,,PPE,,,,6Z3UE,,DFGin,ABAminus,,4.571776170206877,,CDK7,CMGC_CDK7_CHATD,,No_ligand,28,,,False,True,,1.616098403930664,v9_addendum_comprehensive,65.33855438232422,107.71580505371094
,,,,,,SPE,,,,7P6OG,,DFGin,BLAminus,,2.721076277407093,,ROCK2,AGC_ROCK2_HUMAN,,Type1.5_Front,29,,,False,True,,1.616952657699585,v9_addendum_comprehensive,140.963623046875,66.10884094238281
,,,,,,PPE,,,,6DI1A,,DFGin,BLBplus,,4.199878485990351,,BTK,TYR_BTK_HUMAN,,Type1,29,,,False,True,,1.617198824882507,v9_addendum_comprehensive,-14.03249740600586,-2.44344449043274
,,,,,,ALE,,,,7LGSD,,DFGin,BLAminus,,4.5754323954384,,EGFR,TYR_EGFR_HUMAN,,Type1,30,,,False,True,,1.617832899093628,v9_addendum_latent,87.07794952392578,43.42189025878906
,,,,,,APE,,,,8SE4B,,DFGin,ABAminus,,4.928563899292148,,PRKCB,AGC_PRKCB_HUMAN,,Type1,28,,,False,True,,1.6190037727355957,v9_addendum_comprehensive,131.12368774414062,97.69393157958984
,,,,,,APE,,,,8SE2A,,DFGin,ABAminus,,4.900415683038381,,PRKCB,AGC_PRKCB_HUMAN,,No_ligand,28,,,False,True,,1.6198816299438477,v9_addendum_comprehensive,132.59811401367188,89.27874755859375
,,,,,,PPE,,,,6DI5A,,DFGin,BLBplus,,4.182978958190964,,BTK,TYR_BTK_HUMAN,,Type1.5_Back,29,,,False,True,,1.620671272277832,v9_addendum_comprehensive,-13.857850074768066,-2.1951680183410645
,,,,,,PPE,,,,6EP9A,,DFGin,BLBplus,,4.239573508128754,,BTK,TYR_BTK_HUMAN,,Type1,29,,,False,True,,1.6206721067428589,v9_addendum_latent,-14.825414657592772,-2.3893368244171143
,,,,,,APE,,,,8SCVA,,DFGin,BLAminus,,5.483193685943939,,IRAK4,TKL_IRAK4_HUMAN,,Type1,30,,,False,True,,1.6214120388031006,v9_addendum_comprehensive,68.73641204833984,70.38079833984375
,,,,,,PPE,,,,5ZZ4A,,DFGin,BLBplus,,4.303828739424957,,BTK,TYR_BTK_HUMAN,,Type1,29,,,False,True,,1.6214823722839355,v9_addendum_latent,-15.0678129196167,-2.8676109313964844
,,,,,,PPE,,,,2BFYB,,DFGin,ABAminus,,4.843539929404454,,AURKBA,CAMK_AURKBA_XENLA,,Type1,26,,,False,True,,1.6215667724609375,v9_addendum_latent,96.85585021972656,172.06851196289062
,,,,,,ALE,,,,4G5PA,,DFGin,BLAminus,,4.599096226035574,,EGFR,TYR_EGFR_HUMAN,,Type1,30,,,False,True,,1.621927261352539,v9_addendum_latent,87.95966339111328,42.24817657470703
,,,,,,ALE,,,,4RIYD,,DFGin,None,,4.519756598216373,,EGFR,TYR_EGFR_HUMAN,,ATPlike,30,,,False,True,,1.6223647594451904,v9_addendum_comprehensive,88.46060180664062,43.593597412109375
,,,,,,ALE,,,,5HG8A,,DFGout,BBAminus,,4.537836055299129,,EGFR,TYR_EGFR_HUMAN,,Type1,30,,,False,True,,1.6225671768188477,v9_addendum_latent,93.70557403564452,46.07869338989258
,,,,,,PPE,,,,8U2EA,,DFGin,BLBplus,,4.22609556663746,,BTK,TYR_BTK_HUMAN,,Type1,29,,,False,True,,1.6232008934020996,v9_addendum_latent,-14.95189094543457,-3.4392216205596924
,,,,,,PPE,,,,7KXQA,,DFGin,BLBplus,,4.262607323517009,,BTK,TYR_BTK_HUMAN,,Type1,29,,,False,True,,1.6237542629241943,v9_addendum_comprehensive,-15.365398406982422,-1.3023338317871094
,,,,,,ALE,,,,3IKAA,,DFGin,ABAminus,,4.530616324318946,,EGFR,TYR_EGFR_HUMAN,,Type1,30,,,False,True,,1.6242966651916504,v9_addendum_latent,91.87682342529295,44.234561920166016
,,,,,,ALE,,,,3W2OA,,DFGin,BLAminus,,4.55773660649886,,EGFR,TYR_EGFR_HUMAN,,Type1.5_Front,30,,,False,True,,1.6243104934692385,v9_addendum_latent,85.7847671508789,43.52955627441406
,,,,,,ALE,,,,4I21B,,DFGout,None,,4.519102435378944,,EGFR,TYR_EGFR_HUMAN,,No_ligand,30,,,False,True,,1.624819278717041,v9_addendum_comprehensive,86.53934478759766,42.20830154418945
,,,,,,ALE,,,,7SI1A,,DFGin,BLAminus,,4.592902344081327,,EGFR,TYR_EGFR_HUMAN,,No_ligand,30,,,False,True,,1.6250264644622805,v9_addendum_comprehensive,88.65315246582031,41.86625289916992
,,,,,,PPE,,,,4DEAA,,DFGin,ABAminus,,4.893697215319845,,AURKA,CAMK_AURKA_HUMAN,,Type1,26,,,False,True,,1.6257379055023191,v9_addendum_comprehensive,24.522933959960938,42.97915649414063
,,,,,,PPE,,,,5P9GA,,DFGin,BLBplus,,4.214851639727667,,BTK,TYR_BTK_HUMAN,,Type1,29,,,False,True,,1.6267293691635132,v9_addendum_latent,-14.94650173187256,-2.1436755657196045
,,,,,,ALE,,,,9GHTA,,DFGin,BLAminus,,4.525847285120793,,EGFR,TYR_EGFR_HUMAN,,Type1,30,,,False,True,,1.6270467042922974,v9_addendum_latent,89.24112701416016,44.25510025024414
,,,,,,PPE,,,,5OROA,,DFGin,BLAminus,,4.86443709355888,,AURKA,CAMK_AURKA_HUMAN,,"ATPlike,Allosteric",26,,,False,True,,1.6270971298217771,v9_addendum_litsearch,30.90130043029785,36.97703170776367
,,,,,,PPE,,,,6Z4XB,,DFGin,None,,4.594489311263562,,CDK7,CMGC_CDK7_CHATD,,ATPlike,28,,,False,True,,1.6271706819534302,v9_addendum_comprehensive,64.85113525390625,106.19219970703124
,,,,,,ALE,,,,2JIUA,,DFGin,BLAminus,,4.564857695501147,,EGFR,TYR_EGFR_HUMAN,,Type1,30,,,False,True,,1.627795934677124,v9_addendum_comprehensive,89.02054595947266,43.58763122558594
,,,,,,ALE,,,,9BY4A,,DFGin,BLAminus,,4.566966060554707,,EGFR,TYR_EGFR_HUMAN,,"Allosteric,Type1,Allosteric,Type1",30,,,False,True,,1.6280605792999268,v9_addendum_latent,91.4044952392578,43.978981018066406
,,,,,,APE,,,,9CKOA,,DFGin,ABAminus,,4.1886094895215615,,GRK5,AGC_GRK5_HUMAN,,Type1,27,,,False,True,,1.6288394927978516,v9_addendum_comprehensive,145.4349365234375,162.3323974609375
,,,,,,ALE,,,,2J6MA,,DFGin,BLAminus,,4.524823207133453,,EGFR,TYR_EGFR_HUMAN,,Type1,30,,,False,True,,1.6293184757232666,v9_addendum_latent,78.54350280761719,41.333526611328125
,,,,,,PPE,,,,4RFZA,,DFGin,BLBplus,,4.238168966654469,,BTK,TYR_BTK_HUMAN,,Type1,29,,,False,True,,1.629361867904663,v9_addendum_latent,-14.993216514587402,-1.1940138339996338
,,,,,,PPE,,,,6BKHA,,DFGin,BLBplus,,4.316862729107353,,BTK,TYR_BTK_HUMAN,,Type1,29,,,False,True,,1.6297118663787842,v9_addendum_comprehensive,-14.769049644470217,-3.956697225570679
,,,,,,PPE,,,,4OT6A,,DFGin,BLBplus,,4.21899326195246,,BTK,TYR_BTK_HUMAN,,Type1,29,,,False,True,,1.629923939704895,v9_addendum_latent,-13.8666410446167,-1.299324870109558
,,,,,,PPE,,,,5P9KA,,DFGin,BLBplus,,4.198322671771645,,BTK,TYR_BTK_HUMAN,,Type1,29,,,False,True,,1.6302028894424438,v9_addendum_comprehensive,-13.731203079223633,-2.684048652648926
,,,,,,AIE,,,,6I82B,,DFGin,BLAminus,,4.3505910958882845,,RET,TYR_RET_HUMAN,,Type1,30,,,False,True,,1.6309678554534912,v9_addendum_litsearch,67.50931549072266,37.54450225830078
,,,,,,PPE,,,,5ORNA,,DFGin,BLAminus,,4.864486859347631,,AURKA,CAMK_AURKA_HUMAN,,"ATPlike,Allosteric",26,,,False,True,,1.632697582244873,v9_addendum_latent,28.215030670166016,36.62451553344727
,,,,,,PPE,,,,6BLNA,,DFGin,BLBplus,,4.319417007247042,,BTK,TYR_BTK_HUMAN,,Type1,29,,,False,True,,1.633061408996582,v9_addendum_latent,-14.77468204498291,-3.762274742126465
,,,,,,ALE,,,,4ZJVA,,DFGout,BBAminus,,4.53701366566453,,EGFR,TYR_EGFR_HUMAN,,No_ligand,30,,,False,True,,1.6331329345703125,v9_addendum_comprehensive,88.8077392578125,42.62734222412109
,,,,,,PPE,,,,6OMUA,,DFGin,BLBplus,,4.201492128669652,,BTK,TYR_BTK_HUMAN,,Type1.5_Back,29,,,False,True,,1.6337714195251465,v9_addendum_comprehensive,-13.736539840698242,-3.319236516952514
,,,,,,PPE,,,,8EJBA,,DFGin,BLBplus,,4.225558245224155,,BTK,TYR_BTK_HUMAN,,"Type1,Allosteric",29,,,False,True,,1.6337852478027344,v9_addendum_comprehensive,-15.130783081054688,-3.994168519973755
,,,,,,PPE,,,,6N9PA,,DFGin,BLBplus,,4.211682919893104,,BTK,TYR_BTK_HUMAN,,Type1.5_Back,29,,,False,True,,1.633967399597168,v9_addendum_latent,-13.834874153137209,-1.7800359725952148
,,,,,,PPE,,,,7KXNA,,DFGin,BLBplus,,4.235617972137015,,BTK,TYR_BTK_HUMAN,,Type1,29,,,False,True,,1.6353399753570557,v9_addendum_latent,-14.233135223388672,-1.1368449926376345
,,,,,,PPE,,,,7L5PB,,DFGin,BLBplus,,4.269152157364252,,BTK,TYR_BTK_HUMAN,,Type1.5_Back,29,,,False,True,,1.6356526613235474,v9_addendum_comprehensive,-15.287714958190918,-0.2559519410133362
,,,,,,APE,,,,9S9TA,,DFGin,None,,4.9515092985304685,,PRKCB,AGC_PRKCB_HUMAN,,Type1,28,,,False,True,,1.635877251625061,v9_addendum_comprehensive,141.1384735107422,104.10059356689452
,,,,,,PPE,,,,7L5OA,,DFGin,BLBplus,,4.207320758504882,,BTK,TYR_BTK_HUMAN,,Type1.5_Back,29,,,False,True,,1.6362756490707395,v9_addendum_latent,-13.580801963806152,-2.39359712600708
,,,,,,PPE,,,,5VGOA,,DFGin,BLBplus,,4.3216282082260085,,BTK,TYR_BTK_HUMAN,,Type1,29,,,False,True,,1.637394666671753,v9_addendum_latent,-15.306760787963867,-3.724876165390015
,,,,,,PPE,,,,4OTFA,,DFGin,BLBplus,,4.312183813348073,,BTK,TYR_BTK_HUMAN,,Type1,29,,,False,True,,1.6374703645706177,v9_addendum_latent,-15.474373817443848,-3.716116189956665
,,,,,,ALE,,,,7LGSA,,DFGin,BLAminus,,4.631765698714133,,EGFR,TYR_EGFR_HUMAN,,Type1,30,,,False,True,,1.6378618478775024,v9_addendum_comprehensive,93.66620635986328,44.86279296875
,,,,,,PPE,,,,4RX5A,,DFGin,BLBplus,,4.33251156371137,,BTK,TYR_BTK_HUMAN,,Type1,29,,,False,True,,1.6387171745300293,v9_addendum_comprehensive,-15.10547924041748,-2.391967535018921
,,,,,,ALE,,,,8TJLA,,DFGin,BLAminus,,4.563272873644785,,EGFR,TYR_EGFR_HUMAN,,Type1,30,,,False,True,,1.638774871826172,v9_addendum_latent,78.37167358398438,40.66717147827149
,,,,,,PPE,,,,7KXOA,,DFGin,BLBplus,,4.242863893082564,,BTK,TYR_BTK_HUMAN,,Type1,29,,,False,True,,1.6393210887908936,v9_addendum_comprehensive,-15.190906524658203,-1.45501446723938
,,,,,,PPE,,,,5ORZA,,DFGin,BLAminus,,4.863525272847396,,AURKA,CAMK_AURKA_HUMAN,,"ATPlike,Allosteric",26,,,False,True,,1.639517068862915,v9_addendum_litsearch,30.33012580871582,38.87848663330078
,,,,,,ALE,,,,8F1HA,,DFGin,BLAminus,,4.587731738770576,,EGFR,TYR_EGFR_HUMAN,,Type1,30,,,False,True,,1.639789342880249,v9_addendum_comprehensive,91.47834014892578,44.27001953125
,,,,,,ALE,,,,3VJNA,,DFGin,BLAminus,,4.536727487026987,,EGFR,TYR_EGFR_HUMAN,,ATPlike,30,,,False,True,,1.6406362056732178,v9_addendum_comprehensive,88.66507720947266,46.971099853515625
,,,,,,APE,,,,9EJLB,,DFGin,BLAminus,,4.612590449968118,,PRKCI,AGC_PRKCI_HUMAN,,No_ligand,28,,,False,True,,1.641791582107544,v9_addendum_comprehensive,148.67662048339844,101.3839340209961
,,,,,,ALE,,,,8D73B,,DFGin,BLAminus,,4.555316194991425,,EGFR,TYR_EGFR_HUMAN,,Type1.5_Back,30,,,False,True,,1.6420130729675293,v9_addendum_comprehensive,93.41680908203124,44.09176254272461
,,,,,,ALE,,,,5HG5A,,DFGout,BBAminus,,4.544457528152823,,EGFR,TYR_EGFR_HUMAN,,Type1,30,,,False,True,,1.6427936553955078,v9_addendum_latent,91.10700988769533,43.62760925292969
,,,,,,ALE,,,,4TKSA,,DFGin,BLAminus,,4.540775625595283,,EGFR,TYR_EGFR_HUMAN,,No_ligand,30,,,False,True,,1.6440207958221436,v9_addendum_latent,89.69400024414062,42.53650665283203
,,,,,,ALE,,,,2GS6A,,DFGin,BLAminus,,4.539844587177766,,EGFR,TYR_EGFR_HUMAN,,No_ligand,30,,,False,True,,1.645117998123169,v9_addendum_latent,91.0838851928711,45.02492141723633
,,,,,,ALE,,,,8HV8A,,DFGin,BLAminus,,4.620918558868109,,EGFR,TYR_EGFR_HUMAN,,"Allosteric,Type1",30,,,False,True,,1.6457622051239014,v9_addendum_latent,82.90296173095703,42.49293899536133
,,,,,,PPE,,,,6AUAA,,DFGin,BLBplus,,4.314584557663185,,BTK,TYR_BTK_HUMAN,,Type1,29,,,False,True,,1.6457890272140503,v9_addendum_latent,-15.789718627929688,-3.977572679519653
,,,,,,PPE,,,,6X3OA,,DFGin,BLBplus,,4.207055185942942,,BTK,TYR_BTK_HUMAN,,"Type1.5_Front,Allosteric",29,,,False,True,,1.646158218383789,v9_addendum_latent,-14.647224426269531,-1.9660239219665527
,,,,,,ALE,,,,4RIXD,,DFGin,None,,4.542273052007907,,EGFR,TYR_EGFR_HUMAN,,ATPlike,30,,,False,True,,1.646186351776123,v9_addendum_comprehensive,88.8853530883789,45.3867301940918
,,,,,,PPE,,,,7R60A,,DFGin,BLBplus,,4.16828768861614,,BTK,TYR_BTK_HUMAN,,Type1.5_Back,29,,,False,True,,1.6468099355697632,v9_addendum_comprehensive,-13.790164947509766,-2.215686321258545
,,,,,,ALE,,,,4I21A,,DFGout,None,,4.521574654627556,,EGFR,TYR_EGFR_HUMAN,,No_ligand,30,,,False,True,,1.6469146013259888,v9_addendum_comprehensive,83.4878921508789,41.34096908569336
,,,,,,APE,,,,7KHKA,,DFGin,BLAminus,,4.324550893116362,,KIT,TYR_KIT_HUMAN,,Type1,30,,,False,True,,1.647349834442139,v9_addendum_comprehensive,73.3381576538086,38.83005905151367
,,,,,,PPE,,,,4OT5A,,DFGin,BLBplus,,4.220655426568686,,BTK,TYR_BTK_HUMAN,,Type1,29,,,False,True,,1.6485329866409302,v9_addendum_latent,-15.122711181640623,-0.9486923217773438
,,,,,,ALE,,,,8HV9A,,DFGin,BLAminus,,4.646756443742402,,EGFR,TYR_EGFR_HUMAN,,"Allosteric,Type1",30,,,False,True,,1.6490119695663452,v9_addendum_latent,83.34857177734375,43.22464370727539
,,,,,,ALE,,,,7JXHH,,DFGin,None,,4.488616084979867,,ERBB2,TYR_ERBB2_HUMAN,,Type1.5_Back,30,,,False,True,,1.6491779088974,v9_addendum_latent,85.84454345703125,50.62534713745117
,,,,,,PPE,,,,5ORWA,,DFGin,BLAminus,,4.87118497265542,,AURKA,CAMK_AURKA_HUMAN,,"ATPlike,Allosteric",26,,,False,True,,1.6510059833526611,v9_addendum_litsearch,29.19624900817871,38.62907028198242
,,,,,,PPE,,,,6BIKA,,DFGin,BLBplus,,4.305819826661842,,BTK,TYR_BTK_HUMAN,,Type1,29,,,False,True,,1.6511908769607544,v9_addendum_latent,-15.443107604980469,-3.31483006477356
,,,,,,PPE,,,,5VFIA,,DFGin,BLBplus,,4.247920523448868,,BTK,TYR_BTK_HUMAN,,Type1,29,,,False,True,,1.6513700485229492,v9_addendum_comprehensive,-15.635638236999512,-2.2981107234954834
,,,,,,PPE,,,,6AUBA,,DFGin,BLBplus,,4.307653492473665,,BTK,TYR_BTK_HUMAN,,Type1,29,,,False,True,,1.652228593826294,v9_addendum_latent,-15.40396785736084,-3.9374301433563232
,,,,,,PPE,,,,4CXAC,,DFGin,BLAminus,,4.710586129717572,,CDK12,CMGC_CDK12_HUMAN,,No_ligand,29,,,False,True,,1.6522976160049438,v9_addendum_latent,80.52424621582031,101.25000762939452
,,,,,,PPE,,,,4OTQA,,DFGin,BLBplus,,4.228988409327672,,BTK,TYR_BTK_HUMAN,,Type1,29,,,False,True,,1.652733564376831,v9_addendum_latent,-14.75411891937256,-1.1512455940246582
,,,,,,PPE,,,,6S90A,,DFGin,BLBplus,,4.372321974731629,,BTK,TYR_BTK_HUMAN,,Type1,29,,,False,True,,1.653429388999939,v9_addendum_comprehensive,-15.115617752075195,-2.4819343090057373
,,,,,,PPE,,,,5ZZ4B,,DFGin,BLBplus,,4.278332382204126,,BTK,TYR_BTK_HUMAN,,Type1,29,,,False,True,,1.6534903049468994,v9_addendum_latent,-14.797428131103516,-3.011028289794922
,,,,,,PPE,,,,3UP7A,,DFGin,BLAminus,,4.872362231358529,,AURKA,CAMK_AURKA_HUMAN,,Type1,26,,,False,True,,1.6537649631500244,v9_addendum_latent,24.32060813903809,36.06257247924805
,,,,,,PPE,,,,5OS5A,,DFGin,BLAminus,,4.888238522847729,,AURKA,CAMK_AURKA_HUMAN,,"ATPlike,Allosteric",26,,,False,True,,1.6549186706542969,v9_addendum_litsearch,29.24641799926757,37.770755767822266
,,,,,,PPE,,,,6J6MA,,DFGin,BLBplus,,4.1890250144572105,,BTK,TYR_BTK_HUMAN,,Type1.5_Back,29,,,False,True,,1.654937982559204,v9_addendum_latent,-13.5838041305542,-3.3872628211975098
,,,,,,ALE,,,,6JZ0A,,DFGin,BLAminus,,4.545268980512519,,EGFR,TYR_EGFR_HUMAN,,Type1,30,,,False,True,,1.6580060720443726,v9_addendum_latent,91.72808074951172,42.474388122558594
,,,,,,PPE,,,,6BKEA,,DFGin,BLBplus,,4.356698828001912,,BTK,TYR_BTK_HUMAN,,Type1,29,,,False,True,,1.658053636550903,v9_addendum_latent,-14.786900520324709,-4.3153510093688965
,,,,,,ALE,,,,4I20A,,DFGout,None,,4.515858722450415,,EGFR,TYR_EGFR_HUMAN,,No_ligand,30,,,False,True,,1.6587636470794678,v9_addendum_comprehensive,89.29898071289062,42.94987487792969
,,,,,,ALE,,,,5X26A,,DFGin,BLAminus,,4.5579380230570825,,EGFR,TYR_EGFR_HUMAN,,Type1,30,,,False,True,,1.659215807914734,v9_addendum_comprehensive,2.798093318939209,85.07471466064453
,,,,,,ALE,,,,6S8AA,,DFGin,BLAminus,,4.636696808882641,,EGFR,TYR_EGFR_HUMAN,,Type1,30,,,False,True,,1.6594560146331787,v9_addendum_latent,88.69853973388672,45.59278869628906
,,,,,,ALE,,,,4WKQA,,DFGin,BLAminus,,4.51017921379868,,EGFR,TYR_EGFR_HUMAN,,Type1,30,,,False,True,,1.6601252555847168,v9_addendum_comprehensive,95.7228775024414,43.90079116821289
,,,,,,PPE,,,,8FLNA,,DFGin,BLBplus,,4.292150432698298,,BTK,TYR_BTK_HUMAN,,"Type1.5_Front,Allosteric",29,,,False,True,,1.6602818965911863,v9_addendum_comprehensive,-13.705089569091797,-0.99857759475708
,,,,,,ALE,,,,6S89A,,DFGin,BLAminus,,4.612285341698362,,EGFR,TYR_EGFR_HUMAN,,Type1,30,,,False,True,,1.6606066226959229,v9_addendum_latent,88.46443176269531,45.9539794921875
,,,,,,PPE,,,,5ZZ4D,,DFGin,BLBplus,,4.306334352710755,,BTK,TYR_BTK_HUMAN,,Type1,29,,,False,True,,1.6606369018554688,v9_addendum_comprehensive,-15.432546615600586,-2.6588375568389893
,,,,,,ALE,,,,8D73A,,DFGin,BLAminus,,4.544867505921792,,EGFR,TYR_EGFR_HUMAN,,Type1.5_Back,30,,,False,True,,1.6612738370895386,v9_addendum_comprehensive,92.00037384033205,42.63582611083984
,,,,,,PPE,,,,4RG0A,,DFGin,BLBplus,,4.252617299313155,,BTK,TYR_BTK_HUMAN,,Type1,29,,,False,True,,1.6613492965698242,v9_addendum_latent,-14.524629592895508,-1.942996501922608
,,,,,,ALE,,,,4RIWD,,DFGin,None,,4.547648044124996,,EGFR,TYR_EGFR_HUMAN,,ATPlike,30,,,False,True,,1.6615458726882937,v9_addendum_comprehensive,91.9453125,45.3582763671875
,,,,,,ALE,,,,7A6IA,,DFGin,BLAminus,,4.519141096106706,,EGFR,TYR_EGFR_HUMAN,,Type1,30,,,False,True,,1.662007212638855,v9_addendum_comprehensive,84.48643493652344,48.86827087402344
,,,,,,PPE,,,,5OS3A,,DFGin,BLAminus,,4.864142863427088,,AURKA,CAMK_AURKA_HUMAN,,"ATPlike,Allosteric",26,,,False,True,,1.6621208190917969,v9_addendum_latent,28.796539306640625,37.46420669555664
,,,,,,PPE,,,,6W07A,,DFGin,BLBplus,,4.1997822929155895,,BTK,TYR_BTK_HUMAN,,Type1,29,,,False,True,,1.6622668504714966,v9_addendum_comprehensive,-14.882987022399902,-4.468696594238281
,,,,,,PPE,,,,3UO5A,,DFGin,BLAminus,,4.888697271769038,,AURKA,CAMK_AURKA_HUMAN,,Type1,26,,,False,True,,1.663261890411377,v9_addendum_comprehensive,21.343162536621094,45.78915023803711
,,,,,,PPE,,,,5ORPA,,DFGin,BLAminus,,4.868758419441225,,AURKA,CAMK_AURKA_HUMAN,,"ATPlike,Allosteric",26,,,False,True,,1.6642524003982544,v9_addendum_latent,28.76861953735352,39.38545989990234
,,,,,,AIE,,,,6NECA,,DFGin,BLAminus,,4.410309186983126,,RET,TYR_RET_HUMAN,,Type1.5_Back,30,,,False,True,,1.66461181640625,v9_addendum_litsearch,67.31358337402344,37.93683624267578
,,,,,,PPE,,,,5ORVA,,DFGin,BLAminus,,4.863848007412236,,AURKA,CAMK_AURKA_HUMAN,,"ATPlike,Allosteric",26,,,False,True,,1.664773941040039,v9_addendum_comprehensive,28.7348575592041,37.789527893066406
,,,,,,APE,,,,8Z5QG,,DFGin,BLAminus,,4.361822813719684,,PHKG1,CAMK_PHKG1_HUMAN,,No_ligand,27,,,False,True,,1.6648359298706057,v9_addendum_comprehensive,154.21728515625,87.85855865478516
,,,,,,APE,,,,9HIYJ,,DFGin,BLAminus,,4.701683670486176,,CDK7,CMGC_CDK7_HUMAN,,ATPlike,28,,,False,True,,1.6649507284164429,v9_addendum_comprehensive,73.35459899902344,110.92236328125
,,,,,,PPE,,,,4UN0D,,DFGin,BLAminus,,4.7076717390064005,,CDK12,CMGC_CDK12_HUMAN,,No_ligand,29,,,False,True,,1.6659826040267944,v9_addendum_latent,46.18482208251953,126.05104064941406
,,,,,,PPE,,,,6NZMA,,DFGin,BLBplus,,4.2018717599574025,,BTK,TYR_BTK_HUMAN,,Type1,29,,,False,True,,1.6664094924926758,v9_addendum_latent,-14.130579948425291,-0.8813525438308716
,,,,,,PPE,,,,5OSDA,,DFGin,BLAminus,,4.891163385049073,,AURKA,CAMK_AURKA_HUMAN,,"ATPlike,Allosteric",26,,,False,True,,1.66658616065979,v9_addendum_litsearch,28.99961280822754,38.55276870727539
,,,,,,PPE,,,,3BLRA,,DFGin,BLAminus,,4.793233743506037,,CDK9,CMGC_CDK9_HUMAN,,Type1,32,,,False,True,,1.6669747829437256,v9_addendum_latent,89.12646484375,122.7853012084961
,,,,,,PPE,,,,5ZZ4E,,DFGin,BLBplus,,4.29486082140176,,BTK,TYR_BTK_HUMAN,,Type1,29,,,False,True,,1.6670069694519043,v9_addendum_latent,-15.731304168701172,-2.8753373622894287
,,,,,,ALE,,,,4LI5A,,DFGin,BLAminus,,4.564821602692541,,EGFR,TYR_EGFR_HUMAN,,Type1,30,,,False,True,,1.6681029796600342,v9_addendum_latent,96.75469970703124,45.70938873291016
,,,,,,ALE,,,,9BY6A,,DFGin,BLAminus,,4.604081650307133,,EGFR,TYR_EGFR_HUMAN,,"Allosteric,Type1",30,,,False,True,,1.6684961318969729,v9_addendum_latent,88.33938598632812,42.2082405090332
,,,,,,PPE,,,,6S90B,,DFGin,BLBplus,,4.269770801491774,,BTK,TYR_BTK_HUMAN,,Type1,29,,,False,True,,1.6686179637908936,v9_addendum_comprehensive,-15.380373001098633,-3.69088363647461
,,,,,,PPE,,,,5ZZ4F,,DFGin,BLBplus,,4.293505390280302,,BTK,TYR_BTK_HUMAN,,Type1,29,,,False,True,,1.6687736511230469,v9_addendum_comprehensive,-14.091353416442873,-3.6462478637695312
,,,,,,PPE,,,,7L5PA,,DFGin,BLBplus,,4.207637372489128,,BTK,TYR_BTK_HUMAN,,Type1.5_Back,29,,,False,True,,1.6702444553375244,v9_addendum_latent,-13.918898582458496,-0.6263281106948853
,,,,,,PPE,,,,6W8IC,,DFGin,BLBplus,,4.334675369096712,,BTK,TYR_BTK_HUMAN,,Type1.5_Back,29,,,False,True,,1.670627474784851,v9_addendum_comprehensive,-15.807693481445312,-2.268308162689209
,,,,,,PPE,,,,5OS4A,,DFGin,BLAminus,,4.862551413426441,,AURKA,CAMK_AURKA_HUMAN,,"ATPlike,Allosteric",26,,,False,True,,1.6706914901733398,v9_addendum_comprehensive,28.48137283325196,39.24452590942383
,,,,,,APE,,,,8Z5QK,,DFGin,BLAminus,,4.375321816621488,,PHKG1,CAMK_PHKG1_HUMAN,,No_ligand,27,,,False,True,,1.6729658842086792,v9_addendum_comprehensive,155.3227081298828,87.12141418457031
,,,,,,PPE,,,,5P9FA,,DFGin,BLBplus,,4.235939324895098,,BTK,TYR_BTK_HUMAN,,Type1,29,,,False,True,,1.673065423965454,v9_addendum_latent,-15.10515022277832,-1.9511611461639404
,,,,,,ALE,,,,6VH4A,,DFGin,BLAminus,,4.554122001827967,,EGFR,TYR_EGFR_HUMAN,,Type1,30,,,False,True,,1.6737432479858398,v9_addendum_latent,78.55028533935547,38.65470504760742
,,,,,,ALE,,,,7ZYPA,,DFGin,BLAminus,,4.573420231365763,,EGFR,TYR_EGFR_HUMAN,,Type1,30,,,False,True,,1.6747947931289673,v9_addendum_comprehensive,91.11184692382812,45.4399299621582
,,,,,,PPE,,,,5KUPA,,DFGin,BLBplus,,4.321886782535301,,BTK,TYR_BTK_HUMAN,,Type1,29,,,False,True,,1.6754474639892578,v9_addendum_comprehensive,-15.327552795410156,-2.1113855838775635
,,,,,,ALE,,,,8F1ZA,,DFGin,BLAminus,,4.570757468257407,,EGFR,TYR_EGFR_HUMAN,,Type1.5_Back,30,,,False,True,,1.6759759187698364,v9_addendum_comprehensive,88.09252166748047,41.58965301513672
,,,,,,PPE,,,,5ORTA,,DFGin,BLAminus,,4.887814689463415,,AURKA,CAMK_AURKA_HUMAN,,"ATPlike,Allosteric",26,,,False,True,,1.6764707565307615,v9_addendum_comprehensive,27.79190826416016,37.83080673217773
,,,,,,APE,,,,8Z5QC,,DFGin,BLAminus,,4.355354151670024,,PHKG1,CAMK_PHKG1_HUMAN,,No_ligand,27,,,False,True,,1.6771125793457031,v9_addendum_comprehensive,154.62110900878906,87.70767211914062
,,,,,,PPE,,,,5OS6A,,DFGin,BLAminus,,4.863632249506273,,AURKA,CAMK_AURKA_HUMAN,,"ATPlike,Allosteric",26,,,False,True,,1.6778321266174316,v9_addendum_latent,27.641019821166992,38.769527435302734
,,,,,,ALE,,,,5UGBA,,DFGin,BLAminus,,4.5617115686842205,,EGFR,TYR_EGFR_HUMAN,,Type1,30,,,False,True,,1.6785415410995483,v9_addendum_comprehensive,94.90313720703124,43.45452117919922
,,,,,,PPE,,,,7KXPA,,DFGin,BLBplus,,4.233723645149736,,BTK,TYR_BTK_HUMAN,,Type1,29,,,False,True,,1.6787686347961426,v9_addendum_latent,-14.06289768218994,-0.7586867809295654
,,,,,,PPE,,,,6R4DA,,DFGin,BLAminus,,4.860728670595626,,AURKA,CAMK_AURKA_HUMAN,,"ATPlike,Allosteric",26,,,False,True,,1.6802845001220703,v9_addendum_comprehensive,30.39044189453125,41.87569808959961
,,,,,,ALE,,,,4I1ZA,,DFGout,None,,4.539911331217596,,EGFR,TYR_EGFR_HUMAN,,No_ligand,30,,,False,True,,1.681265354156494,v9_addendum_latent,87.46794128417969,40.63852691650391
,,,,,,PPE,,,,5OSFA,,DFGin,BLAminus,,4.866122945774764,,AURKA,CAMK_AURKA_HUMAN,,"ATPlike,Allosteric",26,,,False,True,,1.684437274932861,v9_addendum_litsearch,30.716033935546875,36.77278518676758
,,,,,,SPE,,,,9O0VD,,DFGin,BLBplus,,6.73551271489598,,MAP2K1,STE_MAP2K1_HUMAN,,"Type3,ATPlike",26,,,False,True,,1.685887336730957,v9_addendum_comprehensive,-40.82145309448242,83.09254455566406
,,,,,,PPE,,,,1OL7A,,DFGin,BLAminus,,4.857433427424163,,AURKA,CAMK_AURKA_HUMAN,,ATPlike,26,,,False,True,,1.686350703239441,v9_addendum_litsearch,26.236980438232425,47.43276596069336
,,,,,,PPE,,,,5ORRA,,DFGin,BLAminus,,4.885154729198066,,AURKA,CAMK_AURKA_HUMAN,,"ATPlike,Allosteric",26,,,False,True,,1.6870968341827393,v9_addendum_latent,27.73768615722656,37.38499069213867
,,,,,,ALE,,,,8SC7A,,DFGin,BLAminus,,4.555422318017395,,EGFR,TYR_EGFR_HUMAN,,Type1,30,,,False,True,,1.6873345375061035,v9_addendum_latent,92.98735809326172,43.45850372314453
,,,,,,PPE,,,,6XE4A,,DFGin,BLBplus,,4.297868490620004,,BTK,TYR_BTK_HUMAN,,Type1,29,,,False,True,,1.6895990371704102,v9_addendum_latent,-15.138951301574709,-4.473148345947266
,,,,,,ALE,,,,2ITPA,,DFGin,BLAminus,,4.556633991896447,,EGFR,TYR_EGFR_HUMAN,,Type1,30,,,False,True,,1.691420078277588,v9_addendum_comprehensive,82.9341049194336,42.52174377441406
,,,,,,ALE,,,,7ZYMA,,DFGin,BLAminus,,4.5448324443956425,,EGFR,TYR_EGFR_HUMAN,,Type1,30,,,False,True,,1.691746711730957,v9_addendum_latent,89.45127868652344,44.719974517822266
,,,,,,ALE,,,,8PO0A,,DFGin,BLAminus,,4.608803421787331,,EGFR,TYR_EGFR_HUMAN,,Type1,30,,,False,True,,1.692821741104126,v9_addendum_comprehensive,97.2302474975586,45.48918533325195
,,,,,,ALE,,,,8D76B,,DFGin,BLAminus,,4.591553745690512,,EGFR,TYR_EGFR_HUMAN,,Type1.5_Back,30,,,False,True,,1.6929337978363037,v9_addendum_comprehensive,97.51764678955078,45.451263427734375
,,,,,,SPE,,,,9O0UD,,DFGin,BLBplus,,6.739813603861072,,MAP2K1,STE_MAP2K1_HUMAN,,Type3,26,,,False,True,,1.69307279586792,v9_addendum_comprehensive,-41.4560432434082,84.00929260253906
,,,,,,ALE,,,,3VJOA,,DFGin,BLAminus,,4.554822412459024,,EGFR,TYR_EGFR_HUMAN,,ATPlike,30,,,False,True,,1.6969473361968994,v9_addendum_latent,89.65811920166016,46.55802154541016
,,,,,,APE,,,,8Z5QO,,DFGin,BLAminus,,4.34849907902316,,PHKG1,CAMK_PHKG1_HUMAN,,No_ligand,27,,,False,True,,1.6979117393493652,v9_addendum_comprehensive,147.5068359375,86.89531707763672
,,,,,,APE,,,,8Z5MC,,DFGin,BLAminus,,4.395123561757788,,PHKG1,CAMK_PHKG1_HUMAN,,No_ligand,27,,,False,True,,1.703675627708435,v9_addendum_comprehensive,151.35043334960938,85.96985626220703
,,,,,,ALE,,,,8D76A,,DFGin,BLAminus,,4.596388714679069,,EGFR,TYR_EGFR_HUMAN,,Type1.5_Back,30,,,False,True,,1.7038393020629885,v9_addendum_comprehensive,96.76493072509766,44.37020492553711
,,,,,,PPE,,,,6R4CA,,DFGin,BLAminus,,4.853737433519409,,AURKA,CAMK_AURKA_HUMAN,,"ATPlike,Allosteric",26,,,False,True,,1.7038450241088867,v9_addendum_latent,27.348541259765625,37.03274154663086
,,,,,,SPE,,,,9O0UH,,DFGin,BLBplus,,6.668372189207783,,MAP2K1,STE_MAP2K1_HUMAN,,"Type1,ATPlike",26,,,False,True,,1.707527756690979,v9_addendum_comprehensive,-40.22593688964844,81.60142517089844
,,,,,,PPE,,,,6NZMD,,DFGin,BLBplus,,4.206695732472435,,BTK,TYR_BTK_HUMAN,,Type1,29,,,False,True,,1.7077122926712036,v9_addendum_latent,-13.139429092407228,-1.2366700172424316
,,,,,,ALE,,,,4LRME,,DFGin,BLAminus,,4.4786390930786135,,EGFR,TYR_EGFR_HUMAN,,Type1,30,,,False,True,,1.709079027175903,v9_addendum_comprehensive,87.55493927001953,42.42223358154297
,,,,,,PPE,,,,6TU9B,,None,None,,4.300129700769623,,ROR1,TYR_ROR1_HUMAN,,Type1,30,,,False,True,,1.711564064025879,v9_addendum_comprehensive,-36.02692413330078,-115.2681121826172
,,,,,,ALE,,,,4ZJVB,,DFGout,BBAminus,,4.539133256166883,,EGFR,TYR_EGFR_HUMAN,,No_ligand,30,,,False,True,,1.7122561931610107,v9_addendum_comprehensive,88.33050537109375,41.5132064819336
,,,,,,APE,,,,8SE1A,,DFGin,BLAminus,,4.94074280623781,,PRKCB,AGC_PRKCB_HUMAN,,ATPlike,28,,,False,True,,1.7129886150360107,v9_addendum_comprehensive,123.63080596923828,91.5588150024414
,,,,,,PPE,,,,5OS1A,,DFGin,BLAminus,,4.879803495936255,,AURKA,CAMK_AURKA_HUMAN,,"ATPlike,Allosteric",26,,,False,True,,1.7171136140823364,v9_addendum_latent,27.1477165222168,39.096412658691406
,,,,,,PPE,,,,9FMRE,,DFGin,ABAminus,,4.794494794437184,,CDK12,CMGC_CDK12_HUMAN,,Type1,29,,,False,True,,1.717252254486084,v9_addendum_latent,84.59977722167969,101.62474822998048
,,,,,,ALE,,,,5Y9TA,,DFGin,BLAminus,,4.55457779298279,,EGFR,TYR_EGFR_HUMAN,,Type1,30,,,False,True,,1.7194563150405884,v9_addendum_latent,83.32268524169922,45.66100692749024
,,,,,,ALE,,,,5X27A,,DFGin,BLAminus,,4.585087681315075,,EGFR,TYR_EGFR_HUMAN,,Type1,30,,,False,True,,1.719890594482422,v9_addendum_comprehensive,2.2529215812683105,89.9146728515625
,,,,,,SPE,,,,7P6OE,,DFGin,BLAminus,,2.936039611879272,,ROCK2,AGC_ROCK2_HUMAN,,Type1,29,,,False,True,,1.721540927886963,v9_addendum_comprehensive,142.1629638671875,60.615699768066406
,,,,,,SPE,,,,7P6PA,,DFGin,BLAminus,,2.9593652597701823,,ROCK2,AGC_ROCK2_HUMAN,,Type1,29,,,False,True,,1.7239842414855957,v9_addendum_comprehensive,150.41049194335938,58.0715446472168
,,,,,,ALE,,,,5CAVA,,DFGin,BLAminus,,4.590754583260716,,EGFR,TYR_EGFR_HUMAN,,Type1,30,,,False,True,,1.7260065078735352,v9_addendum_latent,91.60050964355467,40.44382858276367
,,,,,,ALE,,,,2ITTA,,DFGin,BLAminus,,4.57699936685198,,EGFR,TYR_EGFR_HUMAN,,Type1,30,,,False,True,,1.7266716957092283,v9_addendum_latent,4.961655139923096,89.54224395751953
,,,,,,APE,,,,9EJKB,,DFGin,BLAminus,,4.584972150087769,,PRKCI,AGC_PRKCI_HUMAN,,No_ligand,28,,,False,True,,1.7290453910827637,v9_addendum_comprehensive,156.46136474609375,105.57381439208984
,,,,,,APE,,,,9HIXJ,,DFGin,BLAminus,,4.724260560712016,,CDK7,CMGC_CDK7_HUMAN,,Type1,28,,,False,True,,1.7292828559875488,v9_addendum_latent,88.1672134399414,147.67669677734375
,,,,,,SPE,,,,9O0VH,,DFGin,BLBplus,,6.668705130080855,,MAP2K1,STE_MAP2K1_HUMAN,,"Type1,ATPlike",26,,,False,True,,1.730180740356445,v9_addendum_comprehensive,-40.04731369018555,83.98739624023438
,,,,,,ALE,,,,6LUBA,,DFGin,BLAminus,,4.557868492369684,,EGFR,TYR_EGFR_HUMAN,,Type1,30,,,False,True,,1.733322024345398,v9_addendum_comprehensive,79.50802612304688,41.25485610961914
,,,,,,SPE,,,,9O0VB,,DFGin,BLBplus,,6.692548093671185,,MAP2K1,STE_MAP2K1_HUMAN,,"Type1,ATPlike",26,,,False,True,,1.7366008758544922,v9_addendum_comprehensive,-38.631534576416016,77.07085418701172
,,,,,,SPE,,,,7P6QC,,DFGin,BLAminus,,2.998531944784541,,ROCK2,AGC_ROCK2_HUMAN,,Type1,29,,,False,True,,1.7370033264160156,v9_addendum_comprehensive,161.8907012939453,59.77616500854492
,,,,,,APE,,,,8S19B,,DFGin,BLAminus,,4.3440675605889165,,KIT,TYR_KIT_HUMAN,,Type1,30,,,False,True,,1.7373342514038086,v9_addendum_comprehensive,68.05480194091797,33.07960891723633
,,,,,,APE,,,,9QCXK,,DFGin,BLAminus,,4.607535403257281,,CDK2,CMGC_CDK2_HUMAN,,No_ligand,28,,,False,True,,1.7376515865325928,v9_addendum_comprehensive,50.93676376342773,43.68571853637695
,,,,,,PPE,,,,8BU5E,,DFGin,None,,4.755805394641187,,CDK12,CMGC_CDK12_HUMAN,,Type1,29,,,False,True,,1.738021731376648,v9_addendum_latent,79.02822875976562,105.5278549194336
,,,,,,PPE,,,,9FMRH,,DFGin,ABAminus,,4.772089371577942,,CDK12,CMGC_CDK12_HUMAN,,Type1,29,,,False,True,,1.7390072345733645,v9_addendum_latent,84.18693542480469,99.62149810791016
,,,,,,PPE,,,,4DEDA,,DFGin,BLAminus,,4.8754031853949495,,AURKA,CAMK_AURKA_HUMAN,,Type1,26,,,False,True,,1.7400107383728027,v9_addendum_comprehensive,24.602558135986328,37.03923797607422
,,,,,,ALE,,,,2J5FA,,DFGin,BLAminus,,4.519647074736631,,EGFR,TYR_EGFR_HUMAN,,Type1,30,,,False,True,,1.7423095703125,v9_addendum_latent,-1.9972987174987795,74.4488296508789
,,,,,,PPE,,,,8P81A,,DFGin,BLAminus,,4.745870410359336,,CDK12,CMGC_CDK12_HUMAN,,Type1,29,,,False,True,,1.7433979511260986,v9_addendum_comprehensive,135.43896484375,127.93904113769533
,,,,,,PPE,,,,6B3EC,,DFGin,BLAminus,,4.716544120379222,,CDK12,CMGC_CDK12_HUMAN,,Type1,29,,,False,True,,1.7436065673828125,v9_addendum_comprehensive,122.6865005493164,123.15745544433594
,,,,,,ALE,,,,5HG9A,,DFGout,BBAminus,,4.552566405047092,,EGFR,TYR_EGFR_HUMAN,,Type1,30,,,False,True,,1.744311809539795,v9_addendum_latent,87.24897003173828,43.0409049987793
,,,,,,ALE,,,,2ITWA,,DFGin,BLAminus,,4.5242967120745865,,EGFR,TYR_EGFR_HUMAN,,Type1,30,,,False,True,,1.7444181442260742,v9_addendum_latent,85.30183410644531,41.59550476074219
,,,,,,PPE,,,,8BUGB,,DFGin,None,,4.709122094794925,,CDK12,CMGC_CDK12_HUMAN,,Type1,29,,,False,True,,1.745922565460205,v9_addendum_comprehensive,87.89061737060547,113.48200225830078
,,,,,,PPE,,,,4NSTA,,DFGin,BLAminus,,4.735795079876498,,CDK12,CMGC_CDK12_HUMAN,,ATPlike,29,,,False,True,,1.7462555170059204,v9_addendum_latent,124.64588165283205,128.85549926757812
,,,,,,PPE,,,,8BU6B,,DFGin,None,,4.7837728908302255,,CDK12,CMGC_CDK12_HUMAN,,Type1,29,,,False,True,,1.7477368116378784,v9_addendum_comprehensive,88.1907958984375,116.64393615722656
,,,,,,PPE,,,,8BUGH,,DFGin,None,,4.712051251889584,,CDK12,CMGC_CDK12_HUMAN,,No_ligand,29,,,False,True,,1.7482529878616333,v9_addendum_comprehensive,84.18852996826172,110.15265655517578
,,,,,,APE,,,,8W3BC,,DFGin,BLAminus,,4.135269754370996,,FGFR2,TYR_FGFR2_HUMAN,,Type1.5_Back,30,,,False,True,,1.7486696243286133,v9_addendum_comprehensive,61.5875129699707,66.07319641113281
,,,,,,SPE,,,,9O0UB,,DFGin,BLBplus,,6.709455123465505,,MAP2K1,STE_MAP2K1_HUMAN,,Type1,26,,,False,True,,1.7496850490570068,v9_addendum_comprehensive,-38.63505172729492,77.25161743164062
,,,,,,PPE,,,,8BU5B,,DFGin,ABAminus,,4.76626727389095,,CDK12,CMGC_CDK12_HUMAN,,Type1,29,,,False,True,,1.750148057937622,v9_addendum_comprehensive,82.3333740234375,113.85924530029295
,,,,,,AIE,,,,6I83A,,DFGin,BLAminus,,4.418054520214526,,RET,TYR_RET_HUMAN,,Type1,30,,,False,True,,1.7510517835617063,v9_addendum_litsearch,63.762638092041016,37.68672180175781
,,,,,,ALE,,,,5UG8A,,DFGout,BBAminus,,4.564007294486684,,EGFR,TYR_EGFR_HUMAN,,Type1,30,,,False,True,,1.752307415008545,v9_addendum_comprehensive,87.64196014404297,42.33618927001953
,,,,,,PPE,,,,4J8NC,,DFGin,BLAminus,,4.864645748360134,,AURKA,CAMK_AURKA_HUMAN,,No_ligand,26,,,False,True,,1.752392053604126,v9_addendum_comprehensive,23.225976943969727,37.20919799804688
,,,,,,ALE,,,,2ITVA,,DFGin,BLAminus,,4.577047474815768,,EGFR,TYR_EGFR_HUMAN,,ATPlike,30,,,False,True,,1.7543563842773438,v9_addendum_comprehensive,0.6331368684768677,93.3020248413086
,,,,,,PPE,,,,9FMRB,,DFGin,None,,4.777020404311783,,CDK12,CMGC_CDK12_HUMAN,,Type1,29,,,False,True,,1.7548412084579468,v9_addendum_latent,82.13524627685547,104.90803527832033
,,,,,,ALE,,,,5UG9A,,DFGout,BBAminus,,4.573786048570284,,EGFR,TYR_EGFR_HUMAN,,Type1,30,,,False,True,,1.7552146911621094,v9_addendum_latent,86.15552520751953,42.16978073120117
,,,,,,PPE,,,,8BUHB,,DFGin,None,,4.664005026918345,,CDK12,CMGC_CDK12_HUMAN,,Type1,29,,,False,True,,1.7563668489456177,v9_addendum_latent,93.63662719726562,109.47272491455078
,,,,,,PPE,,,,8BU4B,,DFGin,ABAminus,,4.705276403721015,,CDK12,CMGC_CDK12_HUMAN,,Type1,29,,,False,True,,1.7564213275909424,v9_addendum_latent,93.0782470703125,104.95207977294922
,,,,,,PPE,,,,5ORSA,,DFGin,BLAminus,,4.875486587099791,,AURKA,CAMK_AURKA_HUMAN,,"ATPlike,Allosteric",26,,,False,True,,1.7566958665847778,v9_addendum_latent,26.368003845214844,36.85684967041016
,,,,,,APE,,,,8W38A,,DFGin,BLAminus,,4.140550794069261,,FGFR2,TYR_FGFR2_HUMAN,,Type1.5_Back,30,,,False,True,,1.7570797204971311,v9_addendum_comprehensive,61.39300155639648,38.260990142822266
,,,,,,PPE,,,,8BU5H,,DFGin,ABAminus,,4.778613164702762,,CDK12,CMGC_CDK12_HUMAN,,Type1,29,,,False,True,,1.7574563026428225,v9_addendum_comprehensive,82.16278839111328,111.73973083496094
,,,,,,PPE,,,,6I2UA,,DFGin,BLAminus,,4.880231421706296,,AURKA,CAMK_AURKA_HUMAN,,Type1,26,,,False,True,,1.7576391696929932,v9_addendum_latent,28.872955322265625,47.42879104614258
,,,,,,ALE,,,,7U9AA,,DFGin,BLAminus,,4.571843310024136,,EGFR,TYR_EGFR_HUMAN,,Type1,30,,,False,True,,1.75829815864563,v9_addendum_latent,88.0676498413086,43.40432357788086
,,,,,,PPE,,,,5T18A,,DFGin,BLBplus,,4.290484703082454,,BTK,TYR_BTK_HUMAN,,Type1,29,,,False,True,,1.759015440940857,v9_addendum_latent,-17.489397048950195,-3.836310148239136
,,,,,,PPE,,,,5ORXA,,DFGin,BLAminus,,4.887654310750651,,AURKA,CAMK_AURKA_HUMAN,,"ATPlike,Allosteric",26,,,False,True,,1.7599501609802246,v9_addendum_comprehensive,25.766403198242188,39.85606002807617
,,,,,,PPE,,,,4J8ND,,DFGin,BLAminus,,4.8611491748347975,,AURKA,CAMK_AURKA_HUMAN,,No_ligand,26,,,False,True,,1.7605292797088623,v9_addendum_litsearch,22.68769264221192,41.49025344848633
,,,,,,PPE,,,,6B3EA,,DFGin,BLAminus,,4.748278383165664,,CDK12,CMGC_CDK12_HUMAN,,Type1,29,,,False,True,,1.7615880966186523,v9_addendum_comprehensive,124.74795532226562,127.42161560058594
,,,,,,APE,,,,9EJMB,,DFGin,BLAminus,,4.593890195196551,,PRKCI,AGC_PRKCI_HUMAN,,ATPlike,28,,,False,True,,1.762176275253296,v9_addendum_comprehensive,146.94119262695312,99.88074493408205
,,,,,,ALE,,,,2ITQA,,DFGin,BLAminus,,4.585554071388486,,EGFR,TYR_EGFR_HUMAN,,Type1,30,,,False,True,,1.762237548828125,v9_addendum_comprehensive,81.4920425415039,43.77409362792969
,,,,,,PPE,,,,8BU4H,,DFGin,ABAminus,,4.720112497416925,,CDK12,CMGC_CDK12_HUMAN,,Type1,29,,,False,True,,1.762998104095459,v9_addendum_latent,89.27144622802734,108.88439178466795
,,,,,,APE,,,,8W3DA,,DFGin,BLAminus,,4.147945241046523,,FGFR2,TYR_FGFR2_HUMAN,,Type1.5_Back,30,,,False,True,,1.763218879699707,v9_addendum_comprehensive,58.85258865356445,36.640872955322266
,,,,,,PPE,,,,8BU7H,,DFGin,BLAminus,,4.692593307901214,,CDK12,CMGC_CDK12_HUMAN,,No_ligand,29,,,False,True,,1.7648725509643557,v9_addendum_latent,91.48059844970705,108.3465805053711
,,,,,,ALE,,,,6JX4A,,DFGin,BLAminus,,4.5754061710370015,,EGFR,TYR_EGFR_HUMAN,,Type1,30,,,False,True,,1.7649918794631958,v9_addendum_comprehensive,-4.873276710510254,82.8551025390625
,,,,,,PPE,,,,8BU7B,,DFGin,BLAminus,,4.681657237523342,,CDK12,CMGC_CDK12_HUMAN,,No_ligand,29,,,False,True,,1.7656667232513428,v9_addendum_latent,99.95085144042967,113.43553924560548
,,,,,,PPE,,,,4UN0C,,DFGin,BLAminus,,4.7117993013281945,,CDK12,CMGC_CDK12_HUMAN,,No_ligand,29,,,False,True,,1.7659039497375488,v9_addendum_comprehensive,111.7125244140625,123.5032730102539
,,,,,,PPE,,,,8C1EA,,DFGin,BLAminus,,4.869094741423487,,AURKA,CAMK_AURKA_HUMAN,,"Allosteric,ATPlike",26,,,False,True,,1.766282081604004,v9_addendum_litsearch,29.37858772277832,38.63500213623047
,,,,,,PPE,,,,5DT3A,,DFGin,BLAminus,,4.874083198936608,,AURKA,CAMK_AURKA_HUMAN,,ATPlike,26,,,False,True,,1.7670429944992063,v9_addendum_latent,25.586780548095703,37.61939239501953
,,,,,,PPE,,,,8BUDH,,DFGin,ABAminus,,4.712552067926255,,CDK12,CMGC_CDK12_HUMAN,,Type1,29,,,False,True,,1.7672595977783203,v9_addendum_latent,90.45745086669922,105.9567413330078
,,,,,,ALE,,,,6LUDA,,DFGin,BLAminus,,4.572220890604116,,EGFR,TYR_EGFR_HUMAN,,Type1,30,,,False,True,,1.7687309980392456,v9_addendum_latent,85.8995590209961,41.95711898803711
,,,,,,PPE,,,,4DEEA,,DFGin,BLAminus,,4.876572305392901,,AURKA,CAMK_AURKA_HUMAN,,ATPlike,26,,,False,True,,1.768956184387207,v9_addendum_latent,24.42824363708496,38.01018905639648
,,,,,,PPE,,,,4CEGA,,DFGin,BLAminus,,4.860104199285089,,AURKA,CAMK_AURKA_HUMAN,,ATPlike,26,,,False,True,,1.769322633743286,v9_addendum_latent,26.54756546020508,35.86360168457031
,,,,,,PPE,,,,7NXJA,,DFGin,BLAminus,,4.72477131539153,,CDK13,CMGC_CDK13_HUMAN,,Type1,29,,,False,True,,1.770461916923523,v9_addendum_latent,96.9071044921875,105.29718017578124
,,,,,,PPE,,,,8BU6H,,DFGin,None,,4.726056191306205,,CDK12,CMGC_CDK12_HUMAN,,Type1,29,,,False,True,,1.7711145877838137,v9_addendum_latent,94.80437469482422,109.67601776123048
,,,,,,APE,,,,7MT8G,,DFGin,BLAminus,,4.329561232348011,,GRK1,AGC_GRK1_BOVIN,,"Type1,Type1,Type1,Type1,Type1,Type1",28,,,False,True,,1.771845817565918,v9_addendum_comprehensive,143.30197143554688,173.84793090820312
,,,,,,APE,,,,9QJNJ,,DFGin,BLAminus,,4.686666976095544,,CDK7,CMGC_CDK7_HUMAN,,Type1,28,,,False,True,,1.7727184295654297,v9_addendum_latent,55.90334701538086,104.09058380126952
,,,,,,APE,,,,8S0TJ,,DFGin,BLAminus,,4.82840996299538,,CDK7,CMGC_CDK7_HUMAN,,Type1,28,,,False,True,,1.7740389108657837,v9_addendum_latent,58.925724029541016,132.54434204101562
,,,,,,PPE,,,,8BUTB,,DFGin,ABAminus,,4.708455139535777,,CDK12,CMGC_CDK12_HUMAN,,Type1,29,,,False,True,,1.774899959564209,v9_addendum_comprehensive,93.23219299316406,106.95115661621094
,,,,,,PPE,,,,7N5RA,,DFGin,BLBplus,,4.203428735155834,,BTK,TYR_BTK_HUMAN,,Type1,29,,,False,True,,1.7749996185302734,v9_addendum_comprehensive,-13.56375789642334,-4.465283393859863
,,,,,,PPE,,,,8BUBH,,DFGin,None,,4.702437065022265,,CDK12,CMGC_CDK12_HUMAN,,Type1,29,,,False,True,,1.7762181758880615,v9_addendum_latent,86.16796112060547,106.4642105102539
,,,,,,PPE,,,,5ORYA,,DFGin,BLAminus,,4.880313533173294,,AURKA,CAMK_AURKA_HUMAN,,"ATPlike,Allosteric",26,,,False,True,,1.776246428489685,v9_addendum_latent,26.150453567504883,39.79605865478516
,,,,,,PPE,,,,6TD3H,,DFGin,BLAminus,,4.68558916931567,,CDK12,CMGC_CDK12_HUMAN,,Type1,29,,,False,True,,1.7772367000579834,v9_addendum_latent,90.1517333984375,111.7731704711914
,,,,,,PPE,,,,8BU9H,,DFGin,ABAminus,,4.720981742444434,,CDK12,CMGC_CDK12_HUMAN,,Type1,29,,,False,True,,1.7786455154418943,v9_addendum_latent,91.9861068725586,107.3519287109375
,,,,,,AIE,,,,5U6BB,,DFGin,BLAminus,,4.594673218130571,,AXL,TYR_AXL_HUMAN,,Type1,30,,,False,True,,1.7787213325500488,v9_addendum_litsearch,53.012638092041016,36.6428108215332
,,,,,,PPE,,,,8BUKH,,DFGin,None,,4.712738387780264,,CDK12,CMGC_CDK12_HUMAN,,Type1,29,,,False,True,,1.7788984775543213,v9_addendum_latent,92.91095733642578,109.35752868652344
,,,,,,APE,,,,9CI3A,,DFGinter,None,,7.699957886448379,,LRRK2,TKL_LRRK2_HUMAN,,No_ligand,26,,,False,True,,1.7793792486190796,v9_addendum_litsearch,-8.637283325195312,28.874107360839844
,,,,,,PPE,,,,8BURB,,DFGin,BLAminus,,4.685992692919704,,CDK12,CMGC_CDK12_HUMAN,,Type1,29,,,False,True,,1.7802742719650269,v9_addendum_latent,76.04096984863281,102.8143081665039
,,,,,,PPE,,,,8C1GA,,DFGin,BLAminus,,4.856714497348961,,AURKA,CAMK_AURKA_HUMAN,,"Allosteric,ATPlike,Allosteric",26,,,False,True,,1.7803493738174438,v9_addendum_latent,29.193145751953125,50.16987609863281
,,,,,,ALE,,,,4LRMD,,DFGin,BLAminus,,4.558955523555209,,EGFR,TYR_EGFR_HUMAN,,Type1,30,,,False,True,,1.7804477214813232,v9_addendum_comprehensive,87.65156555175781,41.59702682495117
,,,,,,PPE,,,,8BU3H,,DFGin,None,,4.7176834731434285,,CDK12,CMGC_CDK12_HUMAN,,Type1,29,,,False,True,,1.7814362049102783,v9_addendum_comprehensive,91.81382751464844,106.4502944946289
,,,,,,PPE,,,,8BUKB,,DFGin,None,,4.705418992166228,,CDK12,CMGC_CDK12_HUMAN,,Type1,29,,,False,True,,1.78193998336792,v9_addendum_latent,102.4044418334961,114.9836196899414
,,,,,,PPE,,,,8BUCH,,DFGin,None,,4.707249636472007,,CDK12,CMGC_CDK12_HUMAN,,Type1,29,,,False,True,,1.7832486629486084,v9_addendum_comprehensive,92.17572784423828,110.94418334960938
,,,,,,PPE,,,,7NXKC,,DFGin,BLAminus,,4.761257906027838,,CDK12,CMGC_CDK12_HUMAN,,Type1,29,,,False,True,,1.7837603092193604,v9_addendum_comprehensive,113.35711669921876,124.7046127319336
,,,,,,ALE,,,,5UGCA,,DFGout,BBAminus,,4.584318916224307,,EGFR,TYR_EGFR_HUMAN,,Type1,30,,,False,True,,1.7838006019592283,v9_addendum_latent,86.6341781616211,41.29962158203125
,,,,,,PPE,,,,8BUEH,,DFGin,ABAminus,,4.714628571421251,,CDK12,CMGC_CDK12_HUMAN,,Type1,29,,,False,True,,1.7838833332061768,v9_addendum_comprehensive,94.30508422851562,109.45743560791016
,,,,,,PPE,,,,8BUFH,,DFGin,None,,4.682689901811593,,CDK12,CMGC_CDK12_HUMAN,,Type1,29,,,False,True,,1.7851767539978027,v9_addendum_latent,93.24388122558594,107.9631576538086
,,,,,,PPE,,,,5LPZA,,DFGin,BLAminus,,5.313487224319784,,BRI1,TKL_BRI1_ARATH,,ATPlike,30,,,False,True,,1.785194993019104,v9_addendum_comprehensive,146.254638671875,74.71507263183594
,,,,,,PPE,,,,8BUTH,,DFGin,ABAminus,,4.7139077922663,,CDK12,CMGC_CDK12_HUMAN,,Type1,29,,,False,True,,1.7873456478118896,v9_addendum_latent,88.81492614746094,116.13166046142578
,,,,,,SPE,,,,9O0VF,,DFGin,BLBplus,,6.670676415588586,,MAP2K1,STE_MAP2K1_HUMAN,,"Type3,ATPlike",26,,,False,True,,1.7878987789154053,v9_addendum_comprehensive,-36.48200225830078,77.20223236083984
,,,,,,APE,,,,9O73A,,DFGin,BLAminus,,7.513721138493859,,DAPK1,CAMK_DAPK1_HUMAN,,Type1,27,,,False,True,,1.7881734371185305,v9_addendum_comprehensive,104.17098236083984,71.3856430053711
,,,,,,PPE,,,,5OS0A,,DFGin,BLAminus,,4.869891528248816,,AURKA,CAMK_AURKA_HUMAN,,"ATPlike,Allosteric",26,,,False,True,,1.789269208908081,v9_addendum_litsearch,25.730701446533203,39.90729904174805
,,,,,,PPE,,,,8BUEB,,DFGin,None,,4.724409765410009,,CDK12,CMGC_CDK12_HUMAN,,Type1,29,,,False,True,,1.7899550199508667,v9_addendum_latent,98.46994018554688,107.0234603881836
,,,,,,PPE,,,,6CKXA,,DFGin,BLAminus,,4.708885373697642,,CDK12,CMGC_CDK12_HUMAN,,Type1,29,,,False,True,,1.7908155918121338,v9_addendum_latent,128.6345672607422,130.97845458984375
,,,,,,PPE,,,,7NXKA,,DFGin,ABAminus,,4.742899620422836,,CDK12,CMGC_CDK12_HUMAN,,Type1,29,,,False,True,,1.7940977811813354,v9_addendum_comprehensive,125.97708129882812,120.93881225585938
,,,,,,PPE,,,,8BUFB,,DFGin,None,,4.700146019741776,,CDK12,CMGC_CDK12_HUMAN,,Type1,29,,,False,True,,1.7954607009887695,v9_addendum_comprehensive,94.837890625,103.85462951660156
,,,,,,PPE,,,,8BUQH,,DFGin,None,,4.722169817158068,,CDK12,CMGC_CDK12_HUMAN,,Type1,29,,,False,True,,1.7961220741271973,v9_addendum_latent,97.33045196533205,114.11865234375
,,,,,,PPE,,,,8BUAB,,DFGin,ABAminus,,4.685426089583666,,CDK12,CMGC_CDK12_HUMAN,,Type1,29,,,False,True,,1.7963804006576538,v9_addendum_comprehensive,91.1862564086914,109.8951416015625
,,,,,,PPE,,,,8BU9B,,DFGin,None,,4.701031907433374,,CDK12,CMGC_CDK12_HUMAN,,Type1,29,,,False,True,,1.797412633895874,v9_addendum_latent,94.88612365722656,104.21570587158205
,,,,,,PPE,,,,6CKXC,,DFGin,BLAminus,,4.707647491821653,,CDK12,CMGC_CDK12_HUMAN,,Type1,29,,,False,True,,1.7978384494781494,v9_addendum_latent,125.19547271728516,127.49260711669922
,,,,,,PPE,,,,5EFQC,,DFGin,BLAminus,,4.771951504913862,,CDK13,CMGC_CDK13_HUMAN,,ATPlike,29,,,False,True,,1.7996759414672852,v9_addendum_latent,119.02318572998048,132.71665954589844
,,,,,,PPE,,,,8BUNH,,DFGin,ABAminus,,4.715010993843065,,CDK12,CMGC_CDK12_HUMAN,,Type1,29,,,False,True,,1.8005592823028564,v9_addendum_latent,102.41474151611328,116.51708221435548
,,,,,,PPE,,,,8BUJB,,DFGin,None,,4.6923100628647605,,CDK12,CMGC_CDK12_HUMAN,,Type1,29,,,False,True,,1.8032747507095337,v9_addendum_latent,103.0312042236328,115.79518127441406
,,,,,,PPE,,,,8BUDB,,DFGin,ABAminus,,4.70600051769902,,CDK12,CMGC_CDK12_HUMAN,,Type1,29,,,False,True,,1.803465485572815,v9_addendum_comprehensive,97.89647674560548,105.40319061279295
,,,,,,PPE,,,,8BUJH,,DFGin,None,,4.716255537129766,,CDK12,CMGC_CDK12_HUMAN,,Type1,29,,,False,True,,1.8034756183624268,v9_addendum_comprehensive,96.26726531982422,113.34235382080078
,,,,,,APE,,,,8Z5TC,,DFGin,BLAminus,,4.467001811315158,,PHKG1,CAMK_PHKG1_HUMAN,,ATPlike,27,,,False,True,,1.803530216217041,v9_addendum_comprehensive,135.6064910888672,76.26900482177734
,,,,,,ALE,,,,3PP0B,,DFGin,None,,4.4884336110287855,,ERBB2,TYR_ERBB2_HUMAN,,Type1.5_Back,30,,,False,True,,1.8036117553710935,v9_addendum_latent,91.67228698730467,55.78628921508789
,,,,,,PPE,,,,8BU2E,,DFGin,BLAminus,,4.69226471582241,,CDK12,CMGC_CDK12_HUMAN,,No_ligand,29,,,False,True,,1.8037525415420528,v9_addendum_latent,78.11380004882812,109.8664779663086
,,,,,,PPE,,,,8BU2H,,DFGin,ABAminus,,4.705988435239572,,CDK12,CMGC_CDK12_HUMAN,,Type1,29,,,False,True,,1.8047854900360107,v9_addendum_latent,95.05728912353516,104.78348541259766
,,,,,,PPE,,,,8BUCB,,DFGin,ABAminus,,4.702356496476303,,CDK12,CMGC_CDK12_HUMAN,,Type1,29,,,False,True,,1.8061853647232056,v9_addendum_latent,93.1269760131836,114.97090911865234
,,,,,,PPE,,,,8BURH,,DFGin,None,,4.719819591418069,,CDK12,CMGC_CDK12_HUMAN,,Type1,29,,,False,True,,1.807582139968872,v9_addendum_comprehensive,88.36420440673828,122.6374969482422
,,,,,,APE,,,,9MMPA,,DFGin,BLBplus,,1.2549440461704744,,RAF1,TKL_RAF1_HUMAN,,ATPlike,30,,,False,True,,1.8078645467758176,v9_addendum_comprehensive,3.696150779724121,16.126672744750977
,,,,,,PPE,,,,8BUAH,,DFGin,ABAminus,,4.698368231031836,,CDK12,CMGC_CDK12_HUMAN,,Type1,29,,,False,True,,1.807929754257202,v9_addendum_comprehensive,93.09051513671876,107.69465637207033
,,,,,,PPE,,,,6W7OA,,DFGin,BLBplus,,4.2169156705783015,,BTK,TYR_BTK_HUMAN,,Type1.5_Back,29,,,False,True,,1.8085474967956543,v9_addendum_latent,-14.173589706420898,-4.80705451965332
,,,,,,APE,,,,9MMQA,,DFGin,BLBplus,,1.283399344833956,,RAF1,TKL_RAF1_HUMAN,,ATPlike,30,,,False,True,,1.8085626363754272,v9_addendum_comprehensive,4.171326637268066,15.453560829162598
,,,,,,PPE,,,,8BULH,,DFGin,ABAminus,,4.691592998244801,,CDK12,CMGC_CDK12_HUMAN,,Type1,29,,,False,True,,1.8087279796600344,v9_addendum_comprehensive,92.24322509765624,114.60718536376952
,,,,,,PPE,,,,8C1DA,,DFGin,BLAminus,,4.88337817741176,,AURKA,CAMK_AURKA_HUMAN,,"Allosteric,ATPlike,Allosteric",26,,,False,True,,1.8104989528656008,v9_addendum_latent,27.49067497253418,45.905517578125
,,,,,,PPE,,,,8BUIH,,DFGin,ABAminus,,4.718479995232822,,CDK12,CMGC_CDK12_HUMAN,,Type1,29,,,False,True,,1.810640335083008,v9_addendum_latent,97.37738037109376,123.9232406616211
,,,,,,APE,,,,9MMSA,,DFGin,BLBplus,,1.258348588337747,,RAF1,TKL_RAF1_HUMAN,,ATPlike,30,,,False,True,,1.8113884925842283,v9_addendum_comprehensive,3.9911067485809326,15.38245677947998
,,,,,,ALE,,,,4LRMA,,DFGin,BLAminus,,4.456313990811688,,EGFR,TYR_EGFR_HUMAN,,Type1,30,,,False,True,,1.8119802474975584,v9_addendum_comprehensive,83.96431732177734,41.61545944213867
,,,,,,PPE,,,,8BULB,,DFGin,None,,4.700638024982179,,CDK12,CMGC_CDK12_HUMAN,,Type1,29,,,False,True,,1.812439441680908,v9_addendum_comprehensive,97.68938446044922,120.40211486816406
,,,,,,ALE,,,,7UKVA,,DFGin,BLAminus,,4.585651395330223,,EGFR,TYR_EGFR_HUMAN,,Type1,30,,,False,True,,1.8174039125442505,v9_addendum_comprehensive,82.66712188720703,56.427154541015625
,,,,,,AIE,,,,5U6BD,,DFGin,BLAminus,,4.601736371265734,,AXL,TYR_AXL_HUMAN,,Type1,30,,,False,True,,1.817689061164856,v9_addendum_litsearch,50.14519882202149,36.0621223449707
,,,,,,PPE,,,,1MQ4A,,DFGin,BLAminus,,4.861573162211001,,AURKA,CAMK_AURKA_HUMAN,,ATPlike,26,,,False,True,,1.8180131912231443,v9_addendum_latent,27.721694946289062,41.24726867675781
,,,,,,PPE,,,,8BUNB,,DFGin,ABAminus,,4.736389918427125,,CDK12,CMGC_CDK12_HUMAN,,Type1,29,,,False,True,,1.819331407546997,v9_addendum_latent,104.3948745727539,109.25484466552734
,,,,,,PPE,,,,7NXJC,,DFGin,BLAminus,,4.774581792708772,,CDK13,CMGC_CDK13_HUMAN,,Type1,29,,,False,True,,1.823153614997864,v9_addendum_latent,120.71065521240234,129.19664001464844
,,,,,,PPE,,,,4J8NA,,DFGin,BLAminus,,4.858903487276296,,AURKA,CAMK_AURKA_HUMAN,,No_ligand,26,,,False,True,,1.8231977224349976,v9_addendum_litsearch,22.845394134521484,37.0247917175293
,,,,,,SPE,,,,9O0UF,,DFGin,BLBplus,,6.684204124496788,,MAP2K1,STE_MAP2K1_HUMAN,,Type3,26,,,False,True,,1.8232265710830688,v9_addendum_comprehensive,-35.48072814941406,76.58364868164062
,,,,,,PPE,,,,8BUQE,,DFGin,BLAminus,,4.690629741233043,,CDK12,CMGC_CDK12_HUMAN,,Type1,29,,,False,True,,1.8250727653503416,v9_addendum_latent,88.05846405029297,107.3300323486328
,,,,,,APE,,,,9I9IJ,,DFGin,BLAminus,,4.56391672416848,,CDK7,CMGC_CDK7_HUMAN,,ATPlike,28,,,False,True,,1.825166702270508,v9_addendum_comprehensive,55.7508430480957,96.78722381591795
,,,,,,ALE,,,,8HVAA,,DFGin,BLAminus,,4.591763209695589,,EGFR,TYR_EGFR_HUMAN,,Type1,30,,,False,True,,1.8259711265563965,v9_addendum_comprehensive,46.06376647949219,39.8038330078125
,,,,,,PPE,,,,5LPVA,,DFGin,BLAminus,,5.331557747574029,,BRI1,TKL_BRI1_ARATH,,ATPlike,30,,,False,True,,1.8271310329437256,v9_addendum_latent,150.83319091796875,75.95477294921875
,,,,,,APE,,,,9I9IK,,DFGin,BLAminus,,4.471901314773807,,CDK11B,CMGC_CDK11B_HUMAN,,ATPlike,28,,,False,True,,1.827327847480774,v9_addendum_comprehensive,24.264144897460938,132.20802307128906
,,,,,,PPE,,,,8BULE,,DFGin,BLAminus,,4.685926654306947,,CDK12,CMGC_CDK12_HUMAN,,Type1,29,,,False,True,,1.829275131225586,v9_addendum_comprehensive,86.1406478881836,108.06820678710938
,,,,,,PPE,,,,4ZLYA,,DFGin,BLBplus,,4.2013543500455,,BTK,TYR_BTK_HUMAN,,Type1,29,,,False,True,,1.830414175987244,v9_addendum_latent,-13.421733856201172,-4.6203932762146
,,,,,,APE,,,,8W3BA,,DFGin,BLAminus,,4.138444995990412,,FGFR2,TYR_FGFR2_HUMAN,,Type1.5_Back,30,,,False,True,,1.831459879875183,v9_addendum_comprehensive,85.38269805908203,75.85990142822266
,,,,,,PPE,,,,8BUHH,,DFGin,None,,4.69274607433946,,CDK12,CMGC_CDK12_HUMAN,,Type1,29,,,False,True,,1.832362413406372,v9_addendum_comprehensive,100.3319091796875,122.0848388671875
,,,,,,PPE,,,,8BU3B,,DFGin,None,,4.695994532505528,,CDK12,CMGC_CDK12_HUMAN,,Type1,29,,,False,True,,1.834293365478516,v9_addendum_comprehensive,98.89852142333984,106.16106414794922
,,,,,,PPE,,,,8BU2B,,DFGin,None,,4.700650519348267,,CDK12,CMGC_CDK12_HUMAN,,Type1,29,,,False,True,,1.8348300457000728,v9_addendum_latent,100.41776275634766,103.49279022216795
,,,,,,PPE,,,,5LPBA,,DFGin,BLAminus,,5.2896280431074665,,BRI1,TKL_BRI1_ARATH,,ATPlike,30,,,False,True,,1.835695743560791,v9_addendum_comprehensive,153.50967407226562,73.15461730957031
,,,,,,ALE,,,,7ZYNA,,DFGin,BLAminus,,4.5406442113879,,EGFR,TYR_EGFR_HUMAN,,Type1,30,,,False,True,,1.836170315742493,v9_addendum_latent,78.65251922607422,41.8561897277832
,,,,,,PPE,,,,4OH4A,,DFGin,BLAminus,,5.427574678460811,,BRI1,TKL_BRI1_ARATH,,ATPlike,30,,,False,True,,1.836691737174988,v9_addendum_comprehensive,151.21524047851562,73.63790893554688
,,,,,,APE,,,,7KHJB,,DFGin,BLAminus,,4.40865802560688,,KIT,TYR_KIT_HUMAN,,Type1,30,,,False,True,,1.837844729423523,v9_addendum_comprehensive,42.83054733276367,37.10694122314453
,,,,,,PPE,,,,8BUJE,,DFGin,BLAminus,,4.692567689588166,,CDK12,CMGC_CDK12_HUMAN,,Type1,29,,,False,True,,1.840331792831421,v9_addendum_comprehensive,82.67070770263672,107.73906707763672
,,,,,,PPE,,,,8BUHE,,DFGin,BLAminus,,4.670806123036291,,CDK12,CMGC_CDK12_HUMAN,,Type1,29,,,False,True,,1.8429362773895264,v9_addendum_latent,82.54930877685547,112.6308822631836
,,,,,,PPE,,,,5EFQA,,DFGin,BLAminus,,4.767934390461432,,CDK13,CMGC_CDK13_HUMAN,,ATPlike,29,,,False,True,,1.844142198562622,v9_addendum_latent,117.29006958007812,134.7934112548828
,,,,,,APE,,,,8S17B,,DFGout,BBAminus,,4.34984412613099,,KIT,TYR_KIT_HUMAN,,Type2,30,,,False,True,,1.844856023788452,v9_addendum_comprehensive,-76.11940002441406,-130.85308837890625
,,,,,,PPE,,,,8C1MA,,DFGin,BLAminus,,4.93638783935608,,AURKA,CAMK_AURKA_HUMAN,,"Allosteric,ATPlike",26,,,False,True,,1.8448562622070312,v9_addendum_litsearch,32.34267044067383,37.89128112792969
,,,,,,PPE,,,,8BU4E,,DFGin,BLAminus,,4.694545898102026,,CDK12,CMGC_CDK12_HUMAN,,Type1,29,,,False,True,,1.845778465270996,v9_addendum_latent,88.3303451538086,112.98126983642578
,,,,,,PPE,,,,8BUQB,,DFGin,BLAminus,,4.716044358003717,,CDK12,CMGC_CDK12_HUMAN,,Type1,29,,,False,True,,1.846426248550415,v9_addendum_comprehensive,100.21780395507812,103.68767547607422
,,,,,,APE,,,,8Z5TK,,DFGin,BLAminus,,4.454666334678765,,PHKG1,CAMK_PHKG1_HUMAN,,ATPlike,27,,,False,True,,1.8480961322784424,v9_addendum_comprehensive,130.6674041748047,73.6209945678711
,,,,,,APE,,,,9MMRA,,DFGin,BLBplus,,1.273964294763977,,RAF1,TKL_RAF1_HUMAN,,ATPlike,30,,,False,True,,1.8488008975982664,v9_addendum_comprehensive,3.5003957748413086,15.98801612854004
,,,,,,APE,,,,8Z5TO,,DFGin,BLAminus,,4.440036863353777,,PHKG1,CAMK_PHKG1_HUMAN,,ATPlike,27,,,False,True,,1.8493728637695312,v9_addendum_comprehensive,134.1420440673828,72.68417358398438
,,,,,,PPE,,,,5EYKA,,DFGin,ABAminus,,4.856100481635195,,AURKBA,CAMK_AURKBA_XENLA,,Type1.5_Back,26,,,False,True,,1.8499844074249268,v9_addendum_comprehensive,26.17557144165039,146.0853729248047
,,,,,,APE,,,,7CGAA,,DFGin,BLAminus,,4.9233791676238665,,MAPK12,CMGC_MAPK12_HUMAN,,No_ligand,25,,,False,True,,1.8501553535461424,v9_addendum_comprehensive,15.37041473388672,66.12533569335938
,,,,,,PPE,,,,6R4AA,,DFGin,BLAminus,,4.843244886239766,,AURKA,CAMK_AURKA_HUMAN,,"ATPlike,Allosteric",26,,,False,True,,1.8504409790039065,v9_addendum_comprehensive,25.63846015930176,40.94578552246094
,,,,,,ALE,,,,6D8EA,,DFGin,BLAminus,,4.613771531264933,,EGFR,TYR_EGFR_HUMAN,,Type1.5_Back,30,,,False,True,,1.8507740497589111,v9_addendum_latent,79.81453704833984,44.32564163208008
,,,,,,APE,,,,9O2ZA,,DFGin,BLBplus,,1.199329367368143,,BRAF,TKL_BRAF_HUMAN,,No_ligand,30,,,False,True,,1.851362347602844,v9_addendum_comprehensive,4.232595443725586,14.14967918395996
,,,,,,PPE,,,,8BUCE,,DFGin,BLAminus,,4.681299547569511,,CDK12,CMGC_CDK12_HUMAN,,Type1,29,,,False,True,,1.8531279563903809,v9_addendum_comprehensive,81.38323974609375,109.1087417602539
,,,,,,APE,,,,8S16B,,DFGout,BBAminus,,4.347867197054887,,KIT,TYR_KIT_HUMAN,,Type2,30,,,False,True,,1.8532516956329343,v9_addendum_comprehensive,-73.7598648071289,-128.21372985839844
,,,,,,APE,,,,7CGAB,,DFGin,ABAminus,,4.83162878291895,,MAPK12,CMGC_MAPK12_HUMAN,,No_ligand,25,,,False,True,,1.8536702394485476,v9_addendum_comprehensive,9.97225570678711,80.48871612548828
,,,,,,PPE,,,,8BU7E,,DFGin,BLAminus,,4.680770113543669,,CDK12,CMGC_CDK12_HUMAN,,Type1,29,,,False,True,,1.856108903884888,v9_addendum_latent,85.95345306396484,112.1844711303711
,,,,,,ALE,,,,4R5SA,,DFGin,BLAminus,,4.622495115125947,,EGFR,TYR_EGFR_HUMAN,,Type1.5_Back,30,,,False,True,,1.8569642305374143,v9_addendum_comprehensive,2.9569737911224365,97.84294128417967
,,,,,,PPE,,,,8BUNE,,DFGin,BLAminus,,4.698341574766311,,CDK12,CMGC_CDK12_HUMAN,,Type1,29,,,False,True,,1.8573195934295652,v9_addendum_latent,87.00060272216797,108.60601043701172
,,,,,,PPE,,,,8BUAE,,DFGin,ABAminus,,4.700872497250502,,CDK12,CMGC_CDK12_HUMAN,,Type1,29,,,False,True,,1.8576505184173584,v9_addendum_latent,88.75896453857422,112.48043060302734
,,,,,,PPE,,,,8BUTE,,DFGin,BLAminus,,4.666393602696816,,CDK12,CMGC_CDK12_HUMAN,,Type1,29,,,False,True,,1.8586424589157104,v9_addendum_comprehensive,85.82774353027344,111.49308776855467
,,,,,,PPE,,,,8BUGE,,DFGin,BLAminus,,4.696365855215936,,CDK12,CMGC_CDK12_HUMAN,,No_ligand,29,,,False,True,,1.8588870763778689,v9_addendum_comprehensive,89.90535736083984,122.20011901855467
,,,,,,PPE,,,,8BUEE,,DFGin,BLAminus,,4.698208745803353,,CDK12,CMGC_CDK12_HUMAN,,Type1,29,,,False,True,,1.8593813180923464,v9_addendum_comprehensive,85.65471649169922,115.21591186523438
,,,,,,ALE,,,,5X28A,,DFGin,BLAminus,,4.546919593922566,,EGFR,TYR_EGFR_HUMAN,,Type1,30,,,False,True,,1.859487533569336,v9_addendum_comprehensive,5.5385422706604,94.66949462890624
,,,,,,PPE,,,,8BU6E,,DFGin,BLAminus,,4.6999625312563005,,CDK12,CMGC_CDK12_HUMAN,,Type1,29,,,False,True,,1.8603475093841555,v9_addendum_comprehensive,84.2558364868164,112.46891021728516
,,,,,,PPE,,,,6TD3B,,DFGin,BLAminus,,4.673863060799406,,CDK12,CMGC_CDK12_HUMAN,,Type1,29,,,False,True,,1.860907793045044,v9_addendum_latent,97.88787078857422,105.57363891601562
,,,,,,APE,,,,9QJJB,,DFGin,BLAminus,,4.69319299465394,,CDK2,CMGC_CDK2_HUMAN,,Type1,28,,,False,True,,1.8621203899383545,v9_addendum_comprehensive,55.067962646484375,120.17081451416016
,,,,,,PPE,,,,8BU9E,,DFGin,BLAminus,,4.682028188263992,,CDK12,CMGC_CDK12_HUMAN,,Type1,29,,,False,True,,1.8629188537597656,v9_addendum_latent,89.89698028564453,114.62652587890624
,,,,,,ALE,,,,3IKAB,,DFGinter,None,,4.611663974220813,,EGFR,TYR_EGFR_HUMAN,,No_ligand,30,,,False,True,,1.8635282516479488,v9_addendum_latent,60.4204216003418,31.501140594482425
,,,,,,APE,,,,7CGAC,,DFGin,ABAminus,,4.926337903295671,,MAPK12,CMGC_MAPK12_HUMAN,,No_ligand,25,,,False,True,,1.8647828102111816,v9_addendum_comprehensive,9.326348304748535,84.0201416015625
,,,,,,PPE,,,,3TN8A,,DFGin,BLAminus,,4.774790741812682,,CDK9,CMGC_CDK9_HUMAN,,Type1,32,,,False,True,,1.8650282621383667,v9_addendum_comprehensive,72.72266387939453,109.74182891845705
,,,,,,APE,,,,8S17A,,DFGout,BBAminus,,4.4224358089788245,,KIT,TYR_KIT_HUMAN,,Type2,30,,,False,True,,1.865849256515503,v9_addendum_comprehensive,-81.34532928466797,-136.157470703125
,,,,,,PPE,,,,8BU3E,,DFGin,BLAminus,,4.697102911333594,,CDK12,CMGC_CDK12_HUMAN,,Type1,29,,,False,True,,1.8660718202590945,v9_addendum_latent,84.70686340332031,107.20599365234376
,,,,,,PPE,,,,5LPYA,,DFGin,BLAminus,,5.288715304585585,,BRI1,TKL_BRI1_ARATH,,ATPlike,30,,,False,True,,1.867989182472229,v9_addendum_comprehensive,156.07850646972656,74.69923400878906
,,,,,,PPE,,,,8BUDE,,DFGin,BLAminus,,4.699379034546355,,CDK12,CMGC_CDK12_HUMAN,,No_ligand,29,,,False,True,,1.8685990571975708,v9_addendum_comprehensive,93.13062286376952,107.59365844726562
,,,,,,ALE,,,,3PP0A,,DFGin,None,,4.552253792565772,,ERBB2,TYR_ERBB2_HUMAN,,Type1.5_Back,30,,,False,True,,1.868600845336914,v9_addendum_latent,90.4754638671875,52.914161682128906
,,,,,,PPE,,,,6GZHA,,DFGin,BLAminus,,4.711466357914285,,CDK9,CMGC_CDK9_HUMAN,,Type1,32,,,False,True,,1.8689420223236084,v9_addendum_comprehensive,91.01963806152344,117.57315063476562
,,,,,,ALE,,,,2JIUB,,DFGinter,None,,4.567549417309229,,EGFR,TYR_EGFR_HUMAN,,No_ligand,30,,,False,True,,1.869884729385376,v9_addendum_latent,77.4825668334961,41.05650329589844
,,,,,,PPE,,,,5DN3A,,DFGin,BLAminus,,4.904640710140426,,AURKA,CAMK_AURKA_HUMAN,,"Allosteric,ATPlike",26,,,False,True,,1.8701171875,v9_addendum_latent,30.772106170654297,37.64133071899414
,,,,,,ALE,,,,3BCEA,,DFGin,BLAminus,,4.4739833868010495,,ERBB4,TYR_ERBB4_HUMAN,,No_ligand,30,,,False,True,,1.870140790939331,v9_addendum_latent,98.7648468017578,71.039306640625
,,,,,,PPE,,,,8BUKE,,DFGin,BLAminus,,4.701288580580672,,CDK12,CMGC_CDK12_HUMAN,,Type1,29,,,False,True,,1.870380997657776,v9_addendum_latent,85.5274429321289,113.09595489501952
,,,,,,PPE,,,,8BUIB,,DFGin,ABAminus,,4.70517819173458,,CDK12,CMGC_CDK12_HUMAN,,Type1,29,,,False,True,,1.8711481094360352,v9_addendum_comprehensive,93.8147201538086,104.95677185058594
,,,,,,ALE,,,,3BCEB,,DFGin,BLAminus,,4.416556129765431,,ERBB4,TYR_ERBB4_HUMAN,,No_ligand,30,,,False,True,,1.8724552392959597,v9_addendum_latent,93.9712905883789,67.26551818847656
,,,,,,PPE,,,,8BURE,,DFGin,ABAminus,,4.696754422526358,,CDK12,CMGC_CDK12_HUMAN,,Type1,29,,,False,True,,1.8753345012664795,v9_addendum_comprehensive,90.05071258544922,109.04492950439452
,,,,,,PPE,,,,2DWBA,,DFGin,BLAminus,,4.878966393768888,,AURKA,CAMK_AURKA_HUMAN,,ATPlike,26,,,False,True,,1.8758307695388796,v9_addendum_latent,22.99138832092285,37.90622329711914
,,,,,,ALE,,,,4LRMB,,DFGin,BLAminus,,4.483148733872426,,EGFR,TYR_EGFR_HUMAN,,Type1,30,,,False,True,,1.877428770065308,v9_addendum_comprehensive,83.26631164550781,41.16713333129883
,,,,,,APE,,,,8Z5RC,,DFGin,BLAminus,,4.456654320911854,,PHKG1,CAMK_PHKG1_HUMAN,,ATPlike,27,,,False,True,,1.8775159120559688,v9_addendum_comprehensive,129.65740966796875,71.21947479248047
,,,,,,APE,,,,8S16A,,DFGout,BBAminus,,4.405267879715735,,KIT,TYR_KIT_HUMAN,,Type2,30,,,False,True,,1.8809738159179688,v9_addendum_comprehensive,-82.4056625366211,-135.07679748535156
,,,,,,PPE,,,,5DOSA,,DFGin,BLAminus,,4.869749537270204,,AURKA,CAMK_AURKA_HUMAN,,"Allosteric,ATPlike",26,,,False,True,,1.8855597972869875,v9_addendum_litsearch,27.72212219238281,56.55770111083984
,,,,,,PPE,,,,5OS2A,,DFGin,BLAminus,,4.889346819207336,,AURKA,CAMK_AURKA_HUMAN,,"ATPlike,Allosteric",26,,,False,True,,1.8860429525375368,v9_addendum_latent,25.860536575317383,39.237091064453125
,,,,,,PPE,,,,7N5XA,,DFGin,BLBplus,,4.2055537089217,,BTK,TYR_BTK_HUMAN,,Type1,29,,,False,True,,1.88709020614624,v9_addendum_latent,-13.550762176513672,-4.212896347045898
,,,,,,APE,,,,9HIWB,,DFGin,BLAminus,,4.698764727626137,,CDK2,CMGC_CDK2_HUMAN,,No_ligand,28,,,False,True,,1.8897278308868408,v9_addendum_comprehensive,54.87080001831055,118.91171264648438
,,,,,,PPE,,,,6TD3E,,DFGin,BLAminus,,4.6713930388929885,,CDK12,CMGC_CDK12_HUMAN,,Type1,29,,,False,True,,1.8905237913131716,v9_addendum_comprehensive,101.64928436279295,115.86507415771484
,,,,,,PPE,,,,8BUFE,,DFGin,BLAminus,,4.6650220589843165,,CDK12,CMGC_CDK12_HUMAN,,Type1,29,,,False,True,,1.891751766204834,v9_addendum_comprehensive,86.29581451416016,107.95555877685548
,,,,,,ALE,,,,5FEDA,,DFGin,BLAminus,,4.595772178562208,,EGFR,TYR_EGFR_HUMAN,,Type1,30,,,False,True,,1.893160462379456,v9_addendum_latent,47.977481842041016,39.03908920288086
,,,,,,PPE,,,,5DRDA,,DFGin,BLAminus,,4.844596005791876,,AURKA,CAMK_AURKA_HUMAN,,ATPlike,26,,,False,True,,1.8951890468597408,v9_addendum_comprehensive,31.186521530151367,46.31825637817383
,,,,,,APE,,,,9I9JJ,,DFGin,BLAminus,,4.604874230474393,,CDK7,CMGC_CDK7_HUMAN,,ATPlike,28,,,False,True,,1.8984501361846924,v9_addendum_latent,70.88201904296875,101.54666137695312
,,,,,,PPE,,,,6W9EA,,DFGin,BLAminus,,4.82521209898915,,CDK9,CMGC_CDK9_HUMAN,,"Type1,Type1,Type1,Type1",32,,,False,True,,1.903741717338562,v9_addendum_latent,77.14990997314453,107.09801483154295
,,,,,,ALE,,,,4LRMC,,DFGin,BLAminus,,4.550832329559145,,EGFR,TYR_EGFR_HUMAN,,Type1,30,,,False,True,,1.9059362411499023,v9_addendum_latent,80.09711456298828,39.90507888793945
,,,,,,PPE,,,,8GC7A,,DFGin,BLBplus,,4.249521251433692,,BTK,TYR_BTK_HUMAN,,Type1,29,,,False,True,,1.908015847206116,v9_addendum_comprehensive,-15.16994571685791,-5.757707118988037
,,,,,,PPE,,,,5ORLA,,DFGin,BLAminus,,4.839816611785128,,AURKA,CAMK_AURKA_HUMAN,,"ATPlike,Allosteric",26,,,False,True,,1.9094765186309812,v9_addendum_comprehensive,24.006196975708008,35.151737213134766
,,,,,,PPE,,,,8FLVA,,DFGin,BLBplus,,4.198809204539101,,BTK,TYR_BTK_HUMAN,,Type1,29,,,False,True,,1.9096901416778564,v9_addendum_comprehensive,-13.836380004882812,-5.009389400482178
,,,,,,PPE,,,,5DNRA,,DFGin,BLAminus,,4.910507880881614,,AURKA,CAMK_AURKA_HUMAN,,ATPlike,26,,,False,True,,1.909772872924805,v9_addendum_litsearch,29.41472244262696,37.906494140625
,,,,,,PPE,,,,2PMOX,,DFGin,BLAminus,,3.974645360943245,,PK7,OTHER_PK7_PLAF7,,Type1,26,,,False,True,,1.912238359451294,v9_addendum_comprehensive,114.6886215209961,114.9261474609375
,,,,,,PPE,,,,5DR2A,,DFGin,BLAminus,,4.8574965160898245,,AURKA,CAMK_AURKA_HUMAN,,"Allosteric,ATPlike",26,,,False,True,,1.913257837295532,v9_addendum_latent,19.073148727416992,46.36536407470703
,,,,,,ALE,,,,5FEQA,,DFGin,BLAminus,,4.594547205013549,,EGFR,TYR_EGFR_HUMAN,,Type1,30,,,False,True,,1.9185667037963867,v9_addendum_latent,80.9818115234375,44.9635124206543
,,,,,,APE,,,,8W38B,,DFGin,BLAminus,,4.142984058600053,,FGFR2,TYR_FGFR2_HUMAN,,Type1.5_Back,30,,,False,True,,1.9201817512512207,v9_addendum_comprehensive,64.66613006591797,38.16225051879883
,,,,,,PPE,,,,4Z3VA,,DFGin,BLBplus,,4.2049135981317125,,BTK,TYR_BTK_HUMAN,,Type1,29,,,False,True,,1.922022819519043,v9_addendum_comprehensive,-14.240342140197754,-5.536108493804932
,,,,,,ALE,,,,6WAKB,,DFGin,BLBtrans,,4.5029028069319175,,EGFR,TYR_EGFR_HUMAN,,ATPlike,30,,,False,True,,1.9227089881896973,v9_addendum_latent,-13.951179504394531,1.3691567182540894
,,,,,,PPE,,,,1K2PA,,DFGin,BLAplus,,4.362238582319766,,BTK,TYR_BTK_HUMAN,,No_ligand,29,,,False,True,,1.9245481491088867,v9_addendum_comprehensive,54.58011245727539,34.962745666503906
,,,,,,PPE,,,,8BUIE,,DFGin,BLAminus,,4.650439769154838,,CDK12,CMGC_CDK12_HUMAN,,Type1,29,,,False,True,,1.9302396774291992,v9_addendum_comprehensive,95.63146209716795,117.43804168701172
,,,,,,ALE,,,,3BCEC,,DFGin,BLAminus,,4.43433386785868,,ERBB4,TYR_ERBB4_HUMAN,,No_ligand,30,,,False,True,,1.9309792518615725,v9_addendum_comprehensive,95.71937561035156,72.84774780273438
,,,,,,PPE,,,,4J8NB,,DFGin,BLAminus,,4.862793915013502,,AURKA,CAMK_AURKA_HUMAN,,No_ligand,26,,,False,True,,1.931199550628662,v9_addendum_latent,21.530906677246094,33.91579055786133
,,,,,,APE,,,,9HJ1B,,DFGin,BLAminus,,4.669822525169233,,CDK2,CMGC_CDK2_HUMAN,,No_ligand,28,,,False,True,,1.9330472946166992,v9_addendum_comprehensive,54.63920211791992,118.03050231933594
,,,,,,PPE,,,,6R49A,,DFGin,BLAminus,,4.85939306743023,,AURKA,CAMK_AURKA_HUMAN,,"ATPlike,Allosteric",26,,,False,True,,1.9350717067718504,v9_addendum_latent,23.83797836303711,52.74067687988281
,,,,,,PPE,,,,7N5YA,,DFGin,BLBplus,,4.219568896501739,,BTK,TYR_BTK_HUMAN,,Type1,29,,,False,True,,1.936817049980164,v9_addendum_latent,-13.643987655639648,-4.933901309967041
,,,,,,PPE,,,,5DT4A,,DFGin,BLAminus,,4.886587348658023,,AURKA,CAMK_AURKA_HUMAN,,"Allosteric,ATPlike",26,,,False,True,,1.9374213218688965,v9_addendum_litsearch,25.84528160095215,53.62606048583984
,,,,,,PPE,,,,8K5RA,,DFGin,BLAminus,,4.840631900460602,,CDK9,CMGC_CDK9_HUMAN,,Type1,32,,,False,True,,1.9383734464645384,v9_addendum_latent,78.86124420166016,97.27818298339844
,,,,,,ALE,,,,7JXHD,,DFGin,None,,4.448897301602177,,ERBB2,TYR_ERBB2_HUMAN,,Type1.5_Back,30,,,False,True,,1.9410996437072756,v9_addendum_comprehensive,93.6976547241211,68.07295989990234
,,,,,,APE,,,,7CGAD,,DFGin,ABAminus,,4.868798582057007,,MAPK12,CMGC_MAPK12_HUMAN,,No_ligand,25,,,False,True,,1.943497657775879,v9_addendum_comprehensive,8.55562686920166,70.19923400878906
,,,,,,ALE,,,,2ITXA,,DFGin,BLAminus,,4.553440885142735,,EGFR,TYR_EGFR_HUMAN,,ATPlike,30,,,False,True,,1.9443333148956297,v9_addendum_comprehensive,42.83232879638672,36.62568283081055
,,,,,,PPE,,,,8C15A,,DFGin,BLAminus,,4.863400404880939,,AURKA,CAMK_AURKA_HUMAN,,"ATPlike,Allosteric,Allosteric",26,,,False,True,,1.945511817932129,v9_addendum_comprehensive,26.439632415771484,57.7410888671875
,,,,,,PPE,,,,6Z45A,,DFGin,BLAminus,,4.81370947433233,,CDK9,CMGC_CDK9_HUMAN,,Type1,32,,,False,True,,1.9469704627990725,v9_addendum_latent,74.97933197021484,109.0265884399414
,,,,,,PPE,,,,8C14A,,DFGin,BLAminus,,4.915602058606524,,AURKA,CAMK_AURKA_HUMAN,,"ATPlike,Allosteric,Allosteric",26,,,False,True,,1.949161529541016,v9_addendum_latent,27.235885620117188,34.669551849365234
,,,,,,AIE,,,,6NECC,,DFGin,BLAminus,,4.364450213215748,,RET,TYR_RET_HUMAN,,Type1.5_Back,30,,,False,True,,1.9503053426742556,v9_addendum_litsearch,28.549842834472656,45.51249694824219
,,,,,,PPE,,,,4BN1A,,DFGin,BLAminus,,4.895366456763919,,AURKA,CAMK_AURKA_HUMAN,,ATPlike,26,,,False,True,,1.950711011886597,v9_addendum_litsearch,31.62313461303711,50.684349060058594
,,,,,,PPE,,,,3NRMA,,DFGin,BLAminus,,4.900577068522908,,AURKA,CAMK_AURKA_HUMAN,,Type1,26,,,False,True,,1.954334020614624,v9_addendum_comprehensive,30.756153106689453,44.12862777709961
,,,,,,PPE,,,,4AT3A,,DFGin,None,,4.3221442364862295,,NTRK2,TYR_NTRK2_HUMAN,,Type1,30,,,False,True,,1.960167646408081,v9_addendum_comprehensive,-26.34165573120117,-60.796653747558594
,,,,,,PPE,,,,4DHFB,,DFGin,None,,4.828344531979199,,AURKA,CAMK_AURKA_HUMAN,,Type1,26,,,False,True,,1.960653305053711,v9_addendum_litsearch,25.41845703125,33.84801483154297
,,,,,,APE,,,,7NVQA,,DFGin,BLBplus,,4.806249661453412,,CDK2,CMGC_CDK2_HUMAN,,Type1,28,,,False,True,,1.9614043235778809,v9_addendum_comprehensive,-84.0276107788086,11.543776512145996
,,,,,,PPE,,,,4OH4B,,DFGin,BLAminus,,5.411081212409986,,BRI1,TKL_BRI1_ARATH,,ATPlike,30,,,False,True,,1.9649468660354612,v9_addendum_comprehensive,150.94581604003906,67.45634460449219
,,,,,,APE,,,,8S19A,,DFGin,BLAminus,,4.324198957407633,,KIT,TYR_KIT_HUMAN,,Type1,30,,,False,True,,1.9652162790298464,v9_addendum_comprehensive,59.74375534057617,33.77994918823242
,,,,,,PPE,,,,4JAJA,,DFGin,BLAminus,,4.857263651749602,,AURKA,CAMK_AURKA_HUMAN,,Type1,26,,,False,True,,1.9678071737289429,v9_addendum_comprehensive,24.65975952148437,35.02628326416016
,,,,,,ALE,,,,8HV4A,,DFGin,BLAminus,,4.617033803200415,,EGFR,TYR_EGFR_HUMAN,,"Allosteric,Type1",30,,,False,True,,1.9693598747253416,v9_addendum_latent,42.602657318115234,39.3923454284668
,,,,,,ALE,,,,2RF9B,,DFGout,None,,4.582483931693785,,EGFR,TYR_EGFR_HUMAN,,No_ligand,30,,,False,True,,1.980090856552124,v9_addendum_latent,46.42266082763672,37.626094818115234
,,,,,,ALE,,,,8HV2A,,DFGin,BLAminus,,4.5941735041586815,,EGFR,TYR_EGFR_HUMAN,,Type1,30,,,False,True,,1.9826390743255613,v9_addendum_latent,38.40071487426758,43.62311553955078
,,,,,,PPE,,,,4F0IA,,DFGout,None,,4.218035599018988,,NTRK1,TYR_NTRK1_HUMAN,,No_ligand,30,,,False,True,,1.9830999374389648,v9_addendum_comprehensive,-28.526142120361328,-112.34990692138672
,,,,,,PPE,,,,5OBJA,,DFGin,None,,4.844923207951466,,AURKA,CAMK_AURKA_HUMAN,,"ATPlike,Allosteric",26,,,False,True,,1.9833579063415527,v9_addendum_litsearch,19.965145111083984,50.72941207885742
,,,,,,SPE,,,,7P6OC,,DFGin,BLAminus,,2.4828377157713044,,ROCK2,AGC_ROCK2_HUMAN,,Type1.5_Front,29,,,False,True,,1.98810076713562,v9_addendum_comprehensive,160.40391540527344,93.12799835205078
,,,,,,ALE,,,,2RF9A,,DFGout,BBAminus,,4.56377420955478,,EGFR,TYR_EGFR_HUMAN,,No_ligand,30,,,False,True,,1.995854735374451,v9_addendum_latent,90.42565155029295,62.68914413452149
,,,,,,APE,,,,8W3DC,,DFGin,BLAminus,,4.142965381088809,,FGFR2,TYR_FGFR2_HUMAN,,Type1.5_Back,30,,,False,True,,1.9961481094360352,v9_addendum_comprehensive,58.70758056640625,33.21125411987305
,,,,,,ALE,,,,5J9YA,,DFGin,BLAminus,,4.540235757431939,,EGFR,TYR_EGFR_HUMAN,,Type1,30,,,False,True,,1.9973130226135252,v9_addendum_comprehensive,44.319766998291016,38.7783317565918
,,,,,,APE,,,,9HIUB,,DFGin,BLAminus,,4.677369225736242,,CDK2,CMGC_CDK2_HUMAN,,No_ligand,28,,,False,True,,2.002777099609375,v9_addendum_comprehensive,53.435089111328125,111.80876159667967
,,,,,,AWE,,,,5SAYB,,DFGout,BBAminus,,3.979560544384094,,DDR1,TYR_DDR1_HUMAN,,Type2,30,,,False,True,,2.005909919738769,v9_addendum_litsearch,-31.071022033691406,-106.26667022705078
,,,,,,APE,,,,9D0PA,,DFGin,BLAminus,,4.735550353519913,,PLK1,CAMK_PLK1_HUMAN,,Type1,28,,,False,True,,2.008607149124145,v9_addendum_comprehensive,113.35211944580078,75.42236328125
,,,,,,SPE,,,,9O2ZB,,DFGin,BLBplus,,5.012405233886108,,MAP2K1,STE_MAP2K1_HUMAN,,Type3,26,,,False,True,,2.010033369064331,v9_addendum_comprehensive,-26.503278732299805,47.5983772277832
,,,,,,APE,,,,8Z5TG,,DFGin,BLAminus,,4.447215970688623,,PHKG1,CAMK_PHKG1_HUMAN,,ATPlike,27,,,False,True,,2.011107444763184,v9_addendum_comprehensive,132.6045379638672,68.87358856201172
,,,,,,PPE,,,,5DPVA,,DFGin,ABAminus,,4.860151214256406,,AURKA,CAMK_AURKA_HUMAN,,"Allosteric,Type1",26,,,False,True,,2.0146484375,v9_addendum_litsearch,15.31422233581543,62.08542251586914
,,,,,,APE,,,,8S15A,,DFGout,BBAminus,,4.384595117309014,,KIT,TYR_KIT_HUMAN,,Type1,30,,,False,True,,2.015564203262329,v9_addendum_comprehensive,-97.60951232910156,-136.34803771972656
,,,,,,PPE,,,,5G15A,,DFGin,BLAminus,,4.935210462450181,,AURKA,CAMK_AURKA_HUMAN,,ATPlike,26,,,False,True,,2.017932653427124,v9_addendum_litsearch,35.856285095214844,133.8578643798828
,,,,,,PPE,,,,2PMNX,,DFGin,BLAminus,,4.05639412275341,,PK7,OTHER_PK7_PLAF7,,Type1,26,,,False,True,,2.019808053970337,v9_addendum_comprehensive,106.60540008544922,125.79025268554688
,,,,,,AWE,,,,5BVWA,,DFGout,None,,3.985078425410106,,DDR1,TYR_DDR1_HUMAN,,Type1,30,,,False,True,,2.020354747772217,v9_addendum_litsearch,-35.790462493896484,-111.77584075927734
,,,,,,PPE,,,,8FLHA,,DFGin,BLBplus,,4.1880897284220175,,BTK,TYR_BTK_HUMAN,,Type1,29,,,False,True,,2.0224251747131348,v9_addendum_comprehensive,-13.724942207336426,-4.994523525238037
,,,,,,ALE,,,,6SD9A,,DFGout,BBAminus,,4.50116797319478,,MET,TYR_MET_HUMAN,,Type2,32,,,False,True,,2.0234858989715576,v9_addendum_comprehensive,-47.8214225769043,-109.35630798339844
,,,,,,APE,,,,9R8CB,,DFGin,BLAminus,,4.670231751189821,,PLK1,CAMK_PLK1_HUMAN,,Type1,28,,,False,True,,2.027554988861084,v9_addendum_comprehensive,105.35987854003906,69.78533172607422
,,,,,,PPE,,,,6DKGA,,DFGout,BBAminus,,4.258388125880267,,NTRK1,TYR_NTRK1_HUMAN,,"Allosteric,Type2",30,,,False,True,,2.028168201446533,v9_addendum_latent,-45.233394622802734,-93.6900634765625
,,,,,,PPE,,,,2PMLX,,DFGin,BLAminus,,4.051628752369451,,PK7,OTHER_PK7_PLAFA,,ATPlike,26,,,False,True,,2.0346031188964844,v9_addendum_comprehensive,116.54666900634766,127.6607666015625
,,,,,,PPE,,,,4ASZA,,DFGout,None,,4.317762816054659,,NTRK2,TYR_NTRK2_HUMAN,,No_ligand,30,,,False,True,,2.036385059356689,v9_addendum_comprehensive,-29.23304748535156,-117.50450897216795
,,,,,,ALE,,,,5HIBA,,DFGin,BLAminus,,4.58694396597299,,EGFR,TYR_EGFR_HUMAN,,Type1,30,,,False,True,,2.037137508392334,v9_addendum_comprehensive,35.14910125732422,46.03425979614258
,,,,,,APE,,,,9O0VG,,DFGin,BLAminus,,1.162038000126221,,RAF1,TKL_RAF1_HUMAN,,Type1,30,,,False,True,,2.038853168487549,v9_addendum_comprehensive,9.801653861999512,72.63900756835938
,,,,,,ALE,,,,4RIXB,,DFGin,None,,4.571710900781029,,EGFR,TYR_EGFR_HUMAN,,ATPlike,30,,,False,True,,2.0396010875701904,v9_addendum_latent,135.61663818359375,125.12588500976562
,,,,,,PPE,,,,5ZANA,,DFGin,BLAminus,,4.909190090552398,,AURKA,CAMK_AURKA_HUMAN,,Type1,26,,,False,True,,2.04056453704834,v9_addendum_comprehensive,27.083011627197266,67.7975082397461
,,,,,,ALE,,,,8HV7A,,DFGin,BLAminus,,4.6046081968376535,,EGFR,TYR_EGFR_HUMAN,,"Allosteric,Type1",30,,,False,True,,2.0423238277435303,v9_addendum_latent,28.56071853637696,41.32590103149414
,,,,,,AWE,,,,6FIOA,,DFGout,BBAminus,,3.9019478166902406,,DDR1,TYR_DDR1_HUMAN,,Type2,30,,,False,True,,2.0454349517822266,v9_addendum_litsearch,-26.856977462768555,-103.82366943359376
,,,,,,ALE,,,,5FEEA,,DFGin,BLBplus,,4.602162162599449,,EGFR,TYR_EGFR_HUMAN,,Type1,30,,,False,True,,2.0509305000305176,v9_addendum_latent,31.495943069458008,50.41884231567383
,,,,,,APE,,,,9FT9A,,DFGin,BLAminus,,5.291410282841285,,MAPK8,CMGC_MAPK8_HUMAN,,ATPlike,27,,,False,True,,2.0512986183166504,v9_addendum_comprehensive,34.22930908203125,50.90263366699219
,,,,,,APE,,,,8S13A,,DFGout,BBAminus,,4.382528452071279,,KIT,TYR_KIT_HUMAN,,No_ligand,30,,,False,True,,2.0534603595733643,v9_addendum_comprehensive,-92.79259490966795,-138.18702697753906
,,,,,,PPE,,,,8C1KA,,DFGin,BLAminus,,4.862047389838128,,AURKA,CAMK_AURKA_HUMAN,,"Allosteric,ATPlike,Allosteric",26,,,False,True,,2.057888984680176,v9_addendum_comprehensive,19.94636344909668,40.83290863037109
,,,,,,APE,,,,9O0UG,,DFGin,BLAminus,,1.16852863815101,,RAF1,TKL_RAF1_HUMAN,,Type1,30,,,False,True,,2.060183525085449,v9_addendum_comprehensive,10.8299560546875,73.57498168945312
,,,,,,APE,,,,8S14A,,DFGout,BBAminus,,4.367595744290663,,KIT,TYR_KIT_HUMAN,,Type1,30,,,False,True,,2.061737537384033,v9_addendum_comprehensive,-94.57295989990234,-138.2790069580078
,,,,,,APE,,,,7OREA,,DFGin,ABAminus,,5.438401345310018,,MAPK10,CMGC_MAPK10_HUMAN,,"Type1,Type1",27,,,False,True,,2.068307638168335,v9_addendum_comprehensive,-77.50985717773438,21.024566650390625
,,,,,,ALE,,,,6JWLA,,DFGin,BLAminus,,4.565297655429733,,EGFR,TYR_EGFR_HUMAN,,Type1,30,,,False,True,,2.078197240829468,v9_addendum_latent,14.98545265197754,56.59377670288086
,,,,,,PPE,,,,4AT4A,,DFGout,BBAminus,,4.343929696699914,,NTRK2,TYR_NTRK2_HUMAN,,Type2,30,,,False,True,,2.0845179557800293,v9_addendum_comprehensive,-34.08561706542969,-115.55309295654295
,,,,,,PPE,,,,2WTWA,,DFGin,ABAminus,,4.869151965365639,,AURKA,CAMK_AURKA_HUMAN,,Type1,26,,,False,True,,2.093822240829468,v9_addendum_latent,24.891393661499023,56.7738151550293
,,,,,,ALE,,,,6XL4C,,DFGin,BLBtrans,,4.576180635183509,,EGFR,TYR_EGFR_HUMAN,,No_ligand,30,,,False,True,,2.097769260406494,v9_addendum_comprehensive,-15.39480209350586,-4.6347975730896
,,,,,,SPE,,,,9MMPB,,DFGin,BLBplus,,5.118554250800687,,MAP2K1,STE_MAP2K1_HUMAN,,"ATPlike,Type3",26,,,False,True,,2.102909803390503,v9_addendum_comprehensive,-28.0748348236084,55.300777435302734
,,,,,,APE,,,,9R8CA,,DFGin,BLAminus,,4.772976580134168,,PLK1,CAMK_PLK1_HUMAN,,Type1,28,,,False,True,,2.103797435760498,v9_addendum_comprehensive,107.27627563476562,75.00701904296875
,,,,,,APE,,,,9R1XB,,DFGin,BLAminus,,4.688707477081638,,PLK1,CAMK_PLK1_HUMAN,,Type1,28,,,False,True,,2.105508804321289,v9_addendum_comprehensive,107.71981048583984,69.30103302001953
,,,,,,ALE,,,,4G5PB,,DFGinter,None,,4.612238427672769,,EGFR,TYR_EGFR_HUMAN,,No_ligand,30,,,False,True,,2.107422113418579,v9_addendum_latent,38.36017990112305,39.89916229248047
,,,,,,ALE,,,,4RIWB,,DFGin,None,,4.586712835109057,,EGFR,TYR_EGFR_HUMAN,,ATPlike,30,,,False,True,,2.110029697418213,v9_addendum_comprehensive,133.5825958251953,126.73636627197266
,,,,,,PPE,,,,4X7QB,,DFGin,BLAminus,,5.994753274928619,,PIM2,CAMK_PIM2_HUMAN,,Type1,26,,,False,True,,2.1107177734375,v9_addendum_latent,81.0794906616211,83.41495513916016
,,,,,,APE,,,,9SKQJ,,DFGin,BLAminus,,4.614705601698938,,CDK7,CMGC_CDK7_HUMAN,,ATPlike,28,,,False,True,,2.1122021675109863,v9_addendum_comprehensive,61.00556564331055,76.32544708251953
,,,,,,PPE,,,,8C1FA,,DFGin,BLAminus,,4.880008722411621,,AURKA,CAMK_AURKA_HUMAN,,"ATPlike,Allosteric,Allosteric",26,,,False,True,,2.1134979724884038,v9_addendum_comprehensive,25.27493476867676,61.72026443481445
,,,,,,PPE,,,,8SSPA,,DFGin,BLAminus,,4.928966567231602,,AURKA,CAMK_AURKA_HUMAN,,"Allosteric,Type1",26,,,False,True,,2.1153337955474854,v9_addendum_comprehensive,42.23746490478516,146.56558227539062
,,,,,,PPE,,,,6CPEA,,DFGin,BLAminus,,4.882584368917062,,AURKA,CAMK_AURKA_HUMAN,,No_ligand,26,,,False,True,,2.125751256942749,v9_addendum_litsearch,31.617361068725582,111.64041137695312
,,,,,,PPE,,,,5C1QB,,DFGin,BLAminus,,6.041252655921405,,PIM1,CAMK_PIM1_HUMAN,,Type1,26,,,False,True,,2.130617618560791,v9_addendum_latent,84.13246154785156,88.0937271118164
,,,,,,ALE,,,,8FV4B,,DFGin,BLBtrans,,4.574525732296563,,EGFR,TYR_EGFR_HUMAN,,No_ligand,30,,,False,True,,2.13463830947876,v9_addendum_latent,-17.34682846069336,-2.2438995838165283
,,,,,,APE,,,,7LVHA,,DFGin,BLAminus,,4.415484390547663,,AAK1,OTHER_AAK1_MOUSE,,Type1,36,,,False,True,,2.135160446166992,v9_addendum_comprehensive,17.80762481689453,5.332996845245361
,,,,,,PPE,,,,3C4ED,,DFGin,BLAminus,,6.067447911995894,,PIM1,CAMK_PIM1_HUMAN,,Type1,26,,,False,True,,2.1369054317474365,v9_addendum_latent,74.78038787841797,83.81119537353516
,,,,,,PPE,,,,4MBLA,,DFGin,BLAminus,,6.077652343512446,,PIM1,CAMK_PIM1_HUMAN,,Type1,26,,,False,True,,2.143074750900269,v9_addendum_latent,84.91173553466797,93.40213012695312
,,,,,,PPE,,,,3VBQA,,DFGin,BLAminus,,6.068161898598805,,PIM1,CAMK_PIM1_HUMAN,,Type1,26,,,False,True,,2.148756265640259,v9_addendum_comprehensive,76.82078552246094,83.8660659790039
,,,,,,PPE,,,,5P9HA,,DFGin,BLBplus,,4.109042111684825,,BTK,TYR_BTK_HUMAN,,Type1,29,,,False,True,,2.1491384506225586,v9_addendum_latent,-14.519627571105955,-6.25117826461792
,,,,,,APE,,,,7LVHB,,DFGin,BLAminus,,4.397762332000618,,AAK1,OTHER_AAK1_MOUSE,,Type1,36,,,False,True,,2.1494181156158447,v9_addendum_comprehensive,18.579486846923828,5.405823707580566
,,,,,,ALE,,,,7OXBA,,DFGin,BLAminus,,4.574421986897397,,EGFR,TYR_EGFR_HUMAN,,Type1,30,,,False,True,,2.150065422058105,v9_addendum_comprehensive,35.24424743652344,38.46046829223633
,,,,,,PPE,,,,2W1CA,,DFGin,BLAminus,,4.877102189650239,,AURKA,CAMK_AURKA_HUMAN,,Type1,26,,,False,True,,2.15591049194336,v9_addendum_latent,33.42253494262695,27.94375801086425
,,,,,,APE,,,,9QCXJ,,DFGin,BLAminus,,4.671360859285316,,CDK7,CMGC_CDK7_HUMAN,,No_ligand,28,,,False,True,,2.158259630203247,v9_addendum_comprehensive,44.672149658203125,78.46720886230469
,,,,,,PPE,,,,4DHFA,,DFGin,None,,4.823235562424116,,AURKA,CAMK_AURKA_HUMAN,,Type1,26,,,False,True,,2.159005641937256,v9_addendum_litsearch,19.05678939819336,34.83649444580078
,,,,,,PPE,,,,4N6YA,,DFGin,BLAminus,,6.088781015278974,,PIM1,CAMK_PIM1_HUMAN,,Type1,26,,,False,True,,2.1646103858947754,v9_addendum_comprehensive,75.66065216064453,82.80123138427734
,,,,,,PPE,,,,4LM5A,,DFGin,BLAminus,,6.074291969053619,,PIM1,CAMK_PIM1_HUMAN,,Type1,26,,,False,True,,2.167191743850708,v9_addendum_latent,68.54431915283203,84.36103820800781
,,,,,,PPE,,,,6L13A,,DFGin,BLAminus,,6.06804941099084,,PIM1,CAMK_PIM1_HUMAN,,Type1,26,,,False,True,,2.1674933433532715,v9_addendum_latent,78.01703643798828,85.61986541748047
,,,,,,ALE,,,,7UKWD,,DFGin,BLBtrans,,4.559183223666546,,EGFR,TYR_EGFR_HUMAN,,No_ligand,30,,,False,True,,2.1698944568634038,v9_addendum_comprehensive,-14.80954933166504,-5.107919692993164
,,,,,,SPE,,,,9MMRB,,DFGin,BLBplus,,5.189264592988841,,MAP2K1,STE_MAP2K1_HUMAN,,"ATPlike,Type3",26,,,False,True,,2.170504093170166,v9_addendum_comprehensive,-30.238080978393555,61.94378662109375
,,,,,,PPE,,,,7Z6UA,,DFGin,BLAminus,,6.045591130537021,,PIM1,CAMK_PIM1_HUMAN,,Type1,26,,,False,True,,2.170606136322021,v9_addendum_comprehensive,87.9510498046875,91.75464630126952
,,,,,,PPE,,,,6KZIA,,DFGin,BLBminus,,6.061938040630633,,PIM1,CAMK_PIM1_HUMAN,,Type1,26,,,False,True,,2.172281265258789,v9_addendum_latent,73.80612182617188,82.85752868652344
,,,,,,PPE,,,,6PMEC,,None,None,,4.252983074774571,,NTRK1,TYR_NTRK1_HUMAN,,Type1,30,,,False,True,,2.172297954559326,v9_addendum_comprehensive,-46.63377380371094,-124.6862335205078
,,,,,,PPE,,,,3UMWA,,DFGin,BLAminus,,6.049125846025422,,PIM1,CAMK_PIM1_HUMAN,,Type1,26,,,False,True,,2.175104141235352,v9_addendum_comprehensive,78.94805145263672,85.92546844482422
,,,,,,PPE,,,,2XJ0A,,DFGin,BLAminus,,6.08453511387516,,PIM1,CAMK_PIM1_HUMAN,,Type1,26,,,False,True,,2.1751246452331543,v9_addendum_comprehensive,86.02503967285156,94.27251434326172
,,,,,,PPE,,,,4JBOA,,DFGin,BLAminus,,4.803450400618988,,AURKA,CAMK_AURKA_HUMAN,,Type1,26,,,False,True,,2.1795053482055664,v9_addendum_litsearch,27.498762130737305,53.01510620117188
,,,,,,PPE,,,,3R00A,,DFGin,BLAminus,,6.059162808285562,,PIM1,CAMK_PIM1_HUMAN,,Type1,26,,,False,True,,2.182003974914551,v9_addendum_comprehensive,78.13783264160156,86.80567169189453
,,,,,,ALE,,,,5X2FD,,DFGin,BLBtrans,,4.567888395464669,,EGFR,TYR_EGFR_HUMAN,,Type1,30,,,False,True,,2.185670852661133,v9_addendum_comprehensive,-10.27454662322998,4.824793338775635
,,,,,,APE,,,,9I9KJ,,DFGin,BLAminus,,4.641564832718473,,CDK7,CMGC_CDK7_HUMAN,,ATPlike,28,,,False,True,,2.188560009002685,v9_addendum_comprehensive,53.73476028442383,71.68904113769531
,,,,,,PPE,,,,4IAAA,,DFGin,None,,6.066165645595044,,PIM1,CAMK_PIM1_HUMAN,,Type1,26,,,False,True,,2.188659191131592,v9_addendum_comprehensive,83.1369400024414,92.48860168457033
,,,,,,SPE,,,,9MMSB,,DFGin,BLBplus,,5.108782834161177,,MAP2K1,STE_MAP2K1_HUMAN,,"ATPlike,Type3",26,,,False,True,,2.1901345252990723,v9_addendum_comprehensive,-31.460906982421875,60.52953720092773
,,,,,,PPE,,,,7OOXA,,DFGin,BLAminus,,6.105553255677813,,PIM1,CAMK_PIM1_HUMAN,,No_ligand,26,,,False,True,,2.1902942657470703,v9_addendum_comprehensive,91.51255798339844,84.90913391113281
,,,,,,PPE,,,,5DWRA,,DFGin,BLAminus,,6.07087080061966,,PIM1,CAMK_PIM1_HUMAN,,Type1,26,,,False,True,,2.193391799926758,v9_addendum_comprehensive,77.57377624511719,87.334716796875
,,,,,,ALE,,,,7VREA,,DFGin,BLAminus,,4.526504421838632,,EGFR,TYR_EGFR_HUMAN,,Type1,30,,,False,True,,2.193405866622925,v9_addendum_latent,28.33993911743164,68.18412780761719
,,,,,,PPE,,,,6AYDA,,DFGin,BLAminus,,6.06105678856534,,PIM1,CAMK_PIM1_HUMAN,,Type1.5_Back,26,,,False,True,,2.193479061126709,v9_addendum_latent,80.15226745605469,83.39738464355469
,,,,,,PPE,,,,4RC4A,,DFGin,ABAminus,,6.056801717647334,,PIM1,CAMK_PIM1_HUMAN,,Type1,26,,,False,True,,2.193935871124268,v9_addendum_comprehensive,79.75325012207031,87.82392883300781
,,,,,,PPE,,,,3R04A,,DFGin,BLAminus,,6.065750128100567,,PIM1,CAMK_PIM1_HUMAN,,Type1,26,,,False,True,,2.194826126098633,v9_addendum_latent,79.12503814697266,88.12476348876953
,,,,,,ALE,,,,5GTZA,,DFGin,BLAminus,,4.546758957219812,,EGFR,TYR_EGFR_HUMAN,,Type1,30,,,False,True,,2.197475910186768,v9_addendum_latent,2.046403884887696,69.14595794677734
,,,,,,PPE,,,,6L15A,,DFGin,BLAminus,,6.047753453263492,,PIM1,CAMK_PIM1_HUMAN,,Type1,26,,,False,True,,2.199613571166992,v9_addendum_comprehensive,77.82996368408203,87.60420227050781
,,,,,,PPE,,,,5IISA,,DFGin,BLAminus,,6.073715343091036,,PIM1,CAMK_PIM1_HUMAN,,Type1,26,,,False,True,,2.2028651237487797,v9_addendum_comprehensive,75.5564193725586,85.9547119140625
,,,,,,PPE,,,,4PMMA,,DFGout,BBAminus,,4.2413500910636,,NTRK1,TYR_NTRK1_HUMAN,,Type2,30,,,False,True,,2.204679012298584,v9_addendum_comprehensive,-28.04915237426757,-100.2758331298828
,,,,,,PPE,,,,2IWIB,,DFGin,BLAminus,,6.122896790636486,,PIM2,CAMK_PIM2_HUMAN,,Type1,26,,,False,True,,2.2049710750579834,v9_addendum_latent,87.7703628540039,89.0044937133789
,,,,,,PPE,,,,5KGIA,,DFGin,BLAminus,,6.095530468997843,,PIM1,CAMK_PIM1_HUMAN,,Type1,26,,,False,True,,2.206559658050537,v9_addendum_comprehensive,76.80602264404297,88.52677917480469
,,,,,,PPE,,,,2XJ1A,,DFGin,BLAminus,,6.078386726728783,,PIM1,CAMK_PIM1_HUMAN,,Type1,26,,,False,True,,2.207528829574585,v9_addendum_latent,77.00566101074219,88.17313385009766
,,,,,,APE,,,,9NS0A,,DFGin,BLAminus,,4.467127489790927,,SRC,TYR_SRC_HUMAN,,No_ligand,29,,,False,True,,2.208882093429565,v9_addendum_comprehensive,12.474198341369627,24.625
,,,,,,PPE,,,,1YI3A,,DFGin,BLAminus,,6.06269557163129,,PIM1,CAMK_PIM1_HUMAN,,Type1,26,,,False,True,,2.2097361087799072,v9_addendum_comprehensive,74.83287811279297,89.36300659179688
,,,,,,PPE,,,,6VPMB,,DFGin,BLAminus,,5.375268190232017,,AURKA,CAMK_AURKA_HUMAN,,"ATPlike,Allosteric",26,,,False,True,,2.209834098815918,v9_addendum_litsearch,93.7735366821289,-131.0913848876953
,,,,,,PPE,,,,6BSKA,,DFGin,BLAminus,,6.098001183268514,,PIM1,CAMK_PIM1_HUMAN,,Type1,26,,,False,True,,2.2118043899536133,v9_addendum_latent,77.19808197021484,87.677978515625
,,,,,,PPE,,,,1XWSA,,DFGin,BLAminus,,6.048293425135918,,PIM1,CAMK_PIM1_HUMAN,,Type1,26,,,False,True,,2.211872100830078,v9_addendum_latent,76.84678649902344,86.68711853027344
,,,,,,PPE,,,,5TURA,,DFGin,BLAminus,,6.076305918575813,,PIM1,CAMK_PIM1_HUMAN,,Type1,26,,,False,True,,2.2131752967834477,v9_addendum_latent,78.84075164794922,88.16287231445312
,,,,,,PPE,,,,3MA3A,,DFGin,BLAminus,,6.075207217660243,,PIM1,CAMK_PIM1_HUMAN,,Type1,26,,,False,True,,2.213568687438965,v9_addendum_comprehensive,76.02764892578125,85.1474380493164
,,,,,,PPE,,,,6VPLB,,DFGin,BLAminus,,5.377139462827381,,AURKA,CAMK_AURKA_HUMAN,,"ATPlike,Allosteric",26,,,False,True,,2.2136459350585938,v9_addendum_litsearch,87.05812072753906,-152.44512939453125
,,,,,,PPE,,,,6PL1A,,DFGout,None,,4.209355287039806,,NTRK1,TYR_NTRK1_HUMAN,,Type2,30,,,False,True,,2.2160277366638184,v9_addendum_latent,-44.486812591552734,-106.28881072998048
,,,,,,SPE,,,,7P6OB,,DFGin,BLAminus,,2.459573317021341,,ROCK2,AGC_ROCK2_HUMAN,,Type1,29,,,False,True,,2.2160494327545166,v9_addendum_comprehensive,140.6651611328125,87.3896255493164
,,,,,,PPE,,,,5V82A,,DFGin,BLAminus,,6.087104431351081,,PIM1,CAMK_PIM1_HUMAN,,Type1,26,,,False,True,,2.216273784637451,v9_addendum_comprehensive,77.9041519165039,88.36442565917969
,,,,,,PPE,,,,4WRSA,,DFGin,BLAminus,,6.077721380626523,,PIM1,CAMK_PIM1_HUMAN,,Type1,26,,,False,True,,2.217108964920044,v9_addendum_latent,76.07569122314453,87.22659301757812
,,,,,,APE,,,,8VNXA,,DFGin,ABAminus,,5.471470373446497,,MAPK10,CMGC_MAPK10_HUMAN,,Type1,27,,,False,True,,2.217383861541748,v9_addendum_comprehensive,-67.15141296386719,29.600059509277344
,,,,,,PPE,,,,5KGDA,,DFGin,BLAminus,,6.083036837230849,,PIM1,CAMK_PIM1_HUMAN,,Type1,26,,,False,True,,2.2192039489746094,v9_addendum_latent,77.00190734863281,88.1860580444336
,,,,,,PPE,,,,3C4EB,,DFGin,BLAminus,,6.063853826841386,,PIM1,CAMK_PIM1_HUMAN,,Type1,26,,,False,True,,2.2193715572357178,v9_addendum_latent,73.55563354492188,86.78681182861328
,,,,,,PPE,,,,2XIZA,,DFGin,BLAminus,,6.087690476859188,,PIM1,CAMK_PIM1_HUMAN,,Type1,26,,,False,True,,2.220468521118164,v9_addendum_latent,74.26313781738281,88.79840087890625
,,,,,,PPE,,,,4AS0A,,DFGin,BLAminus,,6.071512975383797,,PIM1,CAMK_PIM1_HUMAN,,Type1,26,,,False,True,,2.221590042114258,v9_addendum_comprehensive,76.52790069580078,85.96673583984375
,,,,,,PPE,,,,5N4XA,,DFGin,BLAminus,,6.046101074582147,,PIM1,CAMK_PIM1_HUMAN,,Type1,26,,,False,True,,2.221730709075928,v9_addendum_comprehensive,75.00263977050781,87.56656646728516
,,,,,,SPE,,,,9MMQB,,DFGin,BLBplus,,5.128694816033303,,MAP2K1,STE_MAP2K1_HUMAN,,"ATPlike,Type3",26,,,False,True,,2.2223618030548096,v9_addendum_comprehensive,-33.10782623291016,64.38819122314453
,,,,,,PPE,,,,5KZIA,,DFGin,BLAminus,,6.086836285287112,,PIM1,CAMK_PIM1_HUMAN,,Type1,26,,,False,True,,2.2231178283691406,v9_addendum_comprehensive,76.48937225341797,88.31317901611328
,,,,,,PPE,,,,3VBVA,,DFGin,BLAminus,,6.060262932528352,,PIM1,CAMK_PIM1_HUMAN,,Type1,26,,,False,True,,2.223583221435547,v9_addendum_comprehensive,79.8514404296875,90.03276824951172
,,,,,,PPE,,,,4ALWA,,DFGin,BLAminus,,6.07842593097253,,PIM1,CAMK_PIM1_HUMAN,,Type1,26,,,False,True,,2.223817825317383,v9_addendum_latent,76.95657348632812,88.26493835449219
,,,,,,PPE,,,,6YKDA,,DFGin,BLAminus,,6.092176021089357,,PIM1,CAMK_PIM1_HUMAN,,Type1,26,,,False,True,,2.2238411903381348,v9_addendum_comprehensive,79.9026107788086,91.5849380493164
,,,,,,ALE,,,,6WA2D,,DFGin,BLBplus,,4.572204114493133,,EGFR,TYR_EGFR_HUMAN,,Type1.5_Back,30,,,False,True,,2.224628210067749,v9_addendum_latent,-25.735301971435547,-1.6714417934417725
,,,,,,PPE,,,,2XJ2A,,DFGin,BLAminus,,6.087438521800008,,PIM1,CAMK_PIM1_HUMAN,,Type1,26,,,False,True,,2.2248849868774414,v9_addendum_latent,76.33472442626953,88.82772064208984
,,,,,,PPE,,,,3WE8A,,DFGin,BLAminus,,6.0665980729529565,,PIM1,CAMK_PIM1_HUMAN,,Type1,26,,,False,True,,2.2251944541931152,v9_addendum_latent,80.78577423095703,91.65680694580078
,,,,,,PPE,,,,4JX3A,,DFGin,BLAminus,,6.065196437100645,,PIM1,CAMK_PIM1_HUMAN,,No_ligand,26,,,False,True,,2.2254133224487305,v9_addendum_latent,76.90959930419922,88.02639770507812
,,,,,,PPE,,,,6L12A,,DFGin,BLAminus,,6.044239474945554,,PIM1,CAMK_PIM1_HUMAN,,Type1,26,,,False,True,,2.2272915840148926,v9_addendum_comprehensive,73.90799713134766,87.31331634521484
,,,,,,PPE,,,,6NO8A,,DFGin,BLAminus,,6.093521824303602,,PIM1,CAMK_PIM1_HUMAN,,Type1,26,,,False,True,,2.2290563583374023,v9_addendum_comprehensive,79.58134460449219,90.5647964477539
,,,,,,SWE,,,,7AYMA,,DFGout,BBAminus,,4.048923387787338,,DDR2,TYR_DDR2_HUMAN,,Type2,30,,,False,True,,2.2306699752807617,v9_addendum_litsearch,-32.87245559692383,-96.30181121826172
,,,,,,PPE,,,,4RBLA,,DFGin,ABAminus,,6.076020954308591,,PIM1,CAMK_PIM1_HUMAN,,Type1,26,,,False,True,,2.230828762054444,v9_addendum_comprehensive,77.3951644897461,89.24578857421875
,,,,,,ALE,,,,6V5PD,,DFGin,BLBtrans,,4.580790354567573,,EGFR,TYR_EGFR_HUMAN,,Type1,30,,,False,True,,2.2313120365142822,v9_addendum_latent,-27.101821899414062,-5.765033721923828
,,,,,,PPE,,,,2XIXA,,DFGin,BLAminus,,6.08703231257271,,PIM1,CAMK_PIM1_HUMAN,,Type1,26,,,False,True,,2.232278823852539,v9_addendum_latent,77.72976684570312,89.99449157714844
,,,,,,PPE,,,,4N6ZA,,DFGin,BLAminus,,6.079426321688484,,PIM1,CAMK_PIM1_HUMAN,,Type1,26,,,False,True,,2.232321262359619,v9_addendum_latent,70.02792358398438,86.01583099365234
,,,,,,PPE,,,,3C4EC,,DFGin,BLAminus,,6.058860937184909,,PIM1,CAMK_PIM1_HUMAN,,Type1,26,,,False,True,,2.232982873916626,v9_addendum_comprehensive,79.99165344238281,93.40210723876952
,,,,,,PPE,,,,4I41A,,DFGin,ABAminus,,6.090015595530423,,PIM1,CAMK_PIM1_HUMAN,,"Type1,Allosteric",26,,,False,True,,2.233309745788574,v9_addendum_comprehensive,79.81346130371094,90.87554931640624
,,,,,,PPE,,,,4TY1A,,DFGin,BLAminus,,6.091077008966602,,PIM1,CAMK_PIM1_HUMAN,,Type1,26,,,False,True,,2.2337279319763184,v9_addendum_comprehensive,76.6620864868164,85.91984558105469
,,,,,,PPE,,,,4LL5A,,DFGin,BLAminus,,6.059755089690854,,PIM1,CAMK_PIM1_HUMAN,,Type1,26,,,False,True,,2.234391927719116,v9_addendum_latent,73.21419525146484,86.57231903076172
,,,,,,AWE,,,,5FDXA,,DFGout,BBAminus,,4.02039171232341,,DDR1,TYR_DDR1_HUMAN,,Type2,30,,,False,True,,2.2348458766937256,v9_addendum_litsearch,-39.688419342041016,-107.7090835571289
,,,,,,ALE,,,,7UKWA,,DFGin,BLBplus,,4.564600084389252,,EGFR,TYR_EGFR_HUMAN,,No_ligand,30,,,False,True,,2.23621129989624,v9_addendum_comprehensive,-23.900144577026367,-1.2336769104003906
,,,,,,PPE,,,,4MBIA,,DFGin,BLAminus,,6.079330614365067,,PIM1,CAMK_PIM1_HUMAN,,Type1,26,,,False,True,,2.2362866401672363,v9_addendum_latent,78.4697036743164,90.0733871459961
,,,,,,PPE,,,,4JX7A,,DFGin,BLAminus,,6.045739213963948,,PIM1,CAMK_PIM1_HUMAN,,Type1,26,,,False,True,,2.23673152923584,v9_addendum_latent,73.42274475097656,87.44981384277344
,,,,,,PPE,,,,8R0YA,,DFGin,BLAminus,,6.041490420693159,,PIM1,CAMK_PIM1_HUMAN,,Type1,26,,,False,True,,2.237004280090332,v9_addendum_comprehensive,75.60416412353516,86.8087158203125
,,,,,,PPE,,,,1YI4A,,DFGin,BLAminus,,6.110003016122553,,PIM1,CAMK_PIM1_HUMAN,,Type1,26,,,False,True,,2.237190723419189,v9_addendum_comprehensive,76.39884185791016,92.13060760498048
,,,,,,PPE,,,,6D22A,,DFGout,None,,4.281361071067583,,NTRK1,TYR_NTRK1_HUMAN,,No_ligand,30,,,False,True,,2.2378904819488525,v9_addendum_comprehensive,-28.54927062988281,-106.15676879882812
,,,,,,ALE,,,,6V66D,,DFGin,BLBplus,,4.590173861882802,,EGFR,TYR_EGFR_HUMAN,,Type1,30,,,False,True,,2.238469123840332,v9_addendum_latent,-24.75122833251953,-2.256110429763794
,,,,,,ALE,,,,4WD5B,,DFGinter,None,,4.59468177376669,,EGFR,TYR_EGFR_HUMAN,,No_ligand,30,,,False,True,,2.2392587661743164,v9_addendum_latent,29.92246055603028,27.43404769897461
,,,,,,PPE,,,,3VBWA,,DFGin,BLAminus,,6.046276762792518,,PIM1,CAMK_PIM1_HUMAN,,Type1,26,,,False,True,,2.2395567893981934,v9_addendum_comprehensive,75.6527328491211,88.4758071899414
,,,,,,PPE,,,,4F0IB,,DFGout,None,,4.265163747622912,,NTRK1,TYR_NTRK1_HUMAN,,No_ligand,30,,,False,True,,2.239965438842773,v9_addendum_comprehensive,-33.80719757080078,-116.9696044921875
,,,,,,PPE,,,,4ENXA,,DFGin,BLAminus,,6.084657651463467,,PIM1,CAMK_PIM1_HUMAN,,Type1,26,,,False,True,,2.240324020385742,v9_addendum_latent,73.4052963256836,87.53544616699219
,,,,,,PPE,,,,3CY3A,,DFGin,BLAminus,,6.07513224017869,,PIM1,CAMK_PIM1_HUMAN,,Type1,26,,,False,True,,2.2407379150390625,v9_addendum_latent,78.23426055908203,89.3790283203125
,,,,,,PPE,,,,8R27A,,DFGin,BLAminus,,6.035820394530011,,PIM1,CAMK_PIM1_HUMAN,,Type1,26,,,False,True,,2.241279602050781,v9_addendum_comprehensive,79.03372955322266,90.4066390991211
,,,,,,ALE,,,,6V6OA,,DFGin,BLBtrans,,4.609412414429033,,EGFR,TYR_EGFR_HUMAN,,Type1,30,,,False,True,,2.24255895614624,v9_addendum_comprehensive,-24.858129501342773,-2.741415977478028
,,,,,,PPE,,,,5DR9A,,DFGin,BLAminus,,4.839569657084875,,AURKA,CAMK_AURKA_HUMAN,,"Type1,Allosteric",26,,,False,True,,2.243263959884644,v9_addendum_comprehensive,11.841504096984863,56.5024299621582
,,,,,,PPE,,,,2BZKB,,DFGin,BLAminus,,6.049409344592341,,PIM1,CAMK_PIM1_HUMAN,,ATPlike,26,,,False,True,,2.2438390254974365,v9_addendum_latent,80.45014953613281,90.7467803955078
,,,,,,PPE,,,,2IWIA,,DFGin,BLAminus,,6.111726540812499,,PIM2,CAMK_PIM2_HUMAN,,Type1,26,,,False,True,,2.2441518306732178,v9_addendum_comprehensive,84.38483428955078,91.91658782958984
,,,,,,PPE,,,,5V80A,,DFGin,BLAminus,,6.076858241578709,,PIM1,CAMK_PIM1_HUMAN,,Type1,26,,,False,True,,2.2442398071289062,v9_addendum_latent,76.74396514892578,89.87492370605469
,,,,,,APE,,,,9TYHB,,DFGin,BLAplus,,4.512883761990404,,MAPK1,CMGC_MAPK1_HUMAN,,ATPlike,31,,,False,True,,2.2444748878479004,v9_addendum_litsearch,37.73189163208008,30.74626922607422
,,,,,,PPE,,,,5DHJA,,DFGin,BLAminus,,6.064774590520133,,PIM1,CAMK_PIM1_HUMAN,,Type1,26,,,False,True,,2.2445969581604004,v9_addendum_latent,76.66021728515625,90.3760986328125
,,,,,,PPE,,,,4PMSA,,DFGout,None,,4.258613271133146,,NTRK1,TYR_NTRK1_HUMAN,,Type1.5_Back,30,,,False,True,,2.2455756664276123,v9_addendum_latent,-37.40623092651367,-111.06536102294922
,,,,,,PPE,,,,6L16A,,DFGin,BLAminus,,6.054012038036798,,PIM1,CAMK_PIM1_HUMAN,,Type1,26,,,False,True,,2.2457234859466557,v9_addendum_comprehensive,73.11946868896484,88.2857894897461
,,,,,,PPE,,,,3JYAA,,DFGin,BLAminus,,6.069332498231535,,PIM1,CAMK_PIM1_HUMAN,,Type1,26,,,False,True,,2.246612787246704,v9_addendum_comprehensive,75.97725677490234,88.80582427978516
,,,,,,PPE,,,,7ZUNA,,DFGin,BLAminus,,6.118224487313089,,PIM1,CAMK_PIM1_HUMAN,,Type1,26,,,False,True,,2.2467188835144043,v9_addendum_latent,74.87439727783203,85.4975357055664
,,,,,,PPE,,,,5N4NA,,DFGin,BLAminus,,6.030945067122035,,PIM1,CAMK_PIM1_HUMAN,,Type1,26,,,False,True,,2.2469513416290283,v9_addendum_comprehensive,79.02664947509766,91.35745239257812
,,,,,,PPE,,,,8R1TA,,DFGin,BLAminus,,6.05489388270116,,PIM1,CAMK_PIM1_HUMAN,,Type1,26,,,False,True,,2.2474617958068848,v9_addendum_latent,76.73370361328125,88.29989624023438
,,,,,,PPE,,,,4N70A,,DFGin,BLAminus,,6.055103881253465,,PIM1,CAMK_PIM1_HUMAN,,Type1,26,,,False,True,,2.247718811035156,v9_addendum_latent,77.26862335205078,90.90299224853516
,,,,,,PPE,,,,5N4OA,,DFGin,BLAminus,,6.0442900952055805,,PIM1,CAMK_PIM1_HUMAN,,Type1,26,,,False,True,,2.247756242752075,v9_addendum_comprehensive,74.30909729003906,86.59849548339844
,,,,,,PPE,,,,4RC2A,,DFGin,ABAminus,,6.07010283973156,,PIM1,CAMK_PIM1_HUMAN,,Type1,26,,,False,True,,2.2481045722961426,v9_addendum_latent,77.94194030761719,91.95997619628906
,,,,,,ALE,,,,7V3RA,,DFGout,None,,4.354382978941018,,MET,TYR_MET_HUMAN,,Type2,32,,,False,True,,2.24902081489563,v9_addendum_comprehensive,-80.02523803710938,-93.7715835571289
,,,,,,PPE,,,,2BZHB,,DFGin,BLAminus,,6.057276323581695,,PIM1,CAMK_PIM1_HUMAN,,Type1,26,,,False,True,,2.2500791549682617,v9_addendum_latent,79.76729583740234,92.19595336914062
,,,,,,ALE,,,,4RIYB,,DFGin,None,,4.555682831343696,,EGFR,TYR_EGFR_HUMAN,,ATPlike,30,,,False,True,,2.250312805175781,v9_addendum_comprehensive,126.9113540649414,119.34527587890624
,,,,,,PPE,,,,5N4ZA,,DFGin,BLAminus,,6.039411796103391,,PIM1,CAMK_PIM1_HUMAN,,Type1,26,,,False,True,,2.2507710456848145,v9_addendum_latent,74.74366760253906,88.17788696289062
,,,,,,PPE,,,,4LMUA,,DFGin,BLAminus,,6.074825069637876,,PIM1,CAMK_PIM1_HUMAN,,Type1,26,,,False,True,,2.250818967819214,v9_addendum_comprehensive,74.06916046142578,88.0742416381836
,,,,,,PPE,,,,6NO9A,,DFGin,BLAminus,,6.111655932973512,,PIM1,CAMK_PIM1_HUMAN,,Type1,26,,,False,True,,2.2518954277038574,v9_addendum_comprehensive,78.55706024169922,90.73573303222656
,,,,,,PPE,,,,4WSYA,,DFGin,BLAminus,,6.086018527838559,,PIM1,CAMK_PIM1_HUMAN,,Type1,26,,,False,True,,2.253009796142578,v9_addendum_latent,76.01968383789062,90.08536529541016
,,,,,,PPE,,,,3BGPA,,DFGin,BLAminus,,6.057044535923006,,PIM1,CAMK_PIM1_HUMAN,,Type1,26,,,False,True,,2.2533679008483887,v9_addendum_latent,71.65658569335938,88.7244644165039
,,,,,,PPE,,,,3VBYA,,DFGin,BLAminus,,6.044123984606498,,PIM1,CAMK_PIM1_HUMAN,,Type1,26,,,False,True,,2.253629684448242,v9_addendum_latent,77.75943756103516,89.19086456298828
,,,,,,APE,,,,9O0VA,,DFGin,BLBplus,,1.1886461228412464,,RAF1,TKL_RAF1_HUMAN,,Type1.5_Back,30,,,False,True,,2.254425525665283,v9_addendum_comprehensive,-17.696626663208008,23.28309440612793
,,,,,,PPE,,,,5EOLA,,DFGin,BLAminus,,6.090001159789342,,PIM1,CAMK_PIM1_HUMAN,,Type1,26,,,False,True,,2.2546844482421875,v9_addendum_comprehensive,73.53240203857422,88.29095458984375
,,,,,,PPE,,,,3JY0A,,DFGin,BLAminus,,6.059552501508249,,PIM1,CAMK_PIM1_HUMAN,,Type1,26,,,False,True,,2.256427764892578,v9_addendum_comprehensive,77.35041046142578,90.8677749633789
,,,,,,PPE,,,,8R1PA,,DFGin,BLAminus,,6.052368563200834,,PIM1,CAMK_PIM1_HUMAN,,Type1,26,,,False,True,,2.2565534114837646,v9_addendum_latent,74.96968841552734,88.4666976928711
,,,,,,PPE,,,,8R1WA,,DFGin,BLAminus,,6.044599282555565,,PIM1,CAMK_PIM1_HUMAN,,Type1,26,,,False,True,,2.256899833679199,v9_addendum_latent,79.55139923095703,90.7254409790039
,,,,,,PPE,,,,7VSYA,,DFGin,BLAminus,,6.094724288316147,,PIM1,CAMK_PIM1_HUMAN,,No_ligand,26,,,False,True,,2.257235288619995,v9_addendum_comprehensive,71.29390716552734,88.86634826660156
,,,,,,PPE,,,,5N4UA,,DFGin,BLAminus,,6.033857063488335,,PIM1,CAMK_PIM1_HUMAN,,Type1,26,,,False,True,,2.2576394081115723,v9_addendum_latent,78.78321075439453,89.67000579833984
,,,,,,APE,,,,9R1XA,,DFGin,BLAminus,,4.696125295140457,,PLK1,CAMK_PLK1_HUMAN,,Type1,28,,,False,True,,2.2578816413879395,v9_addendum_comprehensive,104.16261291503906,62.31270217895508
,,,,,,ALE,,,,4RIWC,,DFGin,BLBplus,,4.525559852038859,,ERBB3,TYR_ERBB3_HUMAN,,ATPlike,30,,,False,True,,2.258042335510254,v9_addendum_comprehensive,-57.85881042480469,1.0157370567321775
,,,,,,PPE,,,,5KGKA,,DFGin,BLAminus,,6.094804701965463,,PIM1,CAMK_PIM1_HUMAN,,Type1,26,,,False,True,,2.258493423461914,v9_addendum_comprehensive,77.70125579833984,92.42537689208984
,,,,,,PPE,,,,8R0HA,,DFGin,BLAminus,,6.043252732460501,,PIM1,CAMK_PIM1_HUMAN,,Type1,26,,,False,True,,2.258630990982056,v9_addendum_comprehensive,78.15901184082031,89.70201873779297
,,,,,,PPE,,,,5N4RA,,DFGin,BLAminus,,6.034820736256241,,PIM1,CAMK_PIM1_HUMAN,,Type1,26,,,False,True,,2.260056495666504,v9_addendum_latent,76.07373809814453,89.71834564208984
,,,,,,PPE,,,,5KGEA,,DFGin,BLAminus,,6.093372481701974,,PIM1,CAMK_PIM1_HUMAN,,Type1,26,,,False,True,,2.260115623474121,v9_addendum_latent,76.71109771728516,91.54328155517578
,,,,,,PPE,,,,4RC3A,,DFGin,ABAminus,,6.056365842490988,,PIM1,CAMK_PIM1_HUMAN,,Type1,26,,,False,True,,2.260526657104492,v9_addendum_comprehensive,79.90193939208984,94.21704864501952
,,,,,,PPE,,,,3BGZA,,DFGin,BLAminus,,6.068572004388211,,PIM1,CAMK_PIM1_HUMAN,,Type1,26,,,False,True,,2.2605457305908203,v9_addendum_comprehensive,74.74716186523438,89.39273834228516
,,,,,,PPE,,,,5MZLA,,DFGin,BLAminus,,6.043981642161854,,PIM1,CAMK_PIM1_HUMAN,,Type1,26,,,False,True,,2.2613167762756348,v9_addendum_latent,79.10530853271484,91.05007934570312
,,,,,,PPE,,,,6L11A,,DFGin,BLAminus,,6.058978206942082,,PIM1,CAMK_PIM1_HUMAN,,Type1,26,,,False,True,,2.2614190578460693,v9_addendum_latent,77.77196502685547,91.53816986083984
,,,,,,PPE,,,,3UMXA,,DFGin,BLAminus,,6.053255935537557,,PIM1,CAMK_PIM1_HUMAN,,Type1,26,,,False,True,,2.2623720169067383,v9_addendum_comprehensive,76.6960678100586,90.76880645751952
,,,,,,ALE,,,,6V66A,,DFGin,BLBtrans,,4.556422025155991,,EGFR,TYR_EGFR_HUMAN,,Type1,30,,,False,True,,2.2625646591186523,v9_addendum_latent,-24.51028823852539,-4.379744529724121
,,,,,,PPE,,,,8R1NA,,DFGin,BLAminus,,6.052813361995529,,PIM1,CAMK_PIM1_HUMAN,,Type1,26,,,False,True,,2.262781143188477,v9_addendum_comprehensive,78.5590591430664,92.17829132080078
,,,,,,PPE,,,,5N51A,,DFGin,BLAminus,,6.047793896515736,,PIM1,CAMK_PIM1_HUMAN,,Type1,26,,,False,True,,2.263214588165283,v9_addendum_comprehensive,75.01342010498047,88.58103942871094
,,,,,,PPE,,,,8R18A,,DFGin,BLAminus,,6.045494454369082,,PIM1,CAMK_PIM1_HUMAN,,Type1,26,,,False,True,,2.263864517211914,v9_addendum_comprehensive,76.35221862792969,90.18307495117188
,,,,,,PPE,,,,5N4VA,,DFGin,BLAminus,,6.03747582518499,,PIM1,CAMK_PIM1_HUMAN,,Type1,26,,,False,True,,2.264338493347168,v9_addendum_latent,74.05427551269531,89.25064086914062
,,,,,,PPE,,,,3VC4A,,DFGin,BLAminus,,6.064963525739066,,PIM1,CAMK_PIM1_HUMAN,,Type1,26,,,False,True,,2.264528512954712,v9_addendum_latent,74.45507049560547,89.865234375
,,,,,,PPE,,,,3A99A,,DFGin,BLAminus,,6.058434662326818,,PIM1,CAMK_PIM1_HUMAN,,ATPlike,26,,,False,True,,2.267611503601074,v9_addendum_latent,75.19388580322266,90.22725677490234
,,,,,,PPE,,,,4ALVA,,DFGin,BLAminus,,6.073336079082774,,PIM1,CAMK_PIM1_HUMAN,,Type1,26,,,False,True,,2.2679691314697266,v9_addendum_comprehensive,79.20783233642578,91.1728515625
,,,,,,ALE,,,,5X2AB,,DFGin,BLBtrans,,4.488171913173643,,EGFR,TYR_EGFR_HUMAN,,"Type1,ATPlike",30,,,False,True,,2.268208265304565,v9_addendum_latent,-21.75532913208008,-2.5662169456481934
,,,,,,PPE,,,,5VUBB,,DFGin,BLAminus,,6.062521897965186,,PIM1,CAMK_PIM1_HUMAN,,Type1,26,,,False,True,,2.2686362266540527,v9_addendum_comprehensive,72.25712585449219,89.48583221435547
,,,,,,PPE,,,,5TOEA,,DFGin,BLAminus,,6.0729704906725415,,PIM1,CAMK_PIM1_HUMAN,,Type1,26,,,False,True,,2.268829822540283,v9_addendum_comprehensive,79.20861053466797,94.4142837524414
,,,,,,ALE,,,,6WA2B,,DFGin,BLBplus,,4.573932991735858,,EGFR,TYR_EGFR_HUMAN,,Type1.5_Back,30,,,False,True,,2.2695820331573486,v9_addendum_latent,-26.962093353271484,-3.2632644176483154
,,,,,,PPE,,,,1XR1A,,DFGin,BLAminus,,6.063863147623945,,PIM1,CAMK_PIM1_HUMAN,,ATPlike,26,,,False,True,,2.2711257934570312,v9_addendum_latent,76.27840423583984,92.82537841796876
,,,,,,PPE,,,,4ALUA,,DFGin,BLAminus,,6.059461358867115,,PIM1,CAMK_PIM1_HUMAN,,Type1,26,,,False,True,,2.271270275115967,v9_addendum_latent,77.23739624023438,89.93409729003906
,,,,,,PPE,,,,8R0QA,,DFGin,BLAminus,,6.046857519429609,,PIM1,CAMK_PIM1_HUMAN,,Type1,26,,,False,True,,2.271647453308105,v9_addendum_latent,75.97300720214844,91.0083999633789
,,,,,,PPE,,,,4IMYE,,DFGin,BLAminus,,4.847890751862384,,CDK9,CMGC_CDK9_HUMAN,,ATPlike,32,,,False,True,,2.2728171348571777,v9_addendum_comprehensive,86.1396713256836,101.66677856445312
,,,,,,PPE,,,,8R0WA,,DFGin,BLAminus,,6.033924138381406,,PIM1,CAMK_PIM1_HUMAN,,Type1,26,,,False,True,,2.2735157012939453,v9_addendum_comprehensive,80.78663635253906,93.9875946044922
,,,,,,PPE,,,,3F2AA,,DFGin,BLAminus,,6.089312977814202,,PIM1,CAMK_PIM1_HUMAN,,Type1,26,,,False,True,,2.274423360824585,v9_addendum_comprehensive,76.33580780029297,93.30449676513672
,,,,,,PPE,,,,6L17A,,DFGin,BLAminus,,6.059197856284943,,PIM1,CAMK_PIM1_HUMAN,,Type1,26,,,False,True,,2.274933338165283,v9_addendum_latent,75.40059661865234,91.47164916992188
,,,,,,PPE,,,,4PMPA,,DFGout,BBAminus,,4.236242596648975,,NTRK1,TYR_NTRK1_HUMAN,,Type1,30,,,False,True,,2.274937629699707,v9_addendum_comprehensive,-35.819358825683594,-105.25440979003906
,,,,,,AWE,,,,5SAYA,,DFGout,BBAminus,,4.013859401547682,,DDR1,TYR_DDR1_HUMAN,,Type2,30,,,False,True,,2.274996280670166,v9_addendum_litsearch,-39.25870132446289,-100.62760162353516
,,,,,,PPE,,,,2OBJA,,DFGin,BLAminus,,6.06944195301343,,PIM1,CAMK_PIM1_HUMAN,,Type1,26,,,False,True,,2.2750885486602783,v9_addendum_comprehensive,73.1260986328125,90.78631591796876
,,,,,,PPE,,,,5N7VA,,DFGin,ABAminus,,7.144230709529328,,TTK,OTHER_TTK_HUMAN,,Type1,30,,,False,True,,2.2756032943725586,v9_addendum_latent,-104.68496704101562,66.75804138183594
,,,,,,PPE,,,,4K18A,,DFGin,BLAminus,,6.095426736286217,,PIM1,CAMK_PIM1_HUMAN,,Type1,26,,,False,True,,2.2770464420318604,v9_addendum_latent,75.62576293945312,90.6933135986328
,,,,,,PPE,,,,3C4EA,,DFGin,BLAminus,,6.059174794015386,,PIM1,CAMK_PIM1_HUMAN,,Type1,26,,,False,True,,2.2776503562927246,v9_addendum_comprehensive,76.92852783203125,92.3119659423828
,,,,,,PPE,,,,6MT0A,,DFGin,BLAminus,,6.0805045322896,,PIM1,CAMK_PIM1_HUMAN,,Type1,26,,,False,True,,2.278078079223633,v9_addendum_comprehensive,76.59970092773438,89.7728271484375
,,,,,,PPE,,,,2BILB,,DFGin,BLAminus,,6.048438240686365,,PIM1,CAMK_PIM1_HUMAN,,Type1,26,,,False,True,,2.279265880584717,v9_addendum_latent,78.68880462646484,91.94141387939452
,,,,,,PPE,,,,6PMEA,,None,None,,4.267185115122492,,NTRK1,TYR_NTRK1_HUMAN,,Type1,30,,,False,True,,2.280104160308838,v9_addendum_latent,-42.92432022094727,-104.41380310058594
,,,,,,PPE,,,,7XAFA,,DFGin,None,,4.183882074409804,,NTRK1,TYR_NTRK1_HUMAN,,Type1,30,,,False,True,,2.280740261077881,v9_addendum_latent,-33.80107498168945,-107.81039428710938
,,,,,,PPE,,,,4GW8A,,DFGin,BLAminus,,6.045663374577983,,PIM1,CAMK_PIM1_HUMAN,,Type1,26,,,False,True,,2.2808003425598145,v9_addendum_comprehensive,80.27476501464844,91.77955627441406
,,,,,,PPE,,,,3CXWA,,DFGin,BLAminus,,6.065421826951258,,PIM1,CAMK_PIM1_HUMAN,,Type1,26,,,False,True,,2.282125473022461,v9_addendum_latent,76.0517578125,90.12006378173828
,,,,,,AWE,,,,5FDXB,,DFGout,BBAminus,,4.049598413467513,,DDR1,TYR_DDR1_HUMAN,,Type2,30,,,False,True,,2.28300404548645,v9_addendum_litsearch,-36.25658416748047,-101.38333892822266
,,,,,,PPE,,,,3CY2A,,DFGin,BLAminus,,6.053779988919435,,PIM1,CAMK_PIM1_HUMAN,,Type1,26,,,False,True,,2.283377885818481,v9_addendum_latent,72.49404907226562,88.77047729492188
,,,,,,PPE,,,,2O64A,,DFGin,BLAminus,,6.078030509375901,,PIM1,CAMK_PIM1_HUMAN,,Type1,26,,,False,True,,2.2838668823242188,v9_addendum_latent,74.36941528320312,89.78791046142578
,,,,,,PPE,,,,6D20A,,DFGout,None,,4.252718090477601,,NTRK1,TYR_NTRK1_HUMAN,,"Allosteric,Type3",30,,,False,True,,2.285617589950561,v9_addendum_latent,-35.841094970703125,-115.0017318725586
,,,,,,PPE,,,,1YXVA,,DFGin,BLAminus,,6.070435687365576,,PIM1,CAMK_PIM1_HUMAN,,Type1,26,,,False,True,,2.2864129543304443,v9_addendum_latent,74.73772430419922,91.70049285888672
,,,,,,PPE,,,,6PDOA,,DFGin,BLAminus,,6.075697869520908,,PIM1,CAMK_PIM1_HUMAN,,Type1,26,,,False,True,,2.2869815826416016,v9_addendum_comprehensive,79.00279998779297,89.96092987060547
,,,,,,PPE,,,,1YXTA,,DFGin,BLAminus,,6.088898593854564,,PIM1,CAMK_PIM1_HUMAN,,ATPlike,26,,,False,True,,2.2873692512512207,v9_addendum_comprehensive,76.89786529541016,92.68325805664062
,,,,,,PPE,,,,7XSVA,,DFGin,BLAminus,,6.054736946537647,,PIM1,CAMK_PIM1_HUMAN,,Type1,26,,,False,True,,2.2888829708099365,v9_addendum_latent,80.82107543945312,92.04527282714844
,,,,,,PPE,,,,4XHKB,,DFGin,BLAminus,,6.074063801336915,,PIM1,CAMK_PIM1_HUMAN,,Type1,26,,,False,True,,2.2894911766052246,v9_addendum_latent,74.38793182373047,88.97508239746094
,,,,,,PPE,,,,6PDNA,,DFGin,BLAminus,,6.098917243708825,,PIM1,CAMK_PIM1_HUMAN,,Type1,26,,,False,True,,2.2898998260498047,v9_addendum_comprehensive,77.55101776123047,89.8331069946289
,,,,,,APE,,,,9QCVJ,,DFGin,BLAminus,,4.654543939095286,,CDK7,CMGC_CDK7_HUMAN,,ATPlike,28,,,False,True,,2.289982318878174,v9_addendum_latent,39.042728424072266,76.4003677368164
,,,,,,PPE,,,,5N52A,,DFGin,BLAminus,,6.041345102254509,,PIM1,CAMK_PIM1_HUMAN,,Type1,26,,,False,True,,2.2909164428710938,v9_addendum_latent,74.58112335205078,90.07506561279295
,,,,,,PPE,,,,5N5MA,,DFGin,BLAminus,,6.0510192793051605,,PIM1,CAMK_PIM1_HUMAN,,Type1,26,,,False,True,,2.2912673950195312,v9_addendum_comprehensive,72.68209075927734,88.5039291381836
,,,,,,PPE,,,,8R10A,,DFGin,BLAminus,,6.046210645662423,,PIM1,CAMK_PIM1_HUMAN,,Type1,26,,,False,True,,2.292508602142334,v9_addendum_comprehensive,76.06001281738281,91.62493896484376
,,,,,,PPE,,,,2XIYA,,DFGin,BLAminus,,6.0839186381492585,,PIM1,CAMK_PIM1_HUMAN,,Type1,26,,,False,True,,2.292982578277588,v9_addendum_comprehensive,72.93477630615234,91.12452697753906
,,,,,,PPE,,,,3QF9A,,DFGin,BLAminus,,6.054658603974497,,PIM1,CAMK_PIM1_HUMAN,,Type1,26,,,False,True,,2.2940797805786133,v9_addendum_latent,79.70780181884766,91.62102508544922
,,,,,,PPE,,,,5N5LA,,DFGin,BLAminus,,6.038668311147002,,PIM1,CAMK_PIM1_HUMAN,,Type1,26,,,False,True,,2.2948689460754395,v9_addendum_comprehensive,75.3648681640625,90.95191192626952
,,,,,,PPE,,,,4DTKA,,DFGin,BLAminus,,6.0928714494809055,,PIM1,CAMK_PIM1_HUMAN,,Type1,26,,,False,True,,2.2963709831237797,v9_addendum_latent,77.91077423095703,93.92961883544922
,,,,,,PPE,,,,1YXSA,,DFGin,BLAminus,,6.076217693103334,,PIM1,CAMK_PIM1_HUMAN,,No_ligand,26,,,False,True,,2.2967448234558105,v9_addendum_comprehensive,78.34078979492188,92.19740295410156
,,,,,,PPE,,,,5IPJA,,DFGin,BLAminus,,6.079329532819273,,PIM1,CAMK_PIM1_HUMAN,,Type1,26,,,False,True,,2.296984434127808,v9_addendum_comprehensive,76.96857452392578,92.8714370727539
,,,,,,PPE,,,,8AFRA,,DFGin,BLAminus,,6.055142655380529,,PIM1,CAMK_PIM1_HUMAN,,Type1,26,,,False,True,,2.299318790435791,v9_addendum_comprehensive,75.89704132080078,91.69136810302734
,,,,,,PPE,,,,8J5XA,,DFGout,BBAminus,,4.218370301400963,,NTRK1,TYR_NTRK1_HUMAN,,Type2,30,,,False,True,,2.299822330474853,v9_addendum_latent,-34.86249923706055,-100.98064422607422
,,,,,,PPE,,,,6TU9A,,None,None,,4.292775002408778,,ROR1,TYR_ROR1_HUMAN,,Type1,30,,,False,True,,2.301145553588867,v9_addendum_comprehensive,-53.876991271972656,-97.07200622558594
,,,,,,PPE,,,,4MTAA,,DFGin,BLAminus,,6.082030761284496,,PIM1,CAMK_PIM1_HUMAN,,Type1,26,,,False,True,,2.301342010498047,v9_addendum_latent,73.98042297363281,89.92660522460938
,,,,,,PPE,,,,5DIAA,,DFGin,BLAminus,,6.054363372243909,,PIM1,CAMK_PIM1_HUMAN,,Type1,26,,,False,True,,2.3013832569122314,v9_addendum_comprehensive,77.18470001220703,93.48807525634766
,,,,,,PPE,,,,4A7CA,,DFGin,BLAminus,,6.072754545008818,,PIM1,CAMK_PIM1_HUMAN,,Type1,26,,,False,True,,2.3013994693756104,v9_addendum_comprehensive,73.46450805664062,91.7872314453125
,,,,,,ALE,,,,3Q6WA,,DFGin,ABAminus,,4.496430761612815,,MET,TYR_MET_HUMAN,,Type1,32,,,False,True,,2.3019051551818848,v9_addendum_latent,60.2255973815918,35.15445709228516
,,,,,,APE,,,,9LBGA,,DFGin,BLAplus,,4.963491080271027,,PAK2,STE_PAK2_HUMAN,,No_ligand,28,,,False,True,,2.302573680877685,v9_addendum_comprehensive,-80.97298431396484,80.97288513183594
,,,,,,PPE,,,,1YWVA,,DFGin,BLAminus,,6.058011517660541,,PIM1,CAMK_PIM1_HUMAN,,No_ligand,26,,,False,True,,2.303712844848633,v9_addendum_latent,77.03064727783203,92.46852111816406
,,,,,,ALE,,,,6OP9A,,DFGin,BLBplus,,4.480253739953032,,ERBB3,TYR_ERBB3_HUMAN,,Type1,30,,,False,True,,2.3055648803710938,v9_addendum_comprehensive,-4.022238254547119,5.989471435546875
,,,,,,PPE,,,,6CPFA,,DFGin,BLAminus,,4.843476230881658,,AURKA,CAMK_AURKA_HUMAN,,ATPlike,26,,,False,True,,2.309342384338379,v9_addendum_litsearch,34.07014465332031,87.8293228149414
,,,,,,PPE,,,,1YHSA,,DFGin,BLAminus,,6.057773168550291,,PIM1,CAMK_PIM1_HUMAN,,Type1,26,,,False,True,,2.309445858001709,v9_addendum_comprehensive,73.37513732910156,93.55493927001952
,,,,,,PPE,,,,5O11A,,DFGin,BLAminus,,6.099883592192366,,PIM1,CAMK_PIM1_HUMAN,,Type1,26,,,False,True,,2.3108999729156494,v9_addendum_comprehensive,75.52896118164062,95.22673034667967
,,,,,,AWE,,,,5SAVA,,DFGout,BBAminus,,3.9927514532711688,,DDR1,TYR_DDR1_HUMAN,,Type2,30,,,False,True,,2.312184810638428,v9_addendum_litsearch,-34.82320022583008,-100.00495147705078
,,,,,,PPE,,,,4BZOA,,DFGin,BLAminus,,6.055494601109378,,PIM1,CAMK_PIM1_HUMAN,,Type1,26,,,False,True,,2.3145127296447754,v9_addendum_latent,77.37901306152344,95.01087951660156
,,,,,,PPE,,,,2J2IB,,DFGin,BLAminus,,6.100527880282318,,PIM1,CAMK_PIM1_HUMAN,,Type1,26,,,False,True,,2.314824104309082,v9_addendum_latent,73.23352813720703,88.11698913574219
,,,,,,APE,,,,8VO4A,,DFGin,ABAminus,,5.470041006572502,,MAPK10,CMGC_MAPK10_HUMAN,,Type1,27,,,False,True,,2.319103717803955,v9_addendum_comprehensive,-72.0095443725586,30.928831100463867
,,,,,,APE,,,,8W3DB,,DFGin,BLAminus,,4.151676109553375,,FGFR2,TYR_FGFR2_HUMAN,,Type1.5_Back,30,,,False,True,,2.3205580711364746,v9_addendum_comprehensive,24.560606002807617,64.31578826904297
,,,,,,PPE,,,,5TEXA,,DFGin,BLAminus,,6.076572078666613,,PIM1,CAMK_PIM1_HUMAN,,Type1,26,,,False,True,,2.321132183074951,v9_addendum_comprehensive,76.27904510498047,94.68317413330078
,,,,,,PPE,,,,7OOVA,,DFGin,BLAminus,,6.119955621369607,,PIM1,CAMK_PIM1_HUMAN,,No_ligand,26,,,False,True,,2.322568416595459,v9_addendum_latent,72.93472290039062,89.23723602294922
,,,,,,PPE,,,,5TELA,,DFGin,BLAminus,,6.079612826445063,,PIM1,CAMK_PIM1_HUMAN,,Type1,26,,,False,True,,2.322693109512329,v9_addendum_comprehensive,77.73869323730469,96.2741241455078
,,,,,,PPE,,,,6PCWA,,DFGin,BLAminus,,6.087935469855992,,PIM1,CAMK_PIM1_HUMAN,,Type1,26,,,False,True,,2.323106288909912,v9_addendum_latent,77.23844909667969,91.33959197998048
,,,,,,PPE,,,,3VBTA,,DFGin,BLAminus,,6.043289693544399,,PIM1,CAMK_PIM1_HUMAN,,Type1,26,,,False,True,,2.323242664337158,v9_addendum_latent,75.62673950195312,94.24911499023438
,,,,,,PPE,,,,4BCGA,,DFGin,BLAminus,,4.786387745806373,,CDK9,CMGC_CDK9_HUMAN,,Type1,32,,,False,True,,2.323822498321533,v9_addendum_latent,74.96795654296875,87.96896362304688
,,,,,,PPE,,,,3R01A,,DFGin,BLAminus,,6.06038623498399,,PIM1,CAMK_PIM1_HUMAN,,Type1,26,,,False,True,,2.325610637664795,v9_addendum_comprehensive,77.5806655883789,94.07598114013672
,,,,,,ALE,,,,8H7XB,,DFGinter,None,,4.573768957022642,,EGFR,TYR_EGFR_HUMAN,,No_ligand,30,,,False,True,,2.326105117797852,v9_addendum_comprehensive,72.56578826904297,118.54981994628906
,,,,,,PPE,,,,2C3IB,,DFGin,BLAminus,,6.040926858550117,,PIM1,CAMK_PIM1_HUMAN,,Type1,26,,,False,True,,2.326439142227173,v9_addendum_latent,75.0383529663086,92.7925262451172
,,,,,,PPE,,,,2O65A,,DFGin,BLAminus,,6.066085633273227,,PIM1,CAMK_PIM1_HUMAN,,Type1,26,,,False,True,,2.3268725872039795,v9_addendum_comprehensive,75.45719146728516,90.94512939453124
,,,,,,PPE,,,,7XBIA,,DFGout,BBAminus,,4.220460670294025,,NTRK1,TYR_NTRK1_HUMAN,,Type2,30,,,False,True,,2.3272523880004883,v9_addendum_latent,-32.997589111328125,-101.11833953857422
,,,,,,PPE,,,,6VPMA,,DFGin,BLAminus,,5.393572658945651,,AURKA,CAMK_AURKA_HUMAN,,"ATPlike,Allosteric",26,,,False,True,,2.327859401702881,v9_addendum_latent,95.94878387451172,-135.3705596923828
,,,,,,AWE,,,,5SB0A,,DFGout,BBAminus,,3.965211716886652,,DDR1,TYR_DDR1_HUMAN,,Type2,30,,,False,True,,2.3287353515625,v9_addendum_litsearch,-41.03584671020508,-105.05907440185548
,,,,,,PPE,,,,5O13A,,DFGin,BLAminus,,6.093606852059778,,PIM1,CAMK_PIM1_HUMAN,,Type1,26,,,False,True,,2.33039665222168,v9_addendum_comprehensive,76.59681701660156,94.36556243896484
,,,,,,PPE,,,,8R1KA,,DFGin,BLAminus,,6.034552231800919,,PIM1,CAMK_PIM1_HUMAN,,Type1,26,,,False,True,,2.33121919631958,v9_addendum_comprehensive,75.11284637451172,92.39081573486328
,,,,,,ALE,,,,8F1WD,,DFGin,BLBtrans,,4.589877883407928,,EGFR,TYR_EGFR_HUMAN,,Type1,30,,,False,True,,2.3339061737060547,v9_addendum_comprehensive,-29.831356048583984,-5.950671672821045
,,,,,,ALE,,,,3R7OA,,DFGin,ABAminus,,4.532035400390523,,MET,TYR_MET_HUMAN,,Type1,32,,,False,True,,2.334038019180298,v9_addendum_comprehensive,58.03305816650391,34.34956359863281
,,,,,,PPE,,,,3BGQA,,DFGin,BLAminus,,6.055174682036951,,PIM1,CAMK_PIM1_HUMAN,,Type1,26,,,False,True,,2.334406614303589,v9_addendum_latent,69.7797622680664,93.18610382080078
,,,,,,PPE,,,,5O12A,,DFGin,BLAminus,,6.075956859867229,,PIM1,CAMK_PIM1_HUMAN,,Type1,26,,,False,True,,2.3354811668396,v9_addendum_comprehensive,74.14236450195312,96.7998275756836
,,,,,,PPE,,,,3UIXA,,DFGin,BLAminus,,6.06633433383989,,PIM1,CAMK_PIM1_HUMAN,,Type1,26,,,False,True,,2.335884094238281,v9_addendum_latent,74.83722686767578,92.9915542602539
,,,,,,PPE,,,,4GT5A,,DFGout,None,,4.279539338946252,,NTRK1,TYR_NTRK1_HUMAN,,No_ligand,30,,,False,True,,2.338344097137451,v9_addendum_comprehensive,-30.78293228149414,-112.6513442993164
,,,,,,PPE,,,,6VPLA,,DFGin,BLAminus,,5.395129726110303,,AURKA,CAMK_AURKA_HUMAN,,"ATPlike,Allosteric",26,,,False,True,,2.3398776054382324,v9_addendum_comprehensive,95.9127197265625,-133.56468200683594
,,,,,,PPE,,,,5BQ0A,,DFGin,BLBplus,,4.202589807945508,,BTK,TYR_BTK_HUMAN,,Type1,29,,,False,True,,2.340644359588623,v9_addendum_comprehensive,-36.90023422241211,31.32124328613281
,,,,,,PPE,,,,8J61A,,DFGout,None,,4.188891018830576,,NTRK1,TYR_NTRK1_HUMAN,,Type2,30,,,False,True,,2.3454599380493164,v9_addendum_comprehensive,-39.943119049072266,-106.29508209228516
,,,,,,PPE,,,,6PDPA,,DFGin,BLAminus,,6.059594087357042,,PIM1,CAMK_PIM1_HUMAN,,Type1,26,,,False,True,,2.3462164402008057,v9_addendum_comprehensive,76.65628051757812,94.5199203491211
,,,,,,PPE,,,,4XH6A,,DFGin,None,,6.071455624666424,,PIM1,CAMK_PIM1_HUMAN,,Type1,26,,,False,True,,2.347282886505127,v9_addendum_latent,74.41931915283203,94.99850463867188
,,,,,,ALE,,,,6V6OD,,DFGin,BLBplus,,4.595005619024781,,EGFR,TYR_EGFR_HUMAN,,Type1,30,,,False,True,,2.347820997238159,v9_addendum_comprehensive,-20.70137023925781,-0.1667493879795074
,,,,,,PPE,,,,2BZIB,,DFGin,BLAminus,,6.072370804347404,,PIM1,CAMK_PIM1_HUMAN,,Type1,26,,,False,True,,2.3487870693206787,v9_addendum_latent,77.4145278930664,95.82837677001952
,,,,,,PPE,,,,4RPVA,,DFGin,BLAminus,,6.049443980370056,,PIM1,CAMK_PIM1_HUMAN,,Type1,26,,,False,True,,2.34966254234314,v9_addendum_latent,74.9567642211914,93.3189697265625
,,,,,,ALE,,,,6V5PA,,DFGin,BLBplus,,4.571630910822034,,EGFR,TYR_EGFR_HUMAN,,Type1,30,,,False,True,,2.350400924682617,v9_addendum_comprehensive,-30.463321685791016,-1.3804360628128052
,,,,,,PPE,,,,4C3PD,,DFGin,ABAminus,,5.170680905491049,,AURKA,CAMK_AURKA_HUMAN,,ATPlike,26,,,False,True,,2.3506393432617188,v9_addendum_latent,102.53463745117188,-153.62136840820312
,,,,,,PPE,,,,6L14A,,DFGin,BLAminus,,6.045558016762657,,PIM1,CAMK_PIM1_HUMAN,,Type1,26,,,False,True,,2.353337287902832,v9_addendum_latent,69.15730285644531,91.83316040039062
,,,,,,PPE,,,,8R25A,,DFGin,BLAminus,,6.058160689884956,,PIM1,CAMK_PIM1_HUMAN,,Type1,26,,,False,True,,2.353955745697021,v9_addendum_comprehensive,71.70989227294922,91.60226440429688
,,,,,,PPE,,,,2YFXA,,DFGin,ABAminus,,6.553647357569702,,ALK,TYR_ALK_HUMAN,,Type1,30,,,False,True,,2.3552160263061523,v9_addendum_latent,-22.54450225830078,31.242156982421875
,,,,,,PPE,,,,6VRUA,,DFGin,BLAminus,,6.058772633589983,,PIM1,CAMK_PIM1_HUMAN,,Type1,26,,,False,True,,2.3562965393066406,v9_addendum_comprehensive,74.0213851928711,94.99597930908205
,,,,,,ALE,,,,3LQ8A,,DFGout,BBAminus,,4.52105710478439,,MET,TYR_MET_HUMAN,,Type2,32,,,False,True,,2.35818099975586,v9_addendum_comprehensive,-59.5048828125,-111.25450897216795
,,,,,,PPE,,,,2O63A,,DFGin,BLAminus,,6.082314171495088,,PIM1,CAMK_PIM1_HUMAN,,Type1,26,,,False,True,,2.3587985038757324,v9_addendum_latent,73.4188461303711,95.28173065185548
,,,,,,PPE,,,,3JPVA,,DFGin,BLAminus,,6.056284580364078,,PIM1,CAMK_PIM1_HUMAN,,Type1,26,,,False,True,,2.3600382804870605,v9_addendum_comprehensive,73.8274917602539,92.02896118164062
,,,,,,PPE,,,,4CTCA,,DFGin,ABAminus,,6.617756891283307,,ALK,TYR_ALK_HUMAN,,Type1,30,,,False,True,,2.36320161819458,v9_addendum_comprehensive,-14.507659912109377,1.3319933414459229
,,,,,,PPE,,,,8J5WA,,DFGout,None,,4.201730831408692,,NTRK1,TYR_NTRK1_HUMAN,,Type2,30,,,False,True,,2.363792181015014,v9_addendum_latent,-45.00996017456055,-114.96179962158205
,,,,,,ALE,,,,8AN8B,,DFGout,BBAminus,,4.478524474032495,,MET,TYR_MET_HUMAN,,Type1.5_Front,32,,,False,True,,2.363901138305664,v9_addendum_comprehensive,110.26395416259766,151.48097229003906
,,,,,,PPE,,,,6NPTA,,DFGout,None,,4.2101076507531765,,NTRK1,TYR_NTRK1_HUMAN,,Type3,30,,,False,True,,2.3654751777648926,v9_addendum_latent,-27.60517120361328,-102.29422760009766
,,,,,,PPE,,,,8ARJA,,DFGin,ABAminus,,6.544654761194207,,ALK,TYR_ALK_HUMAN,,Type1,30,,,False,True,,2.3656859397888184,v9_addendum_comprehensive,-12.39515495300293,3.441711664199829
,,,,,,PPE,,,,5H3QA,,DFGout,BBAminus,,4.241167389642822,,NTRK1,TYR_NTRK1_HUMAN,,Type1,30,,,False,True,,2.365927219390869,v9_addendum_latent,-33.796573638916016,-109.0298080444336
,,,,,,PPE,,,,4ANLA,,DFGin,ABAminus,,6.553381955550985,,ALK,TYR_ALK_HUMAN,,No_ligand,30,,,False,True,,2.368594169616699,v9_addendum_comprehensive,-23.65624046325684,35.9080924987793
,,,,,,PPE,,,,8VSUC,,DFGin,None,,3.737576353242291,,STK11,CAMK_STK11_HUMAN,,No_ligand,30,,,False,True,,2.3724074363708496,v9_addendum_litsearch,167.8657989501953,113.18475341796876
,,,,,,PPE,,,,5KZ0A,,DFGin,ABAminus,,6.573288290355865,,ALK,TYR_ALK_HUMAN,,Type1,30,,,False,True,,2.373034715652466,v9_addendum_comprehensive,-14.935491561889648,0.9958579540252686
,,,,,,PPE,,,,4EC9A,,DFGin,BLAminus,,4.722803195497542,,CDK9,CMGC_CDK9_HUMAN,,No_ligand,32,,,False,True,,2.3733439445495605,v9_addendum_latent,88.72001647949219,94.88220977783205
,,,,,,PPE,,,,8J63A,,DFGout,None,,4.215333969494331,,NTRK1,TYR_NTRK1_HUMAN,,Type2,30,,,False,True,,2.374448299407959,v9_addendum_latent,-38.83159637451172,-112.85768127441406
,,,,,,ALE,,,,5X2FB,,DFGin,BLBtrans,,4.553017704411114,,EGFR,TYR_EGFR_HUMAN,,Type1,30,,,False,True,,2.376145362854004,v9_addendum_latent,-24.17751693725586,-6.636857032775879
,,,,,,PPE,,,,6NSPA,,DFGout,None,,4.220824373452278,,NTRK1,TYR_NTRK1_HUMAN,,Type3,30,,,False,True,,2.3772687911987305,v9_addendum_latent,-31.04391860961914,-107.35752868652344
,,,,,,ALE,,,,8F1WA,,DFGin,BLBtrans,,4.587537029715946,,EGFR,TYR_EGFR_HUMAN,,Type1,30,,,False,True,,2.3782975673675537,v9_addendum_comprehensive,-31.72715759277344,-6.008169651031494
,,,,,,PPE,,,,3BWFA,,DFGin,BLAminus,,6.065802995657574,,PIM1,CAMK_PIM1_HUMAN,,Type1,26,,,False,True,,2.3788511753082275,v9_addendum_latent,70.53317260742188,92.2969207763672
,,,,,,ALE,,,,3LMGB,,DFGin,BLBplus,,4.49535443462073,,ERBB3,TYR_ERBB3_HUMAN,,ATPlike,30,,,False,True,,2.380056142807007,v9_addendum_latent,-20.06563949584961,18.43831253051757
,,,,,,PPE,,,,2BZJA,,DFGin,BLAminus,,6.053838124697713,,PIM1,CAMK_PIM1_HUMAN,,Type1,26,,,False,True,,2.380488872528076,v9_addendum_comprehensive,68.89498138427734,90.0978775024414
,,,,,,PPE,,,,6J5LA,,DFGin,None,,4.315914547919447,,NTRK1,TYR_NTRK1_HUMAN,,Type1,30,,,False,True,,2.381309986114502,v9_addendum_latent,-42.48599624633789,-56.29067993164063
,,,,,,PPE,,,,5KMKA,,DFGout,None,,4.207621441023693,,NTRK1,TYR_NTRK1_HUMAN,,Type3,30,,,False,True,,2.384593963623047,v9_addendum_comprehensive,-30.26687812805176,-107.13644409179688
,,,,,,PPE,,,,5KMLA,,DFGout,None,,4.204004964307695,,NTRK1,TYR_NTRK1_HUMAN,,Type3,30,,,False,True,,2.388998031616211,v9_addendum_comprehensive,-33.3681755065918,-111.94754791259766
,,,,,,SPE,,,,9UURA,,DFGin,BLAminus,,6.795172346415443,,MAP2K1,STE_MAP2K1_HUMAN,,ATPlike,26,,,False,True,,2.3892831802368164,v9_addendum_comprehensive,124.83745574951172,53.08607864379883
,,,,,,PPE,,,,3MY1A,,DFGin,BLAminus,,4.772734789115221,,CDK9,CMGC_CDK9_HUMAN,,Type1,32,,,False,True,,2.390122175216675,v9_addendum_latent,79.52220916748047,89.10436248779297
,,,,,,PPE,,,,7N4SA,,DFGin,BLBplus,,4.2025595948666,,BTK,TYR_BTK_HUMAN,,Type1,29,,,False,True,,2.39111590385437,v9_addendum_comprehensive,-36.2232666015625,29.0689697265625
,,,,,,PPE,,,,6D1YA,,DFGout,None,,4.313495626453216,,NTRK1,TYR_NTRK1_HUMAN,,Type3,30,,,False,True,,2.393995761871338,v9_addendum_comprehensive,-57.34617233276367,-106.77367401123048
,,,,,,PPE,,,,1K2PB,,DFGin,BLBplus,,4.225410575781942,,BTK,TYR_BTK_HUMAN,,No_ligand,29,,,False,True,,2.3940882682800293,v9_addendum_latent,38.0699462890625,30.988712310791016
,,,,,,ALE,,,,2RFDB,,DFGin,BLBtrans,,4.510005416810804,,EGFR,TYR_EGFR_HUMAN,,No_ligand,30,,,False,True,,2.396487236022949,v9_addendum_latent,-17.991533279418945,20.53609848022461
,,,,,,ALE,,,,4LQMA,,DFGin,BLAminus,,4.573266520631706,,EGFR,TYR_EGFR_HUMAN,,Type1,30,,,False,True,,2.3984575271606445,v9_addendum_comprehensive,-2.304166316986084,66.64994812011719
,,,,,,PPE,,,,4BZNA,,DFGin,BLAminus,,6.045168948212432,,PIM1,CAMK_PIM1_HUMAN,,Type1,26,,,False,True,,2.3996894359588623,v9_addendum_comprehensive,72.423095703125,94.93540954589844
,,,,,,PPE,,,,3DJ7A,,DFGin,BLAminus,,4.856952138924246,,AURKA,CAMK_AURKA_MOUSE,,Type1.5_Front,26,,,False,True,,2.399749755859375,v9_addendum_comprehensive,19.84145736694336,67.5342788696289
,,,,,,SPE,,,,9UW4A,,DFGin,BLAminus,,6.666391999405784,,MAP2K1,STE_MAP2K1_HUMAN,,ATPlike,26,,,False,True,,2.40008807182312,v9_addendum_comprehensive,119.92808532714844,47.11322784423828
,,,,,,PPE,,,,5KMMA,,DFGout,None,,4.212929172688668,,NTRK1,TYR_NTRK1_HUMAN,,Type3,30,,,False,True,,2.401503324508667,v9_addendum_comprehensive,-28.90182876586914,-102.61833190917967
,,,,,,APE,,,,9LBFA,,DFGin,BLAplus,,4.967230134793322,,PAK2,STE_PAK2_HUMAN,,No_ligand,28,,,False,True,,2.402170181274414,v9_addendum_comprehensive,-83.97499084472656,75.05764770507812
,,,,,,PPE,,,,8DSOB,,DFGin,BLBplus,,4.212336367157477,,BTK,TYR_BTK_HUMAN,,Type1.5_Back,29,,,False,True,,2.4036593437194824,v9_addendum_comprehensive,-22.180883407592773,4.626722812652588
,,,,,,PPE,,,,3D14A,,DFGin,BLAminus,,4.824084425971825,,AURKA,CAMK_AURKA_MOUSE,,Type1.5_Front,26,,,False,True,,2.4042601585388184,v9_addendum_comprehensive,16.971193313598633,66.5606689453125
,,,,,,PPE,,,,6CYTA,,DFGin,BLAminus,,4.767642986130752,,CDK9,CMGC_CDK9_HUMAN,,No_ligand,32,,,False,True,,2.404398202896118,v9_addendum_latent,88.0301513671875,93.77328491210938
,,,,,,PPE,,,,5KMOA,,DFGout,None,,4.2080099225222245,,NTRK1,TYR_NTRK1_HUMAN,,Type1,30,,,False,True,,2.4080729484558105,v9_addendum_comprehensive,-44.10380172729492,-109.69863891601562
,,,,,,PPE,,,,5N9SA,,DFGin,ABAminus,,7.159836924416864,,TTK,OTHER_TTK_HUMAN,,Type1.5_Front,30,,,False,True,,2.4121899604797363,v9_addendum_latent,-90.4591827392578,50.49098205566406
,,,,,,PPE,,,,5L8KA,,DFGinter,None,,4.831761007712771,,AURKA,CAMK_AURKA_HUMAN,,ATPlike,26,,,False,True,,2.4186012744903564,v9_addendum_comprehensive,16.065549850463867,28.06882095336914
,,,,,,PPE,,,,4CLIA,,DFGin,ABAminus,,6.574478947591503,,ALK,TYR_ALK_HUMAN,,Type1,30,,,False,True,,2.421489715576172,v9_addendum_comprehensive,-24.16316032409668,34.256961822509766
,,,,,,PPE,,,,4OGRI,,DFGin,BLAminus,,4.851109369349042,,CDK9,CMGC_CDK9_HUMAN,,Type1,32,,,False,True,,2.4218642711639404,v9_addendum_comprehensive,82.6144790649414,89.57898712158203
,,,,,,PPE,,,,6PMAA,,DFGout,None,,4.235784075650621,,NTRK1,TYR_NTRK1_HUMAN,,Type2,30,,,False,True,,2.4222354888916016,v9_addendum_comprehensive,-27.04826736450196,-95.65525817871094
,,,,,,PPE,,,,5L1ZA,,DFGin,BLAminus,,4.823357894318599,,CDK9,CMGC_CDK9_HUMAN,,No_ligand,32,,,False,True,,2.4227540493011475,v9_addendum_latent,82.49715423583984,88.2197494506836
,,,,,,PPE,,,,4OR5A,,DFGin,BLAminus,,4.762140192526391,,CDK9,CMGC_CDK9_HUMAN,,No_ligand,32,,,False,True,,2.423255205154419,v9_addendum_comprehensive,92.6472625732422,95.97806549072266
,,,,,,PPE,,,,5KMJA,,DFGout,None,,4.184011645245687,,NTRK1,TYR_NTRK1_HUMAN,,Type3,30,,,False,True,,2.423344612121582,v9_addendum_comprehensive,-30.50967788696289,-108.23684692382812
,,,,,,PPE,,,,6PL3A,,DFGout,None,,4.216364139190524,,NTRK1,TYR_NTRK1_HUMAN,,Type2,30,,,False,True,,2.426447868347168,v9_addendum_comprehensive,-28.038036346435547,-106.15347290039062
,,,,,,PPE,,,,5AA8A,,DFGin,ABAminus,,6.571135992372427,,ALK,TYR_ALK_HUMAN,,Type1,30,,,False,True,,2.426985740661621,v9_addendum_latent,-22.611814498901367,33.24750518798828
,,,,,,ALE,,,,3W32A,,DFGin,BLBplus,,4.593283622878842,,EGFR,TYR_EGFR_HUMAN,,Type1.5_Back,30,,,False,True,,2.432431221008301,v9_addendum_latent,-8.135529518127441,14.89911651611328
,,,,,,ALE,,,,6V5NA,,DFGin,BLBplus,,4.595773613600557,,EGFR,TYR_EGFR_HUMAN,,Type1,30,,,False,True,,2.4328062534332275,v9_addendum_comprehensive,-18.374521255493164,0.3139873445034027
,,,,,,PPE,,,,4J8MA,,DFGin,BLAplus,,4.884655157464135,,AURKA,CAMK_AURKA_HUMAN,,Type1,26,,,False,True,,2.434997320175171,v9_addendum_latent,-91.06739044189452,57.850006103515625
,,,,,,PPE,,,,6PMBA,,DFGout,None,,4.247005080644703,,NTRK1,TYR_NTRK1_HUMAN,,Type2,30,,,False,True,,2.436849594116211,v9_addendum_latent,-31.014633178710938,-102.4690399169922
,,,,,,PPE,,,,6PL4A,,DFGout,BBAminus,,4.215860995695401,,NTRK1,TYR_NTRK1_HUMAN,,Type3,30,,,False,True,,2.436863899230957,v9_addendum_comprehensive,-30.00562858581543,-102.81171417236328
,,,,,,SPE,,,,9UW3A,,DFGin,BLAminus,,6.736389535188331,,MAP2K1,STE_MAP2K1_HUMAN,,ATPlike,26,,,False,True,,2.437318563461304,v9_addendum_comprehensive,118.54463958740234,53.02635955810547
,,,,,,SPE,,,,9UUXA,,DFGin,BLAminus,,6.758136979788929,,MAP2K1,STE_MAP2K1_HUMAN,,ATPlike,26,,,False,True,,2.439574718475342,v9_addendum_comprehensive,121.13996887207033,50.63186264038086
,,,,,,PPE,,,,3AOXA,,DFGin,ABAminus,,6.610765604538268,,ALK,TYR_ALK_HUMAN,,Type1,30,,,False,True,,2.4398193359375,v9_addendum_comprehensive,-13.426862716674805,28.07226181030273
,,,,,,PPE,,,,7JY4A,,DFGin,ABAminus,,6.549819979558324,,ALK,TYR_ALK_HUMAN,,"Allosteric,Type1",30,,,False,True,,2.4403693675994877,v9_addendum_latent,-21.731311798095703,27.10758209228516
,,,,,,PPE,,,,4YNEA,,DFGin,ABAminus,,4.261967698229662,,NTRK1,TYR_NTRK1_HUMAN,,Type1,30,,,False,True,,2.440767765045166,v9_addendum_latent,-48.5566520690918,-69.65086364746094
,,,,,,PPE,,,,5KMIA,,DFGout,None,,4.179828680661566,,NTRK1,TYR_NTRK1_HUMAN,,Type3,30,,,False,True,,2.441802978515625,v9_addendum_comprehensive,-29.773181915283203,-108.42173767089844
,,,,,,PPE,,,,3D15A,,DFGin,BLAminus,,4.886437671753107,,AURKA,CAMK_AURKA_MOUSE,,Type1.5_Front,26,,,False,True,,2.4442005157470703,v9_addendum_litsearch,20.21173667907715,86.48786163330078
,,,,,,PPE,,,,4CTBA,,DFGin,ABAminus,,6.579956437939789,,ALK,TYR_ALK_HUMAN,,Type1,30,,,False,True,,2.4476680755615234,v9_addendum_latent,-25.09583854675293,36.15292739868164
,,,,,,ALE,,,,6V6OB,,DFGin,BLBtrans,,4.675231442311055,,EGFR,TYR_EGFR_HUMAN,,Type1,30,,,False,True,,2.4497907161712646,v9_addendum_latent,-20.52152633666992,-0.3111741840839386
,,,,,,PPE,,,,5NG3B,,DFGin,BLBplus,,2.814344878656457,,RIPK2,TKL_RIPK2_HUMAN,,No_ligand,33,,,False,True,,2.4512734413146973,v9_addendum_comprehensive,-36.68463897705078,46.39555358886719
,,,,,,PPE,,,,4CD0A,,DFGin,ABAminus,,6.597391994182629,,ALK,TYR_ALK_HUMAN,,Type1,30,,,False,True,,2.453537940979004,v9_addendum_latent,-23.627347946166992,35.385982513427734
,,,,,,APE,,,,9D3FA,,DFGin,BLAminus,,6.770248288715493,,WNK1,OTHER_WNK1_RAT,,No_ligand,26,,,False,True,,2.4543886184692383,v9_addendum_comprehensive,-15.473788261413574,28.57536697387696
,,,,,,PPE,,,,4CCUA,,DFGin,ABAminus,,6.601470547204996,,ALK,TYR_ALK_HUMAN,,Type1,30,,,False,True,,2.4544239044189453,v9_addendum_latent,-21.93807601928711,35.02194595336914
,,,,,,PPE,,,,4FODA,,DFGin,ABAminus,,6.555946920194604,,ALK,TYR_ALK_HUMAN,,Type1,30,,,False,True,,2.4580535888671875,v9_addendum_latent,-9.88085651397705,26.24061584472656
,,,,,,PPE,,,,4IMYA,,DFGin,BLAminus,,4.846159881272248,,CDK9,CMGC_CDK9_HUMAN,,Type1.5_Back,32,,,False,True,,2.458359956741333,v9_addendum_comprehensive,83.02459716796875,83.59135437011719
,,,,,,PPE,,,,4UZDB,,DFGin,None,,4.985463380483575,,AURKA,CAMK_AURKA_HUMAN,,Type1.5_Front,26,,,False,True,,2.461110115051269,v9_addendum_latent,-37.278621673583984,-66.40755462646484
,,,,,,PPE,,,,4ANQA,,DFGin,ABAminus,,6.566896640655224,,ALK,TYR_ALK_HUMAN,,Type1,30,,,False,True,,2.461427688598633,v9_addendum_latent,-25.591346740722656,39.05978012084961
,,,,,,PPE,,,,7R7RA,,DFGin,ABAminus,,6.603896038113702,,ALK,TYR_ALK_HUMAN,,Type1,30,,,False,True,,2.461533069610596,v9_addendum_comprehensive,-23.668163299560547,25.88242149353028
,,,,,,PPE,,,,6NSSA,,DFGout,None,,4.204189782491716,,NTRK1,TYR_NTRK1_HUMAN,,Type3,30,,,False,True,,2.467744827270508,v9_addendum_comprehensive,-30.929048538208008,-106.44535064697266
,,,,,,PPE,,,,6PL2A,,DFGout,BBAminus,,4.206874953613021,,NTRK1,TYR_NTRK1_HUMAN,,Type2,30,,,False,True,,2.4681053161621094,v9_addendum_comprehensive,-31.61640739440918,-88.0901870727539
,,,,,,PPE,,,,4ANSA,,DFGin,ABAminus,,6.559358417902249,,ALK,TYR_ALK_HUMAN,,Type1,30,,,False,True,,2.4700138568878174,v9_addendum_comprehensive,-27.469606399536133,40.96805191040039
,,,,,,PPE,,,,4OGRA,,DFGin,BLAminus,,4.832846709499187,,CDK9,CMGC_CDK9_HUMAN,,Type1,32,,,False,True,,2.4707369804382324,v9_addendum_comprehensive,90.2060775756836,91.87933349609376
,,,,,,PPE,,,,4CMOA,,DFGin,ABAminus,,6.572399503646809,,ALK,TYR_ALK_HUMAN,,Type1,30,,,False,True,,2.470921516418457,v9_addendum_comprehensive,-26.503353118896484,40.8741455078125
,,,,,,PPE,,,,2NP8A,,DFGin,ABAminus,,4.829373061645969,,AURKA,CAMK_AURKA_HUMAN,,Type1,26,,,False,True,,2.471039295196533,v9_addendum_litsearch,29.8205509185791,124.60554504394533
,,,,,,ALE,,,,2WD1A,,DFGin,BLBplus,,4.478255829300199,,MET,TYR_MET_HUMAN,,Type1,32,,,False,True,,2.473349094390869,v9_addendum_latent,-26.015010833740234,-76.40180206298828
,,,,,,PPE,,,,6PMCA,,DFGout,None,,4.230806254941303,,NTRK1,TYR_NTRK1_HUMAN,,Type2,30,,,False,True,,2.4736390113830566,v9_addendum_comprehensive,-28.02031135559082,-90.80207824707033
,,,,,,PPE,,,,5AA9A,,DFGin,ABAminus,,6.576620067445429,,ALK,TYR_ALK_HUMAN,,Type1,30,,,False,True,,2.473644256591797,v9_addendum_latent,-21.248645782470703,37.39900207519531
,,,,,,PPE,,,,7JYSA,,DFGin,ABAminus,,6.549020072191095,,ALK,TYR_ALK_HUMAN,,Type1,30,,,False,True,,2.4744348526000977,v9_addendum_latent,-18.877349853515625,23.450244903564453
,,,,,,PPE,,,,5P9MA,,DFGin,BLBplus,,4.171363632714565,,BTK,TYR_BTK_HUMAN,,Type1.5_Back,29,,,False,True,,2.474731922149658,v9_addendum_latent,-50.11224365234375,35.36642074584961
,,,,,,ALE,,,,4IWDA,,DFGin,ABAminus,,4.525597195819652,,MET,TYR_MET_HUMAN,,"Allosteric,Type1",32,,,False,True,,2.474806785583496,v9_addendum_latent,54.047393798828125,33.92306900024414
,,,,,,PPE,,,,4EC8A,,DFGin,BLAminus,,4.753933399886653,,CDK9,CMGC_CDK9_HUMAN,,No_ligand,32,,,False,True,,2.475128650665283,v9_addendum_comprehensive,74.35108184814453,82.53526306152344
,,,,,,ALE,,,,3KEXA,,DFGin,BLBplus,,4.508678120897799,,ERBB3,TYR_ERBB3_HUMAN,,ATPlike,30,,,False,True,,2.4765517711639404,v9_addendum_comprehensive,-17.92257308959961,13.792704582214355
,,,,,,PPE,,,,7R7KA,,DFGin,ABAminus,,6.605938202630707,,ALK,TYR_ALK_HUMAN,,Type1,30,,,False,True,,2.4777607917785645,v9_addendum_comprehensive,-26.53165435791016,40.12765884399414
,,,,,,PPE,,,,4OGRE,,DFGin,BLAminus,,4.781294657179583,,CDK9,CMGC_CDK9_HUMAN,,Type1,32,,,False,True,,2.4808270931243896,v9_addendum_comprehensive,83.5491714477539,81.15911865234375
,,,,,,PPE,,,,5P9JA,,DFGin,BLBplus,,4.181176146264865,,BTK,TYR_BTK_HUMAN,,Type1.5_Back,29,,,False,True,,2.4852330684661865,v9_addendum_latent,-15.63820743560791,-8.420236587524414
,,,,,,APE,,,,8W3DD,,DFGin,BLAminus,,4.146429587267875,,FGFR2,TYR_FGFR2_HUMAN,,Type1.5_Back,30,,,False,True,,2.486234664916992,v9_addendum_comprehensive,39.89076232910156,73.4958267211914
,,,,,,PPE,,,,5IUIA,,DFGin,ABAminus,,6.554391265371797,,ALK,TYR_ALK_HUMAN,,Type1,30,,,False,True,,2.486309289932251,v9_addendum_latent,-21.338165283203125,31.151805877685547
,,,,,,PPE,,,,3MIAA,,DFGin,BLAminus,,4.826911678988376,,CDK9,CMGC_CDK9_HUMAN,,ATPlike,32,,,False,True,,2.494997024536133,v9_addendum_comprehensive,87.24183654785156,94.00138854980467
,,,,,,ALE,,,,4R1VA,,DFGin,BLBplus,,4.552535806336979,,MET,TYR_MET_HUMAN,,Type1,32,,,False,True,,2.4966607093811035,v9_addendum_latent,-26.58861923217773,-74.36307525634766
,,,,,,PPE,,,,5A9UA,,DFGin,ABAminus,,6.574292043636955,,ALK,TYR_ALK_HUMAN,,Type1,30,,,False,True,,2.496917724609375,v9_addendum_latent,-24.67767333984375,38.49284362792969
,,,,,,PPE,,,,4CLJA,,DFGin,ABAminus,,6.575007713182348,,ALK,TYR_ALK_HUMAN,,Type1,30,,,False,True,,2.497532606124878,v9_addendum_comprehensive,-26.16402244567871,41.829383850097656
,,,,,,PPE,,,,5AAAA,,DFGin,ABAminus,,6.580677080928903,,ALK,TYR_ALK_HUMAN,,Type1,30,,,False,True,,2.4996042251586914,v9_addendum_comprehensive,-26.08580017089844,39.33434677124024
,,,,,,PPE,,,,4CMUA,,DFGin,ABAminus,,6.568710065846257,,ALK,TYR_ALK_HUMAN,,Type1,30,,,False,True,,2.5014538764953613,v9_addendum_latent,-24.917787551879883,39.15561294555664
,,,,,,ALE,,,,7JXPB,,DFGin,BLBplus,,4.605125544973527,,EGFR,TYR_EGFR_HUMAN,,"ATPlike,Type3",30,,,False,True,,2.5019633769989014,v9_addendum_comprehensive,-14.346104621887209,8.070687294006348
,,,,,,PPE,,,,6PMEB,,DFGin,None,,4.242262262400897,,NTRK1,TYR_NTRK1_HUMAN,,Type1,30,,,False,True,,2.5157582759857178,v9_addendum_comprehensive,-79.28524780273438,-104.82654571533205
,,,,,,PPE,,,,3MI9A,,DFGin,BLAminus,,4.784240544555677,,CDK9,CMGC_CDK9_HUMAN,,No_ligand,32,,,False,True,,2.5166077613830566,v9_addendum_latent,91.94400024414062,88.04439544677734
,,,,,,PPE,,,,5WR7A,,DFGout,None,,4.305407350562927,,NTRK1,TYR_NTRK1_HUMAN,,Type2,30,,,False,True,,2.517592430114746,v9_addendum_latent,-34.25680160522461,-96.5034408569336
,,,,,,ALE,,,,3KEXB,,DFGin,BLBplus,,4.508284171823442,,ERBB3,TYR_ERBB3_HUMAN,,ATPlike,30,,,False,True,,2.518246650695801,v9_addendum_latent,-13.326142311096191,13.094908714294434
,,,,,,PPE,,,,2YJSA,,DFGin,ABAminus,,6.539345637480939,,ALK,TYR_ALK_HUMAN,,No_ligand,30,,,False,True,,2.5185561180114746,v9_addendum_comprehensive,-19.66543197631836,23.521419525146484
,,,,,,ALE,,,,3BELA,,DFGin,BLBplus,,4.600097862162648,,EGFR,TYR_EGFR_HUMAN,,Type1.5_Back,30,,,False,True,,2.5200562477111816,v9_addendum_latent,-10.318110466003418,19.42263603210449
,,,,,,PPE,,,,5AABA,,DFGin,ABAminus,,6.562801872004571,,ALK,TYR_ALK_HUMAN,,Type1,30,,,False,True,,2.52099871635437,v9_addendum_comprehensive,-26.98932456970215,42.45440673828125
,,,,,,PPE,,,,8TU5A,,DFGin,BLBplus,,4.20560239333453,,BTK,TYR_BTK_HUMAN,,Type1,29,,,False,True,,2.5215206146240234,v9_addendum_latent,-33.96424865722656,31.78451538085937
,,,,,,APE,,,,9TYGB,,DFGin,BLAminus,,4.591034164615186,,MAPK1,CMGC_MAPK1_HUMAN,,ATPlike,31,,,False,True,,2.523422718048096,v9_addendum_comprehensive,46.189971923828125,42.40926742553711
,,,,,,PPE,,,,4IMYC,,DFGin,BLAminus,,4.846883879233321,,CDK9,CMGC_CDK9_HUMAN,,ATPlike,32,,,False,True,,2.523496150970459,v9_addendum_latent,78.96206665039062,77.81944274902344
,,,,,,ALE,,,,7JXPA,,DFGin,BLBplus,,4.610955314741737,,EGFR,TYR_EGFR_HUMAN,,"ATPlike,Type3",30,,,False,True,,2.523979663848877,v9_addendum_comprehensive,-16.892627716064453,8.42896842956543
,,,,,,PPE,,,,4OR5F,,DFGin,BLAminus,,4.763759418286986,,CDK9,CMGC_CDK9_HUMAN,,No_ligand,32,,,False,True,,2.5274457931518555,v9_addendum_comprehensive,96.30681610107422,87.69026947021484
,,,,,,ALE,,,,3VW8A,,DFGout,BBAminus,,4.235427612398508,,MET,TYR_MET_HUMAN,,Type2,32,,,False,True,,2.527548789978028,v9_addendum_latent,-59.445743560791016,-105.20008087158205
,,,,,,ALE,,,,4DEHA,,DFGin,BLBplus,,4.600603349572771,,MET,TYR_MET_HUMAN,,Type1,32,,,False,True,,2.5289463996887207,v9_addendum_comprehensive,-24.315439224243164,-73.52159881591797
,,,,,,ALE,,,,4AP7A,,DFGin,BLBplus,,4.479673839117954,,MET,TYR_MET_HUMAN,,Type1,32,,,False,True,,2.535628080368042,v9_addendum_comprehensive,-31.55168533325196,-98.5269775390625
,,,,,,APE,,,,9M41A,,DFGout,BBAminus,,4.863841343748169,,PAK2,STE_PAK2_HUMAN,,No_ligand,28,,,False,True,,2.5357203483581543,v9_addendum_comprehensive,13.979235649108888,40.866966247558594
,,,,,,PPE,,,,7VKOA,,DFGin,None,,4.298167144142011,,NTRK1,TYR_NTRK1_HUMAN,,Type1,30,,,False,True,,2.53661584854126,v9_addendum_latent,-38.19363784790039,-79.57434844970703
,,,,,,ALE,,,,2RGPA,,DFGin,BLBplus,,4.586784264958908,,EGFR,TYR_EGFR_HUMAN,,Type1.5_Back,30,,,False,True,,2.537230968475342,v9_addendum_latent,-10.383697509765623,20.14687728881836
,,,,,,ALE,,,,6SDCA,,DFGout,BBAminus,,4.498564099372651,,MET,TYR_MET_HUMAN,,Type2,32,,,False,True,,2.538135528564453,v9_addendum_comprehensive,-55.58361053466797,-103.86632537841795
,,,,,,APE,,,,7MTAG,,DFGin,BLAminus,,4.243977783759927,,GRK1,AGC_GRK1_BOVIN,,"Type1,Type1,Type1,Type1,Type1,Type1",28,,,False,True,,2.5394883155822754,v9_addendum_comprehensive,128.86756896972656,112.05330657958984
,,,,,,ALE,,,,1XKKA,,DFGin,BLBplus,,4.6120760131580365,,EGFR,TYR_EGFR_HUMAN,,Type1.5_Back,30,,,False,True,,2.5401906967163086,v9_addendum_comprehensive,-8.509267807006836,20.86922645568848
,,,,,,ALE,,,,3ZBXA,,DFGin,BLBplus,,4.468780863164293,,MET,TYR_MET_HUMAN,,Type1,32,,,False,True,,2.540360450744629,v9_addendum_comprehensive,-31.84521484375,-99.26139831542967
,,,,,,ALE,,,,8U8XA,,DFGout,None,,4.564159350968046,,ERBB2,TYR_ERBB2_HUMAN,,Type1,30,,,False,True,,2.5436697006225586,v9_addendum_latent,-32.444374084472656,22.33824157714844
,,,,,,ALE,,,,3ZXZA,,DFGin,BLBplus,,4.455817613342972,,MET,TYR_MET_HUMAN,,Type1,32,,,False,True,,2.544893741607666,v9_addendum_comprehensive,-33.34706497192383,-100.17752838134766
,,,,,,PPE,,,,7JYTA,,DFGin,ABAminus,,6.556603733460743,,ALK,TYR_ALK_HUMAN,,Type1,30,,,False,True,,2.546144485473633,v9_addendum_comprehensive,-21.43215560913086,31.208526611328125
,,,,,,APE,,,,7JHGA,,DFGin,None,,4.291749087114896,,PRKAA1,CAMK_PRKAA1_HUMAN,,Type1,27,,,False,True,,2.5527405738830566,v9_addendum_comprehensive,-11.315703392028809,13.419989585876465
,,,,,,ALE,,,,3ZC5A,,DFGin,BLBplus,,4.468018931538402,,MET,TYR_MET_HUMAN,,Type1,32,,,False,True,,2.5527713298797607,v9_addendum_comprehensive,-32.533294677734375,-97.45771026611328
,,,,,,PPE,,,,4TT7A,,DFGin,ABAminus,,6.538974890101201,,ALK,TYR_ALK_HUMAN,,"Allosteric,Allosteric",30,,,False,True,,2.555084705352783,v9_addendum_latent,-22.873193740844727,38.2302360534668
,,,,,,ALE,,,,3ZCLA,,DFGin,BLBplus,,4.468540626577381,,MET,TYR_MET_HUMAN,,Type1,32,,,False,True,,2.55822229385376,v9_addendum_latent,-33.21939468383789,-95.92945098876952
,,,,,,PPE,,,,5NG3C,,DFGin,BLBplus,,2.7588876671127824,,RIPK2,TKL_RIPK2_HUMAN,,No_ligand,33,,,False,True,,2.5588903427124023,v9_addendum_comprehensive,-38.93014144897461,52.53485107421875
,,,,,,ALE,,,,3LMGA,,DFGin,BLBplus,,4.504864236006105,,ERBB3,TYR_ERBB3_HUMAN,,ATPlike,30,,,False,True,,2.559635877609253,v9_addendum_latent,-17.307979583740234,17.299962997436523
,,,,,,ALE,,,,4AOIA,,DFGin,BLBplus,,4.463217175423607,,MET,TYR_MET_HUMAN,,Type1,32,,,False,True,,2.5658271312713623,v9_addendum_latent,-32.87069320678711,-99.45523071289062
,,,,,,ALE,,,,5HTIA,,DFGout,BBAminus,,4.482222138503685,,MET,TYR_MET_HUMAN,,Type2,32,,,False,True,,2.571091890335083,v9_addendum_comprehensive,-54.020015716552734,-99.82947540283205
,,,,,,APE,,,,8JQIB,,DFGin,BLBplus,,4.321724726096657,,FGFR1,TYR_FGFR1_HUMAN,,No_ligand,30,,,False,True,,2.5724823474884038,v9_addendum_comprehensive,-56.454010009765625,-0.3768461644649505
,,,,,,PPE,,,,5O0YA,,DFGin,BLAminus,,6.071977008294119,,TLK2,OTHER_TLK2_HUMAN,,ATPlike,35,,,False,True,,2.5752158164978027,v9_addendum_comprehensive,129.84527587890625,37.92829513549805
,,,,,,PPE,,,,7R61A,,DFGin,BLBplus,,4.195505506811156,,BTK,TYR_BTK_HUMAN,,Type1.5_Back,29,,,False,True,,2.5826492309570312,v9_addendum_latent,-12.661232948303224,-7.008754730224609
,,,,,,AIE,,,,2P4IA,,DFGout,BBAminus,,4.480385414810665,,TEK,TYR_TEK_HUMAN,,Type2,27,,,False,True,,2.585346221923828,v9_addendum_litsearch,1.8680119514465328,70.11509704589844
,,,,,,APE,,,,9UURB,,DFGin,BLAminus,,4.53690086085217,,MAPK3,CMGC_MAPK3_HUMAN,,ATPlike,31,,,False,True,,2.5875229835510254,v9_addendum_comprehensive,55.04230880737305,36.79298400878906
,,,,,,ALE,,,,4RIXC,,DFGin,BLBplus,,4.501837559412703,,ERBB3,TYR_ERBB3_HUMAN,,ATPlike,30,,,False,True,,2.5911200046539307,v9_addendum_latent,-44.487098693847656,2.5844321250915527
,,,,,,ALE,,,,5YA5A,,DFGin,BLBplus,,4.552144979907677,,MET,TYR_MET_HUMAN,,Type1,32,,,False,True,,2.593348264694214,v9_addendum_latent,-28.501867294311523,-86.98979949951172
,,,,,,APE,,,,7JHHA,,DFGin,None,,4.316048592058127,,PRKAA1,CAMK_PRKAA1_HUMAN,,No_ligand,27,,,False,True,,2.5944619178771973,v9_addendum_comprehensive,-10.03359317779541,9.48194694519043
,,,,,,ALE,,,,4MXCA,,DFGout,BBAminus,,4.343700994882801,,MET,TYR_MET_HUMAN,,Type2,32,,,False,True,,2.5950193405151367,v9_addendum_comprehensive,-53.12302017211914,-109.10184478759766
,,,,,,ALE,,,,2RFEA,,DFGin,BLBtrans,,4.541046473378417,,EGFR,TYR_EGFR_HUMAN,,No_ligand,30,,,False,True,,2.595057964324951,v9_addendum_comprehensive,-16.431537628173828,28.059829711914062
,,,,,,PPE,,,,4JRNA,,DFGin,BLAminus,,4.433780219971433,,ROP18,OTHER_ROP18_TOXGO,,Allosteric,24,,,False,True,,2.611314535140991,v9_addendum_comprehensive,62.912574768066406,60.70516586303711
,,,,,,PPE,,,,7YC9A,,DFGinter,BABtrans,,4.275971320155032,,BTK,TYR_BTK_HUMAN,,Type1,29,,,False,True,,2.62005615234375,v9_addendum_latent,-32.16264343261719,-44.7503662109375
,,,,,,APE,,,,9UW4B,,DFGin,BLAminus,,4.613349114524575,,MAPK3,CMGC_MAPK3_HUMAN,,ATPlike,31,,,False,True,,2.638223648071289,v9_addendum_comprehensive,57.98201751708984,34.50072479248047
,,,,,,ALE,,,,3DKCA,,DFGin,BLBplus,,4.737945950797244,,MET,TYR_MET_HUMAN,,ATPlike,32,,,False,True,,2.641998291015625,v9_addendum_latent,-9.376890182495115,3.5678510665893555
,,,,,,APE,,,,7M74A,,DFGin,None,,4.223470981103659,,PRKAA1,CAMK_PRKAA1_HUMAN,,Type1,27,,,False,True,,2.642306089401245,v9_addendum_comprehensive,-8.24914836883545,13.70713233947754
,,,,,,ALE,,,,2WKMA,,DFGin,BLBplus,,4.49255535380635,,MET,TYR_MET_HUMAN,,Type1,32,,,False,True,,2.6458334922790527,v9_addendum_latent,-41.27772903442383,-85.43108367919922
,,,,,,ALE,,,,3CD8A,,DFGin,BLBplus,,4.585602303397829,,MET,TYR_MET_HUMAN,,Type1,32,,,False,True,,2.650036334991455,v9_addendum_latent,-31.269031524658203,-85.63394927978516
,,,,,,PPE,,,,4FOBA,,DFGin,ABAminus,,6.569006958841574,,ALK,TYR_ALK_HUMAN,,Type1,30,,,False,True,,2.652185201644897,v9_addendum_latent,-19.51229476928711,35.79801940917969
,,,,,,ALE,,,,5HLWA,,DFGin,BLBtrans,,4.530759974356852,,MET,TYR_MET_HUMAN,,Type1,32,,,False,True,,2.653712272644043,v9_addendum_comprehensive,-39.67861175537109,-58.30172729492188
,,,,,,PPE,,,,3L9PA,,DFGin,ABAminus,,6.540105878894328,,ALK,TYR_ALK_HUMAN,,No_ligand,30,,,False,True,,2.654843330383301,v9_addendum_comprehensive,-17.096515655517578,29.20548820495605
,,,,,,APE,,,,9UW3B,,DFGin,BLAminus,,4.5508075502763,,MAPK3,CMGC_MAPK3_HUMAN,,ATPlike,31,,,False,True,,2.657197952270508,v9_addendum_comprehensive,51.11487579345703,31.760963439941406
,,,,,,PPE,,,,4Z55A,,DFGin,ABAminus,,6.583491617250546,,ALK,TYR_ALK_HUMAN,,Type1,30,,,False,True,,2.6592960357666016,v9_addendum_comprehensive,-18.20266342163086,29.33460235595703
,,,,,,ALE,,,,5UADA,,DFGin,BLBplus,,4.7152145120515,,MET,TYR_MET_HUMAN,,Type1,32,,,False,True,,2.660231351852417,v9_addendum_comprehensive,-30.75082397460937,-88.3764877319336
,,,,,,ALE,,,,4XYFA,,DFGin,BLBplus,,4.592930984056029,,MET,TYR_MET_HUMAN,,Type1,32,,,False,True,,2.66091251373291,v9_addendum_latent,-30.554224014282227,-82.07587432861328
,,,,,,PPE,,,,5FTQA,,DFGin,ABAminus,,6.662434150892919,,ALK,TYR_ALK_HUMAN,,Type1,30,,,False,True,,2.66230583190918,v9_addendum_latent,-13.768424034118652,19.136249542236328
,,,,,,ALE,,,,2RFSA,,DFGin,BLBplus,,4.650134829303816,,MET,TYR_MET_HUMAN,,Type1,32,,,False,True,,2.66382908821106,v9_addendum_latent,-31.708683013916016,-94.3818588256836
,,,,,,PPE,,,,6B4WA,,DFGin,ABAminus,,7.259220719793132,,TTK,OTHER_TTK_HUMAN,,Type1,30,,,False,True,,2.6684703826904297,v9_addendum_comprehensive,-86.08942413330078,57.39767074584961
,,,,,,PPE,,,,3LCSA,,DFGin,ABAminus,,6.531068282027042,,ALK,TYR_ALK_HUMAN,,Type1,30,,,False,True,,2.669217586517334,v9_addendum_latent,-21.474061965942383,38.9263801574707
,,,,,,ALE,,,,4XMOA,,DFGin,BLBplus,,4.580776380277687,,MET,TYR_MET_HUMAN,,Type1,32,,,False,True,,2.670173168182373,v9_addendum_latent,-30.384296417236328,-81.17058563232422
,,,,,,PPE,,,,7VKNA,,DFGin,ABAminus,,4.313931146098912,,NTRK1,TYR_NTRK1_HUMAN,,Type1,30,,,False,True,,2.6712846755981445,v9_addendum_comprehensive,-35.976131439208984,-70.12052917480469
,,,,,,PPE,,,,5EHOA,,DFGin,ABAminus,,7.032420164772735,,TTK,OTHER_TTK_HUMAN,,Type1,30,,,False,True,,2.6812844276428223,v9_addendum_latent,-87.6316146850586,54.36944961547852
,,,,,,PPE,,,,3LCTA,,DFGin,ABAminus,,6.554366508680952,,ALK,TYR_ALK_HUMAN,,ATPlike,30,,,False,True,,2.6823506355285645,v9_addendum_latent,-18.5266170501709,30.89031410217285
,,,,,,ALE,,,,5EOBA,,DFGin,BLBplus,,4.42657712135165,,MET,TYR_MET_HUMAN,,Type1,32,,,False,True,,2.6826324462890625,v9_addendum_latent,-34.491146087646484,-57.8558349609375
,,,,,,ALE,,,,5EYDA,,DFGin,BLBplus,,4.581931348023149,,MET,TYR_MET_HUMAN,,Type1,32,,,False,True,,2.6829395294189453,v9_addendum_comprehensive,-30.19352912902832,-79.55147552490234
,,,,,,PPE,,,,2ZMDA,,DFGin,ABAminus,,7.077647704115085,,TTK,OTHER_TTK_HUMAN,,Type1,30,,,False,True,,2.6833271980285645,v9_addendum_latent,-45.996185302734375,33.15006637573242
,,,,,,ALE,,,,8ZKDA,,DFGin,BLBplus,,4.628027622890456,,MST1R,TYR_MST1R_HUMAN,,ATPlike,32,,,False,True,,2.6837899684906006,v9_addendum_comprehensive,-30.80880355834961,1.663788080215454
,,,,,,ALE,,,,5EYCA,,DFGin,BLBplus,,4.580345051056948,,MET,TYR_MET_HUMAN,,Type1,32,,,False,True,,2.689053535461426,v9_addendum_latent,-30.437374114990234,-80.43317413330078
,,,,,,APE,,,,9O0UA,,DFGin,BLBplus,,1.1876998817133817,,RAF1,TKL_RAF1_HUMAN,,Type1.5_Back,30,,,False,True,,2.690321922302246,v9_addendum_comprehensive,-27.15640640258789,32.92324447631836
,,,,,,ALE,,,,6V5ND,,DFGin,BLBtrans,,4.57968831645839,,EGFR,TYR_EGFR_HUMAN,,Type1,30,,,False,True,,2.697291851043701,v9_addendum_latent,-27.078096389770508,-10.544178009033203
,,,,,,ALE,,,,3CCNA,,DFGin,BLBplus,,4.5846845936769896,,MET,TYR_MET_HUMAN,,Type1,32,,,False,True,,2.7043044567108154,v9_addendum_comprehensive,-31.56583404541016,-76.80973052978516
,,,,,,PPE,,,,4MKCA,,DFGin,ABAminus,,6.597068856300604,,ALK,TYR_ALK_HUMAN,,Type1,30,,,False,True,,2.709646224975586,v9_addendum_comprehensive,-17.978858947753906,31.247360229492188
,,,,,,ALE,,,,3RHKB,,DFGout,BBAminus,,4.61216164191258,,MET,TYR_MET_HUMAN,,Type1,32,,,False,True,,2.7114198207855225,v9_addendum_latent,-28.674808502197266,-78.06480407714844
,,,,,,ALE,,,,3RHKA,,DFGout,None,,4.596609265747884,,MET,TYR_MET_HUMAN,,Type1,32,,,False,True,,2.7127811908721924,v9_addendum_comprehensive,-32.31427383422852,-77.7801284790039
,,,,,,PPE,,,,8SSOA,,DFGinter,None,,4.990562196194482,,AURKA,CAMK_AURKA_HUMAN,,Type1,26,,,False,True,,2.713139772415161,v9_addendum_comprehensive,-86.0954360961914,-61.66817092895508
,,,,,,ALE,,,,8PO4A,,DFGin,BLBplus,,4.57776514468971,,EGFR,TYR_EGFR_HUMAN,,Type1.5_Back,30,,,False,True,,2.7201876640319824,v9_addendum_latent,-6.37221622467041,22.7421875
,,,,,,ALE,,,,4HJOA,,DFGin,BLBtrans,,4.593840306951962,,EGFR,TYR_EGFR_HUMAN,,Type1,30,,,False,True,,2.7206828594207764,v9_addendum_latent,-14.395174980163574,14.749302864074709
,,,,,,PPE,,,,3W10A,,DFGinter,None,,4.983842630965548,,AURKA,CAMK_AURKA_HUMAN,,Type1,26,,,False,True,,2.7294554710388184,v9_addendum_comprehensive,-41.03208541870117,-55.36122512817383
,,,,,,ALE,,,,6SDDA,,DFGout,BBAminus,,4.512811013596916,,MET,TYR_MET_HUMAN,,Type2,32,,,False,True,,2.7299227714538574,v9_addendum_comprehensive,-30.64053726196289,-67.27763366699219
,,,,,,APE,,,,9I9KK,,DFGin,BLAminus,,4.646788322902584,,CDK2,CMGC_CDK2_HUMAN,,ATPlike,28,,,False,True,,2.740581512451172,v9_addendum_comprehensive,-21.175518035888672,102.98318481445312
,,,,,,APE,,,,9UUXB,,DFGin,BLAminus,,4.545947567263845,,MAPK3,CMGC_MAPK3_HUMAN,,ATPlike,31,,,False,True,,2.7412259578704834,v9_addendum_comprehensive,52.64680480957031,30.60302734375
,,,,,,PPE,,,,7BTTA,,DFGin,ABAminus,,6.552685478713056,,ALK,TYR_ALK_HUMAN,,Type1,30,,,False,True,,2.743250608444214,v9_addendum_comprehensive,-17.401979446411133,28.30597305297852
,,,,,,ALE,,,,6SDEA,,DFGin,BLBplus,,4.561259117500827,,MET,TYR_MET_HUMAN,,Type1,32,,,False,True,,2.7451188564300537,v9_addendum_comprehensive,-30.62887382507324,-78.53277587890625
,,,,,,PPE,,,,5EI8A,,DFGin,ABAminus,,7.213008804544717,,TTK,OTHER_TTK_HUMAN,,Type1,30,,,False,True,,2.7544374465942383,v9_addendum_comprehensive,-83.26384735107422,55.294960021972656
,,,,,,PPE,,,,5FBNC,,DFGin,BLBplus,,4.202223904889135,,BTK,TYR_BTK_HUMAN,,"Type1.5_Front,Allosteric",29,,,False,True,,2.764203786849976,v9_addendum_latent,-31.210094451904297,25.053821563720703
,,,,,,PPE,,,,4C3PA,,DFGin,None,,5.243249728588035,,AURKA,CAMK_AURKA_HUMAN,,ATPlike,26,,,False,True,,2.772061586380005,v9_addendum_latent,92.2764129638672,-138.10369873046875
,,,,,,PPE,,,,4O0UA,,DFGin,None,,4.854324559209841,,AURKA,CAMK_AURKA_HUMAN,,Type1,26,,,False,True,,2.7786569595336914,v9_addendum_litsearch,-21.310043334960938,29.219697952270508
,,,,,,AIE,,,,6MWEB,,DFGout,BBAminus,,4.463690120067971,,TEK,TYR_TEK_HUMAN,,Type2,27,,,False,True,,2.804492235183716,v9_addendum_litsearch,-28.01477432250977,-32.79054641723633
,,,,,,PPE,,,,9BZLB,,DFGinter,None,,4.881914215906293,,AURKA,CAMK_AURKA_HUMAN,,Type1,26,,,False,True,,2.8055920600891118,v9_addendum_comprehensive,-71.29254913330078,-71.64200592041016
,,,,,,APE,,,,9M41B,,DFGout,None,,4.859582286940624,,PAK2,STE_PAK2_HUMAN,,No_ligand,28,,,False,True,,2.8072509765625,v9_addendum_comprehensive,26.93364143371582,66.37367248535156
,,,,,,PPE,,,,2WTVC,,DFGinter,None,,4.793111221648432,,AURKA,CAMK_AURKA_HUMAN,,Type1,26,,,False,True,,2.810882568359375,v9_addendum_latent,-56.65983963012695,-81.67306518554688
,,,,,,PPE,,,,5KVTA,,DFGin,ABAminus,,4.270643667486719,,NTRK1,TYR_NTRK1_HUMAN,,Type1,30,,,False,True,,2.811856746673584,v9_addendum_latent,-27.92767333984375,-50.09000015258789
,,,,,,PPE,,,,5NG3D,,DFGin,BLBplus,,2.755202260078486,,RIPK2,TKL_RIPK2_HUMAN,,No_ligand,33,,,False,True,,2.81695556640625,v9_addendum_comprehensive,-33.16181945800781,34.861778259277344
,,,,,,APE,,,,9TYIB,,DFGin,BLAminus,,4.545824009790827,,MAPK1,CMGC_MAPK1_HUMAN,,No_ligand,31,,,False,True,,2.8234643936157227,v9_addendum_litsearch,61.77537536621094,37.481292724609375
,,,,,,PPE,,,,2WTVB,,DFGinter,None,,4.794573345801137,,AURKA,CAMK_AURKA_HUMAN,,Type1,26,,,False,True,,2.829845905303955,v9_addendum_litsearch,-51.2718391418457,-77.91040802001953
,,,,,,PPE,,,,5NG3A,,DFGin,BLBplus,,2.864631017538708,,RIPK2,TKL_RIPK2_HUMAN,,No_ligand,33,,,False,True,,2.832035541534424,v9_addendum_comprehensive,-35.89227294921875,34.85514450073242
,,,,,,PPE,,,,4FNXA,,DFGin,ABAminus,,6.510816584236648,,ALK,TYR_ALK_HUMAN,,No_ligand,30,,,False,True,,2.855259418487549,v9_addendum_comprehensive,-14.080686569213867,9.168187141418455
,,,,,,ALE,,,,3F66A,,DFGin,BLBplus,,4.646699958869911,,MET,TYR_MET_HUMAN,,Type1,32,,,False,True,,2.8687002658843994,v9_addendum_latent,-49.19266128540039,-71.67987060546875
,,,,,,ALE,,,,3F66B,,DFGin,BLBplus,,4.500703559252758,,MET,TYR_MET_HUMAN,,Type1,32,,,False,True,,2.872594356536865,v9_addendum_comprehensive,-47.85703659057617,-74.87163543701172
,,,,,,ALE,,,,8AW1A,,DFGin,BLBplus,,4.452724981778799,,MET,TYR_MET_HUMAN,,Type1,32,,,False,True,,2.880650758743286,v9_addendum_latent,-56.67659378051758,-68.4702377319336
,,,,,,ALE,,,,8OUUA,,DFGout,BBAminus,,4.523604109793706,,MET,TYR_MET_HUMAN,,Type3,32,,,False,True,,2.8861958980560303,v9_addendum_latent,-8.873025894165039,20.320167541503903
,,,,,,SPE,,,,9TYGA,,DFGin,BLBplus,,5.071805198103261,,MAP2K1,STE_MAP2K1_HUMAN,,ATPlike,26,,,False,True,,2.8950910568237305,v9_addendum_comprehensive,-29.37210273742676,21.480205535888672
,,,,,,PPE,,,,2WTVD,,DFGinter,None,,4.883711192525968,,AURKA,CAMK_AURKA_HUMAN,,Type1,26,,,False,True,,2.906132936477661,v9_addendum_latent,-82.02660369873047,-35.059017181396484
,,,,,,PPE,,,,2WTVA,,DFGinter,None,,4.884442788848272,,AURKA,CAMK_AURKA_HUMAN,,Type1,26,,,False,True,,2.908395767211914,v9_addendum_litsearch,-85.15392303466797,-36.66301345825195
,,,,,,PPE,,,,2ZMCA,,DFGin,ABAminus,,7.286601015985789,,TTK,OTHER_TTK_HUMAN,,No_ligand,30,,,False,True,,2.9132981300354004,v9_addendum_comprehensive,-42.50181579589844,31.10660743713379
,,,,,,PPE,,,,5FTOA,,DFGin,ABAminus,,6.646417453944308,,ALK,TYR_ALK_HUMAN,,Type1,30,,,False,True,,2.918788433074951,v9_addendum_latent,-7.124606132507324,19.72038078308105
,,,,,,ALE,,,,4RIYC,,DFGin,BLBplus,,4.508169897286735,,ERBB3,TYR_ERBB3_HUMAN,,ATPlike,30,,,False,True,,2.938882827758789,v9_addendum_latent,-45.31710433959961,5.6316819190979
,,,,,,ALE,,,,6JX0A,,DFGin,BLAminus,,4.624507664025479,,EGFR,TYR_EGFR_HUMAN,,"Type1,Allosteric",30,,,False,True,,2.961027145385742,v9_addendum_latent,-5.19173526763916,64.9969482421875
,,,,,,ALE,,,,1R0PA,,DFGin,BLBplus,,4.067528013719937,,MET,TYR_MET_HUMAN,,Type1,32,,,False,True,,2.9620959758758545,v9_addendum_latent,-8.783964157104492,-51.74414443969727
,,,,,,APE,,,,9NS1A,,DFGin,BLAminus,,4.68999794617836,,SRC,TYR_SRC_HUMAN,,No_ligand,29,,,False,True,,2.9638547897338867,v9_addendum_comprehensive,-8.164506912231445,14.622272491455078
,,,,,,PPE,,,,7N4QA,,DFGin,BLBplus,,4.1844266066046965,,BTK,TYR_BTK_HUMAN,,Type1,29,,,False,True,,2.9681315422058105,v9_addendum_latent,-21.03143882751465,5.898481845855713
,,,,,,ALE,,,,8AW1B,,DFGin,BLBplus,,4.4836038241968375,,MET,TYR_MET_HUMAN,,Type1,32,,,False,True,,2.9810171127319336,v9_addendum_latent,-37.45156097412109,-74.18872833251953
,,,,,,ALE,,,,3I5NA,,DFGin,BLBplus,,4.58107509339826,,MET,TYR_MET_HUMAN,,Type1,32,,,False,True,,2.9861977100372314,v9_addendum_latent,-54.9116325378418,-88.15770721435547
,,,,,,ALE,,,,8OUVB,,DFGout,BBAminus,,4.536383073666461,,MET,TYR_MET_HUMAN,,Type3,32,,,True,True,,3.004147529602051,v9_addendum_latent,-21.2352237701416,16.21376609802246
,,,,,,PPE,,,,4C4JA,,DFGin,ABAminus,,7.331871877728191,,TTK,OTHER_TTK_HUMAN,,Type1,30,,,True,True,,3.0162928104400635,v9_addendum_latent,-84.89478302001953,55.52458572387695
,,,,,,ALE,,,,8OVZB,,DFGout,BBAminus,,4.551984666572539,,MET,TYR_MET_HUMAN,,Type3,32,,,True,True,,3.022666454315185,v9_addendum_comprehensive,-20.357330322265625,15.546958923339844
,,,,,,ALE,,,,8OUVA,,DFGout,BBAminus,,4.52227954550633,,MET,TYR_MET_HUMAN,,Type3,32,,,True,True,,3.029514074325561,v9_addendum_latent,-14.73655128479004,16.428050994873047
,,,,,,PPE,,,,5EW9A,,DFGinter,None,,4.955508020632313,,AURKA,CAMK_AURKA_HUMAN,,Type1,26,,,True,True,,3.0310158729553223,v9_addendum_comprehensive,-4.756170749664307,-32.966983795166016
,,,,,,APE,,,,8ZTCA,,DFGin,BLAminus,,4.624278575166967,,MPS1,CMGC_MPS1_PYROR,,ATPlike,32,,,True,True,,3.032444953918457,v9_addendum_comprehensive,75.22278594970703,55.49001693725586
,,,,,,ALE,,,,8OUUB,,DFGout,BBAminus,,4.540434837301849,,MET,TYR_MET_HUMAN,,Type3,32,,,True,True,,3.0406923294067383,v9_addendum_comprehensive,-21.942195892333984,13.897767066955566
,,,,,,AIE,,,,6MWEA,,DFGout,BBAminus,,4.4835547686761865,,TEK,TYR_TEK_HUMAN,,Type2,27,,,True,True,,3.0515289306640625,v9_addendum_litsearch,-30.60308074951172,-23.541109085083008
,,,,,,ALE,,,,4GG5A,,DFGin,BLBplus,,4.53796506676647,,MET,TYR_MET_HUMAN,,Type1,32,,,True,True,,3.061509132385254,v9_addendum_comprehensive,-21.98863983154297,-47.44016647338867
,,,,,,ALE,,,,6P8QC,,DFGin,BLBplus,,4.551842327189508,,EGFR,TYR_EGFR_HUMAN,,"ATPlike,Type3",30,,,True,True,,3.0935418605804443,v9_addendum_latent,-22.22689437866211,21.72469520568848
,,,,,,ALE,,,,8OVZA,,DFGout,BBAminus,,4.534202587406023,,MET,TYR_MET_HUMAN,,Type3,32,,,True,True,,3.104987621307373,v9_addendum_latent,-18.93923759460449,15.559969902038574
,,,,,,PPE,,,,4O2ZA,,DFGout,None,,4.816630507672984,,MPK3,CMGC_MPK3_LEIDO,,Type2,28,,,True,True,,3.11275577545166,v9_addendum_comprehensive,-39.50303268432617,-41.47515106201172
,,,,,,PPE,,,,3H10A,,DFGinter,None,,4.881496866140092,,AURKA,CAMK_AURKA_HUMAN,,Type1,26,,,True,True,,3.1290721893310547,v9_addendum_comprehensive,-66.86226654052734,-68.63032531738281
,,,,,,PPE,,,,3H10B,,DFGinter,None,,5.021588433778721,,AURKA,CAMK_AURKA_HUMAN,,Type1,26,,,True,True,,3.1345386505126958,v9_addendum_latent,-63.98597717285156,-64.13838195800781
,,,,,,PPE,,,,9BZGA,,DFGinter,None,,4.861572358223723,,AURKA,CAMK_AURKA_HUMAN,,Type1,26,,,True,True,,3.1564714908599854,v9_addendum_latent,-60.95904922485352,-57.98638534545898
,,,,,,APE,,,,7ORFA,,DFGin,ABAminus,,5.349633541321389,,MAPK10,CMGC_MAPK10_HUMAN,,Type1,27,,,True,True,,3.195202350616455,v9_addendum_comprehensive,-8.842591285705566,8.164434432983398
,,,,,,ALE,,,,7Y4UA,,DFGin,BLBplus,,4.546306943633758,,MET,TYR_MET_HUMAN,,Type1,32,,,True,True,,3.19812536239624,v9_addendum_latent,-17.467477798461914,-39.19920349121094
,,,,,,PPE,,,,3P08B,,DFGin,BLBplus,,4.233494371365502,,BTK,TYR_BTK_HUMAN,,No_ligand,29,,,True,True,,3.1996350288391118,v9_addendum_latent,-78.82332611083984,40.94296646118164
,,,,,,ALE,,,,5X2KA,,DFGin,BLAminus,,4.544660883011022,,EGFR,TYR_EGFR_HUMAN,,Type1,30,,,True,True,,3.228467464447021,v9_addendum_latent,-14.613347053527832,47.64235305786133
,,,,,,ALE,,,,7Y4TA,,DFGin,BLBplus,,4.551453227219605,,MET,TYR_MET_HUMAN,,Type1,32,,,True,True,,3.240450859069824,v9_addendum_latent,-19.417604446411133,-39.32752990722656
,,,,,,AIE,,,,5FM2A,,DFGin,BLAminus,,4.25283360712639,,RET,TYR_RET_HUMAN,,Type1,30,,,True,True,,3.245399475097656,v9_addendum_litsearch,-13.696295738220217,66.71583557128906
,,,,,,ALE,,,,8K78A,,DFGin,BLBplus,,4.51755343786597,,MET,TYR_MET_HUMAN,,Type1,32,,,True,True,,3.305229425430298,v9_addendum_latent,-21.157039642333984,-37.75132369995117
,,,,,,PPE,,,,3UNZB,,DFGinter,None,,4.908329214867849,,AURKA,CAMK_AURKA_HUMAN,,Type1,26,,,True,True,,3.324632406234741,v9_addendum_comprehensive,-61.32844924926758,-25.89894676208496
,,,,,,PPE,,,,3UOKB,,DFGinter,None,,4.894551180798561,,AURKA,CAMK_AURKA_HUMAN,,Type1,26,,,True,True,,3.3279504776000977,v9_addendum_litsearch,-60.93556594848633,-19.835628509521484
,,,,,,PPE,,,,3UOLB,,DFGinter,None,,4.856300611497518,,AURKA,CAMK_AURKA_HUMAN,,Type1,26,,,True,True,,3.340282440185547,v9_addendum_latent,-61.94859313964844,-22.4660758972168
,,,,,,PPE,,,,3UOHA,,DFGinter,None,,4.925154342423548,,AURKA,CAMK_AURKA_HUMAN,,Type1,26,,,True,True,,3.342477798461914,v9_addendum_comprehensive,-58.6822509765625,-21.936840057373047
,,,,,,PPE,,,,3UNZA,,DFGinter,None,,4.909219302545265,,AURKA,CAMK_AURKA_HUMAN,,Type1,26,,,True,True,,3.365546703338623,v9_addendum_latent,-60.10781097412109,-26.97977066040039
,,,,,,PPE,,,,3UOKA,,DFGinter,None,,4.894182283064684,,AURKA,CAMK_AURKA_HUMAN,,Type1,26,,,True,True,,3.3837404251098637,v9_addendum_litsearch,-63.02101135253906,-17.014060974121094
,,,,,,PPE,,,,3UOLA,,DFGinter,None,,4.856597178453844,,AURKA,CAMK_AURKA_HUMAN,,Type1,26,,,True,True,,3.441690444946289,v9_addendum_latent,-65.59661865234375,-14.871733665466309
,,,,,,PPE,,,,8GUWA,,DFGin,ABAminus,,5.3087206839156265,,AURKA,CAMK_AURKA_HUMAN,,ATPlike,26,,,True,True,,3.448884963989258,v9_addendum_litsearch,43.73549270629883,-178.11512756347656
,,,,,,ALE,,,,4GG7A,,DFGin,BLBplus,,4.57503251204677,,MET,TYR_MET_HUMAN,,Type1,32,,,True,True,,3.456801414489746,v9_addendum_comprehensive,-18.52206802368164,-32.1673469543457
,,,,,,PPE,,,,5AP6A,,DFGin,ABAminus,,7.081023972139236,,TTK,OTHER_TTK_HUMAN,,Type1,30,,,True,True,,3.4715638160705566,v9_addendum_comprehensive,-77.88673400878906,49.73011779785156
,,,,,,APE,,,,9M1ZD,,DFGout,None,,3.4750825242878545,,MAP2K6,STE_MAP2K6_HUMAN,,Type1,27,,,True,True,,3.480141878128052,v9_addendum_comprehensive,-13.310937881469728,13.016510009765623
,,,,,,APE,,,,9M1ZC,,DFGout,None,,3.5053025784110154,,MAP2K6,STE_MAP2K6_HUMAN,,Type1,27,,,True,True,,3.4875802993774414,v9_addendum_comprehensive,-17.358863830566406,10.640539169311523
,,,,,,PPE,,,,3UOHB,,DFGinter,None,,4.924996737659456,,AURKA,CAMK_AURKA_HUMAN,,Type1,26,,,True,True,,3.509535789489746,v9_addendum_comprehensive,-58.68791961669922,-12.43676471710205
,,,,,,PPE,,,,3UO6A,,DFGinter,None,,4.898267018661482,,AURKA,CAMK_AURKA_HUMAN,,Type1,26,,,True,True,,3.540932893753052,v9_addendum_comprehensive,-70.03539276123047,-13.493450164794922
,,,,,,ALE,,,,7B3WA,,DFGin,BLBplus,,4.562492031488593,,MET,TYR_MET_HUMAN,,Type1,32,,,True,True,,3.55328369140625,v9_addendum_comprehensive,-21.34418487548828,-31.932621002197266
,,,,,,PPE,,,,3UO6B,,DFGinter,None,,4.898462062371949,,AURKA,CAMK_AURKA_HUMAN,,Type1,26,,,True,True,,3.565836906433105,v9_addendum_comprehensive,-72.79197692871094,-7.336703777313232
,,,,,,APE,,,,8YP5A,,DFGin,BLBplus,,4.987643213091066,,MAP2K4,STE_MAP2K4_HUMAN,,Type1,27,,,True,True,,3.5946736335754395,v9_addendum_comprehensive,12.409274101257324,-51.59869003295898
,,,,,,SPE,,,,9EEDA,,DFGin,BLBminus,,7.524408800068165,,PKNB,OTHER_PKNB_XANCI,,Type1,28,,,True,True,,3.604772090911865,v9_addendum_comprehensive,-11.740544319152832,16.23569107055664
,,,,,,PPE,,,,3PIXA,,DFGin,BLBplus,,4.218728134690876,,BTK,TYR_BTK_HUMAN,,Type1,29,,,True,True,,3.633366346359253,v9_addendum_comprehensive,-8.041227340698242,-3.953459024429321
,,,,,,PPE,,,,5MRBA,,DFGin,ABAminus,,7.109026128979385,,TTK,OTHER_TTK_HUMAN,,Type1,30,,,True,True,,3.7135009765625,v9_addendum_latent,-61.93501663208008,27.51634407043457
,,,,,,PPE,,,,6GVJA,,DFGin,ABAminus,,7.231777564739958,,TTK,OTHER_TTK_HUMAN,,No_ligand,30,,,True,True,,3.727555274963379,v9_addendum_comprehensive,-52.177207946777344,39.96573257446289
,,,,,,PPE,,,,7LQDA,,DFGin,ABAminus,,7.063293252374377,,TTK,OTHER_TTK_HUMAN,,"Type1,Allosteric",30,,,True,True,,3.760498046875,v9_addendum_latent,-54.868072509765625,30.3286361694336
,,,,,,PPE,,,,7CHNA,,DFGin,ABAminus,,7.226337820887128,,TTK,OTHER_TTK_HUMAN,,Type1,30,,,True,True,,3.825352668762207,v9_addendum_comprehensive,-69.34140014648438,46.20351791381836
,,,,,,PPE,,,,6O8IA,,DFGin,BLBplus,,4.203159187692889,,BTK,TYR_BTK_HUMAN,,Type1,29,,,True,True,,3.89145565032959,v9_addendum_comprehensive,-6.337276935577393,-8.739585876464844
,,,,,,PPE,,,,8OF5A,,DFGin,BLAminus,,6.493598580912907,,AURKA,CAMK_AURKA_HUMAN,,"ATPlike,Allosteric",26,,,True,True,,3.910054206848145,v9_addendum_comprehensive,4.364299297332764,-123.32587432861328
,,,,,,PPE,,,,6VPHA,,DFGout,None,,5.359067990489441,,AURKA,CAMK_AURKA_HUMAN,,ATPlike,26,,,True,True,,3.930200099945069,v9_addendum_litsearch,-2.810513019561768,-37.73859024047852
,,,,,,PPE,,,,8BUBB,,DFGin,BLAminus,,4.718069766499784,,CDK12,CMGC_CDK12_HUMAN,,Type1,29,,,True,True,,4.021896839141846,v9_addendum_latent,-39.66990280151367,-9.64381980895996
,,,,,,PPE,,,,3PIYA,,DFGin,None,,4.194216971814879,,BTK,TYR_BTK_HUMAN,,Type1,29,,,True,True,,4.039532661437988,v9_addendum_latent,-10.748504638671877,-8.536767959594727
,,,,,,ALE,,,,7B44A,,DFGin,BLBplus,,4.5406900625262425,,MET,TYR_MET_HUMAN,,Type1,32,,,True,True,,4.075998306274414,v9_addendum_comprehensive,-48.82118225097656,36.81661224365234
,,,,,,ALE,,,,7B3QA,,DFGin,BLBplus,,4.557811113532296,,MET,TYR_MET_HUMAN,,Type1,32,,,True,True,,4.15168046951294,v9_addendum_comprehensive,-52.089202880859375,38.08659362792969
,,,,,,PPE,,,,6VPJA,,DFGout,None,,5.743672458788805,,AURKA,CAMK_AURKA_HUMAN,,ATPlike,26,,,True,True,,4.206542491912842,v9_addendum_litsearch,-4.038476467132568,-40.18729019165039
,,,,,,ALE,,,,7B41A,,DFGin,BLBplus,,4.542953966959477,,MET,TYR_MET_HUMAN,,Type1,32,,,True,True,,4.229636192321777,v9_addendum_latent,-49.248268127441406,40.65235137939453
,,,,,,PPE,,,,8BUBE,,DFGin,BLAminus,,4.707211551327179,,CDK12,CMGC_CDK12_HUMAN,,Type1,29,,,True,True,,4.333575248718262,v9_addendum_comprehensive,-38.01365661621094,8.16521167755127
,,,,,,ALE,,,,7B42A,,DFGin,BLBplus,,4.540022302902497,,MET,TYR_MET_HUMAN,,Type1,32,,,True,True,,4.447333335876465,v9_addendum_comprehensive,-45.69007873535156,29.610355377197266
,,,,,,PPE,,,,6VPIA,,DFGin,BLAminus,,5.262867860046847,,AURKA,CAMK_AURKA_HUMAN,,ATPlike,26,,,True,True,,5.293057441711426,v9_addendum_comprehensive,18.81599807739257,-38.98759460449219
