chain_key,pdb,chain,dfg_resi,ape_motif_start_resi,ape_resi,flank_rmsd,n_loop_present,expected_loop,gene,group,dfg_spatial,dihedral,ligand_type,anchor_DFG-D_atoms,anchor_DFG-F_atoms,anchor_DFG-G_atoms,anchor_APE-A_atoms,anchor_APE-P_atoms,anchor_APE-E_atoms
1A9UA,1A9U,A,168,190,192,4.657390663552817,25,25,MAPK14,CMGC_MAPK14_HUMAN,DFGin,BLBminus,Type1,5,5,5,5,5,5
1AGWA,1AGW,A,641,668,670,4.383152245105144,30,30,FGFR1,TYR_FGFR1_HUMAN,DFGin,BLAplus,Type1,5,5,5,5,5,5
1AGWB,1AGW,B,641,668,670,4.397823545505988,21,30,FGFR1,TYR_FGFR1_HUMAN,DFGin,BLAplus,Type1,5,5,5,5,5,5
1APME,1APM,E,184,206,208,4.819007937307409,24,25,PRKACA,AGC_PRKACA_MOUSE,DFGin,BLAminus,No_ligand,5,5,5,5,5,5
1ATPE,1ATP,E,184,206,208,4.80675112404007,24,25,PRKACA,AGC_PRKACA_MOUSE,DFGin,BLAminus,ATPlike,5,5,5,5,5,5
1B38A,1B38,A,145,170,172,4.7262919479928485,28,28,CDK2,CMGC_CDK2_HUMAN,DFGin,BLBtrans,ATPlike,5,5,5,5,5,5
1B39A,1B39,A,145,170,172,4.719107740959082,28,28,CDK2,CMGC_CDK2_HUMAN,DFGin,BLBtrans,ATPlike,5,5,5,5,5,5
1B6CB,1B6C,B,351,380,382,8.227231310002207,32,32,TGFBR1,TKL_TGFBR1_HUMAN,DFGin,BLAminus,No_ligand,5,5,5,5,5,5
1B6CD,1B6C,D,351,380,382,8.22747027398461,32,32,TGFBR1,TKL_TGFBR1_HUMAN,DFGin,BLAminus,No_ligand,5,5,5,5,5,5
1B6CF,1B6C,F,351,380,382,8.227498107054103,32,32,TGFBR1,TKL_TGFBR1_HUMAN,DFGin,BLAminus,No_ligand,5,5,5,5,5,5
1B6CH,1B6C,H,351,380,382,8.22737133227219,32,32,TGFBR1,TKL_TGFBR1_HUMAN,DFGin,BLAminus,No_ligand,5,5,5,5,5,5
1BI7A,1BI7,A,163,187,189,5.250464566072336,27,27,CDK6,CMGC_CDK6_HUMAN,None,None,No_ligand,5,5,5,5,5,5
1BI8A,1BI8,A,163,187,189,5.211061195320246,27,27,CDK6,CMGC_CDK6_HUMAN,None,None,No_ligand,5,5,5,5,5,5
1BI8C,1BI8,C,163,187,189,5.2111213247775385,27,27,CDK6,CMGC_CDK6_HUMAN,None,None,No_ligand,5,5,5,5,5,5
1BKXA,1BKX,A,184,206,208,4.85446716307829,24,25,PRKACA,AGC_PRKACA_MOUSE,DFGin,BLAminus,ATPlike,5,5,5,5,5,5
1BL6A,1BL6,A,168,190,192,4.6646034344611484,25,25,MAPK14,CMGC_MAPK14_HUMAN,DFGin,BLBminus,Type1,5,5,5,5,5,5
1BL7A,1BL7,A,168,190,192,4.671079072965615,25,25,MAPK14,CMGC_MAPK14_HUMAN,DFGin,BLBminus,Type1,5,5,5,5,5,5
1BLXA,1BLX,A,163,187,189,5.2476133646943275,27,27,CDK6,CMGC_CDK6_HUMAN,DFGin,BLBplus,No_ligand,5,5,5,5,5,5
1BMKA,1BMK,A,168,190,192,4.667873670280293,25,25,MAPK14,CMGC_MAPK14_HUMAN,DFGin,BLBminus,Type1,5,5,5,5,5,5
1BUHA,1BUH,A,145,170,172,4.71216881453855,28,28,CDK2,CMGC_CDK2_HUMAN,None,None,No_ligand,5,5,5,5,5,5
1BX6A,1BX6,A,184,206,208,4.875052571188715,24,25,PRKACA,AGC_PRKACA_MOUSE,DFGin,BLAminus,Type1,5,5,5,5,5,5
1CDKA,1CDK,A,184,206,208,4.801037521651389,24,25,PRKACA,AGC_PRKACA_PIG,DFGin,BLAminus,ATPlike,5,5,5,5,5,5
1CDKB,1CDK,B,184,206,208,4.8048914278826285,24,25,PRKACA,AGC_PRKACA_PIG,DFGin,BLAminus,ATPlike,5,5,5,5,5,5
1CM8A,1CM8,A,171,193,195,4.786729095903202,23,25,MAPK12,CMGC_MAPK12_HUMAN,DFGin,BLAminus,ATPlike,5,5,5,5,5,5
1CM8B,1CM8,B,1171,1193,1195,4.786351567365898,23,25,MAPK12,CMGC_MAPK12_HUMAN,DFGin,BLAminus,ATPlike,5,5,5,5,5,5
1CMKE,1CMK,E,184,206,208,4.863880869138938,24,25,PRKACA,AGC_PRKACA_PIG,DFGin,BLAminus,No_ligand,5,5,5,5,5,5
1CTPE,1CTP,E,184,206,208,4.848022030181457,24,25,PRKACA,AGC_PRKACA_PIG,DFGin,BLAminus,No_ligand,5,5,5,5,5,5
1DI9A,1DI9,A,168,190,192,4.618926665164625,25,25,MAPK14,CMGC_MAPK14_HUMAN,DFGin,BLBminus,Type1,5,5,5,5,5,5
1E1VA,1E1V,A,145,170,172,4.730795469327045,28,28,CDK2,CMGC_CDK2_HUMAN,DFGin,BLBtrans,Type1,5,5,5,5,5,5
1E1XA,1E1X,A,145,170,172,4.736717747830953,28,28,CDK2,CMGC_CDK2_HUMAN,DFGin,BLBtrans,Type1,5,5,5,5,5,5
1E9HA,1E9H,A,145,170,172,4.719366854164366,27,28,CDK2,CMGC_CDK2_HUMAN,DFGin,BLAminus,Type1,5,5,5,5,5,5
1E9HC,1E9H,C,145,170,172,4.729785357090474,27,28,CDK2,CMGC_CDK2_HUMAN,DFGin,BLAminus,Type1,5,5,5,5,5,5
1F3MC,1F3M,C,407,432,434,4.87267982408575,21,28,PAK1,STE_PAK1_HUMAN,DFGin,BLAplus,No_ligand,5,5,5,5,5,5
1F5QA,1F5Q,A,145,170,172,4.6140949661531705,28,28,CDK2,CMGC_CDK2_HUMAN,DFGin,BLAminus,No_ligand,5,5,5,5,5,5
1F5QC,1F5Q,C,145,170,172,4.720482000690626,28,28,CDK2,CMGC_CDK2_HUMAN,DFGin,BLAminus,No_ligand,5,5,5,5,5,5
1FGIA,1FGI,A,641,668,670,4.38731809117177,30,30,FGFR1,TYR_FGFR1_HUMAN,DFGin,BLAplus,Type1,5,5,5,5,5,5
1FGIB,1FGI,B,641,668,670,4.389868409705763,21,30,FGFR1,TYR_FGFR1_HUMAN,DFGin,BLAplus,Type1,5,5,5,5,5,5
1FGKA,1FGK,A,641,668,670,4.37791834030292,30,30,FGFR1,TYR_FGFR1_HUMAN,DFGin,BLAplus,No_ligand,5,5,5,5,5,5
1FGKB,1FGK,B,641,668,670,4.393134204265492,21,30,FGFR1,TYR_FGFR1_HUMAN,DFGin,BLAplus,No_ligand,5,5,5,5,5,5
1FINA,1FIN,A,145,170,172,4.688311449423749,28,28,CDK2,CMGC_CDK2_HUMAN,DFGin,BLAminus,ATPlike,5,5,5,5,5,5
1FINC,1FIN,C,145,170,172,4.690092073503628,28,28,CDK2,CMGC_CDK2_HUMAN,DFGin,BLAminus,ATPlike,5,5,5,5,5,5
1FMOE,1FMO,E,184,206,208,4.836417253279127,24,25,PRKACA,AGC_PRKACA_MOUSE,DFGin,BLAminus,Type1,5,5,5,5,5,5
1FOTA,1FOT,A,228,250,252,4.8123080983985504,24,25,TPK1,AGC_TPK1_YEAST,DFGin,BLAminus,No_ligand,5,5,5,5,5,5
1FPUA,1FPU,A,381,407,409,4.381794458585176,29,29,ABL1,TYR_ABL1_MOUSE,DFGout,BBAminus,Type2,5,5,5,5,5,5
1FPUB,1FPU,B,381,407,409,4.377577207244885,24,29,ABL1,TYR_ABL1_MOUSE,DFGout,BBAminus,Type2,5,5,5,5,5,5
1FQ1B,1FQ1,B,145,170,172,4.772046926015955,27,28,CDK2,CMGC_CDK2_HUMAN,DFGin,BLAminus,ATPlike,5,5,5,5,5,5
1FVVA,1FVV,A,145,170,172,4.706073225939787,28,28,CDK2,CMGC_CDK2_HUMAN,DFGin,BLAminus,Type1,5,5,5,5,5,5
1FVVC,1FVV,C,145,170,172,4.726315571104512,28,28,CDK2,CMGC_CDK2_HUMAN,DFGin,BLAminus,Type1,5,5,5,5,5,5
1G3NA,1G3N,A,163,187,189,5.188966130705823,27,27,CDK6,CMGC_CDK6_HUMAN,DFGout,BBAminus,No_ligand,5,5,5,5,5,5
1G3NE,1G3N,E,163,187,189,5.211551053301026,27,27,CDK6,CMGC_CDK6_HUMAN,DFGout,BBAminus,No_ligand,5,5,5,5,5,5
1GAGA,1GAG,A,1150,1177,1179,4.534998862051376,27,30,INSR,TYR_INSR_HUMAN,DFGin,BLAminus,No_ligand,5,5,5,5,5,5
1GJOA,1GJO,A,644,671,673,4.097704086536018,30,30,FGFR2,TYR_FGFR2_HUMAN,DFGin,BLAminus,No_ligand,5,5,5,5,5,5
1GNGA,1GNG,A,200,224,226,5.538653534749251,26,27,GSK3B,CMGC_GSK3B_HUMAN,DFGin,BLAminus,No_ligand,5,5,5,5,5,5
1GNGB,1GNG,B,200,224,226,5.4888914102102495,26,27,GSK3B,CMGC_GSK3B_HUMAN,DFGin,BLAminus,No_ligand,5,5,5,5,5,5
1GOLA,1GOL,A,165,193,195,4.76307778459138,31,31,MAPK1,CMGC_MAPK1_RAT,DFGin,BLAminus,ATPlike,5,5,5,5,5,5
1GY3A,1GY3,A,145,170,172,4.685137495124272,27,28,CDK2,CMGC_CDK2_HUMAN,DFGin,BLAminus,ATPlike,5,5,5,5,5,5
1GY3C,1GY3,C,145,170,172,4.667747988892526,27,28,CDK2,CMGC_CDK2_HUMAN,DFGin,BLAminus,ATPlike,5,5,5,5,5,5
1GZ8A,1GZ8,A,145,170,172,4.735236993609114,28,28,CDK2,CMGC_CDK2_HUMAN,DFGin,BLBtrans,Type1,5,5,5,5,5,5
1H01A,1H01,A,145,170,172,4.7262409456886605,28,28,CDK2,CMGC_CDK2_HUMAN,DFGin,BLBtrans,"Type1,Type1",5,5,5,5,5,5
1H07A,1H07,A,145,170,172,4.737862069985638,24,28,CDK2,CMGC_CDK2_HUMAN,DFGin,BLBtrans,"Type1,Type1",5,5,5,5,5,5
1H08A,1H08,A,145,170,172,4.738125522865364,21,28,CDK2,CMGC_CDK2_HUMAN,DFGin,BLBtrans,"Type1,Type1",5,5,5,5,5,5
1H0VA,1H0V,A,145,170,172,4.711408195746458,25,28,CDK2,CMGC_CDK2_HUMAN,DFGin,BLBtrans,Type1,5,5,5,5,5,5
1H0WA,1H0W,A,145,170,172,4.717004497314226,20,28,CDK2,CMGC_CDK2_HUMAN,DFGin,BLBtrans,Type1,5,5,5,5,5,5
1H1PA,1H1P,A,145,170,172,4.677063124028932,27,28,CDK2,CMGC_CDK2_HUMAN,DFGin,BLAminus,Type1,5,5,5,5,5,5
1H1PC,1H1P,C,145,170,172,4.717552753858932,27,28,CDK2,CMGC_CDK2_HUMAN,DFGin,BLAminus,Type1,5,5,5,5,5,5
1H1QA,1H1Q,A,145,170,172,4.71108012215489,27,28,CDK2,CMGC_CDK2_HUMAN,DFGin,BLAminus,Type1,5,5,5,5,5,5
1H1QC,1H1Q,C,145,170,172,4.737151811950958,27,28,CDK2,CMGC_CDK2_HUMAN,DFGin,BLAminus,Type1,5,5,5,5,5,5
1H1RA,1H1R,A,145,170,172,4.722279606718177,27,28,CDK2,CMGC_CDK2_HUMAN,DFGin,BLAminus,Type1,5,5,5,5,5,5
1H1RC,1H1R,C,145,170,172,4.648081827973969,27,28,CDK2,CMGC_CDK2_HUMAN,DFGin,BLAminus,Type1,5,5,5,5,5,5
1H1SA,1H1S,A,145,170,172,4.711651620561788,27,28,CDK2,CMGC_CDK2_HUMAN,DFGin,BLAminus,Type1,5,5,5,5,5,5
1H1SC,1H1S,C,145,170,172,4.697181196512658,27,28,CDK2,CMGC_CDK2_HUMAN,DFGin,BLAminus,Type1,5,5,5,5,5,5
1H1WA,1H1W,A,223,250,252,4.884899801509654,25,30,PDPK1,AGC_PDPK1_HUMAN,DFGin,BLAminus,ATPlike,5,5,5,5,5,5
1H24A,1H24,A,145,170,172,4.743301848909427,27,28,CDK2,CMGC_CDK2_HUMAN,DFGin,BLAminus,No_ligand,5,5,5,5,5,5
1H24C,1H24,C,145,170,172,4.672509092938702,27,28,CDK2,CMGC_CDK2_HUMAN,DFGin,BLAminus,No_ligand,5,5,5,5,5,5
1H25A,1H25,A,145,170,172,4.749792883787619,27,28,CDK2,CMGC_CDK2_HUMAN,DFGin,BLAminus,No_ligand,5,5,5,5,5,5
1H25C,1H25,C,145,170,172,4.6935772819689054,27,28,CDK2,CMGC_CDK2_HUMAN,DFGin,BLAminus,No_ligand,5,5,5,5,5,5
1H26A,1H26,A,145,170,172,4.736298691171922,27,28,CDK2,CMGC_CDK2_HUMAN,DFGin,BLAminus,No_ligand,5,5,5,5,5,5
1H26C,1H26,C,145,170,172,4.658147347310975,27,28,CDK2,CMGC_CDK2_HUMAN,DFGin,BLAminus,No_ligand,5,5,5,5,5,5
1H27A,1H27,A,145,170,172,4.736894737545994,27,28,CDK2,CMGC_CDK2_HUMAN,DFGin,BLAminus,No_ligand,5,5,5,5,5,5
1H27C,1H27,C,145,170,172,4.686064766845706,27,28,CDK2,CMGC_CDK2_HUMAN,DFGin,BLAminus,No_ligand,5,5,5,5,5,5
1H28A,1H28,A,145,170,172,4.697857054409454,27,28,CDK2,CMGC_CDK2_HUMAN,DFGin,BLAminus,No_ligand,5,5,5,5,5,5
1H28C,1H28,C,145,170,172,4.6960137963614,27,28,CDK2,CMGC_CDK2_HUMAN,DFGin,BLAminus,No_ligand,5,5,5,5,5,5
1H8FA,1H8F,A,200,224,226,5.525301880594677,27,27,GSK3B,CMGC_GSK3B_HUMAN,DFGin,BLAminus,No_ligand,5,5,5,5,5,5
1H8FB,1H8F,B,200,224,226,5.524718994838724,27,27,GSK3B,CMGC_GSK3B_HUMAN,DFGin,BLAminus,No_ligand,5,5,5,5,5,5
1HCKA,1HCK,A,145,170,172,4.715115699208142,28,28,CDK2,CMGC_CDK2_HUMAN,DFGin,BLBtrans,ATPlike,5,5,5,5,5,5
1HCLA,1HCL,A,145,170,172,4.734028875728325,28,28,CDK2,CMGC_CDK2_HUMAN,DFGin,BLBtrans,No_ligand,5,5,5,5,5,5
1I09A,1I09,A,200,224,226,5.557020918787995,27,27,GSK3B,CMGC_GSK3B_HUMAN,DFGin,BLAminus,No_ligand,5,5,5,5,5,5
1I09B,1I09,B,200,224,226,5.547891342569527,27,27,GSK3B,CMGC_GSK3B_HUMAN,DFGin,BLAminus,No_ligand,5,5,5,5,5,5
1IA8A,1IA8,A,148,175,177,5.146264830275754,30,30,CHEK1,CAMK_CHEK1_HUMAN,DFGin,BLAminus,No_ligand,5,5,5,5,5,5
1IASA,1IAS,A,351,380,382,8.241718607615008,32,32,TGFBR1,TKL_TGFBR1_HUMAN,DFGin,BLAminus,No_ligand,5,5,5,5,5,5
1IASB,1IAS,B,351,380,382,7.898678022420908,29,32,TGFBR1,TKL_TGFBR1_HUMAN,DFGin,BLAminus,No_ligand,5,5,5,5,5,5
1IASC,1IAS,C,351,380,382,8.26936816411907,32,32,TGFBR1,TKL_TGFBR1_HUMAN,DFGin,BLAminus,No_ligand,5,5,5,5,5,5
1IASD,1IAS,D,351,380,382,8.239381412431952,32,32,TGFBR1,TKL_TGFBR1_HUMAN,DFGin,BLAminus,No_ligand,5,5,5,5,5,5
1IASE,1IAS,E,351,380,382,8.247889112953592,32,32,TGFBR1,TKL_TGFBR1_HUMAN,DFGin,BLAminus,No_ligand,5,5,5,5,5,5
1IEPA,1IEP,A,381,407,409,4.434582745505462,29,29,ABL1,TYR_ABL1_MOUSE,DFGout,BBAminus,Type2,5,5,5,5,5,5
1IEPB,1IEP,B,381,407,409,4.396689807102349,29,29,ABL1,TYR_ABL1_MOUSE,DFGout,BBAminus,Type2,5,5,5,5,5,5
1IG1A,1IG1,A,161,185,187,7.6050963935543265,27,27,DAPK1,CAMK_DAPK1_HUMAN,DFGin,BLAminus,ATPlike,5,5,5,5,5,5
1IR3A,1IR3,A,1150,1177,1179,4.58618485063077,27,30,INSR,TYR_INSR_HUMAN,DFGin,BLAminus,ATPlike,5,5,5,5,5,5
1IRKA,1IRK,A,1150,1177,1179,4.552618036208088,30,30,INSR,TYR_INSR_HUMAN,DFGout,BBAminus,No_ligand,5,5,5,5,5,5
1J1BA,1J1B,A,200,224,226,5.535870908619757,27,27,GSK3B,CMGC_GSK3B_HUMAN,DFGin,BLAminus,ATPlike,5,5,5,5,5,5
1J1BB,1J1B,B,700,724,726,5.532746194258942,27,27,GSK3B,CMGC_GSK3B_HUMAN,DFGin,BLAminus,ATPlike,5,5,5,5,5,5
1J1CA,1J1C,A,200,224,226,5.53147720109225,27,27,GSK3B,CMGC_GSK3B_HUMAN,DFGin,BLAminus,ATPlike,5,5,5,5,5,5
1J1CB,1J1C,B,700,724,726,5.529204600744023,27,27,GSK3B,CMGC_GSK3B_HUMAN,DFGin,BLAminus,ATPlike,5,5,5,5,5,5
1J3HA,1J3H,A,184,206,208,4.808237720957707,23,25,PRKACA,AGC_PRKACA_MOUSE,DFGin,BLAminus,No_ligand,5,5,5,5,5,5
1J3HB,1J3H,B,184,206,208,4.846072799421394,23,25,PRKACA,AGC_PRKACA_MOUSE,DFGin,BLAminus,No_ligand,5,5,5,5,5,5
1JBPE,1JBP,E,184,206,208,4.8050640877965405,24,25,PRKACA,AGC_PRKACA_MOUSE,DFGin,BLAminus,ATPlike,5,5,5,5,5,5
1JKKA,1JKK,A,161,185,187,7.655672840540351,27,27,DAPK1,CAMK_DAPK1_HUMAN,DFGin,BLAminus,ATPlike,5,5,5,5,5,5
1JKLA,1JKL,A,161,185,187,7.5957404511878925,27,27,DAPK1,CAMK_DAPK1_HUMAN,DFGin,BLAminus,ATPlike,5,5,5,5,5,5
1JKSA,1JKS,A,161,185,187,7.62413049057498,27,27,DAPK1,CAMK_DAPK1_HUMAN,DFGin,BLAminus,No_ligand,5,5,5,5,5,5
1JKTA,1JKT,A,161,185,187,7.561683272875257,27,27,DAPK1,CAMK_DAPK1_HUMAN,DFGin,BLAminus,No_ligand,5,5,5,5,5,5
1JKTB,1JKT,B,161,185,187,7.493359950682326,27,27,DAPK1,CAMK_DAPK1_HUMAN,DFGin,BLAminus,No_ligand,5,5,5,5,5,5
1JLUE,1JLU,E,184,206,208,4.826515465076232,24,25,PRKACA,AGC_PRKACA_MOUSE,DFGin,BLAminus,No_ligand,5,5,5,5,5,5
1JNKA,1JNK,A,207,231,233,5.442710943117229,22,27,MAPK10,CMGC_MAPK10_HUMAN,DFGin,ABAminus,ATPlike,5,5,5,5,5,5
1JOWB,1JOW,B,163,187,189,5.22965096904183,27,27,CDK6,CMGC_CDK6_HUMAN,DFGin,BLAminus,No_ligand,5,5,5,5,5,5
1JQHA,1JQH,A,1153,1180,1182,4.525262679988347,23,30,IGF1R,TYR_IGF1R_HUMAN,DFGin,None,ATPlike,5,5,5,5,5,5
1JQHB,1JQH,B,1153,1180,1182,4.523795080868047,23,30,IGF1R,TYR_IGF1R_HUMAN,DFGin,None,ATPlike,5,5,5,5,5,5
1JQHC,1JQH,C,1153,1180,1182,4.5276574814682755,23,30,IGF1R,TYR_IGF1R_HUMAN,DFGin,None,ATPlike,5,5,5,5,5,5
1JSTA,1JST,A,145,170,172,4.73420600412796,27,28,CDK2,CMGC_CDK2_HUMAN,DFGin,BLAminus,ATPlike,5,5,5,5,5,5
1JSTC,1JST,C,145,170,172,4.7224580180460904,27,28,CDK2,CMGC_CDK2_HUMAN,DFGin,BLAminus,ATPlike,5,5,5,5,5,5
1JSUA,1JSU,A,145,170,172,4.694306857562178,27,28,CDK2,CMGC_CDK2_HUMAN,DFGin,BLAminus,No_ligand,5,5,5,5,5,5
1JSVA,1JSV,A,145,170,172,4.736877810182842,28,28,CDK2,CMGC_CDK2_HUMAN,DFGin,BLBtrans,Type1,5,5,5,5,5,5
1K3AA,1K3A,A,1123,1150,1152,4.485745900627648,27,30,IGF1R,TYR_IGF1R_HUMAN,DFGin,ABAminus,ATPlike,5,5,5,5,5,5
1K9AB,1K9A,B,332,354,356,4.198002077964117,19,25,CSK,TYR_CSK_RAT,DFGin,ABAminus,No_ligand,5,5,5,5,5,5
1K9AA,1K9A,A,332,354,356,4.227543929675373,19,25,CSK,TYR_CSK_RAT,DFGin,BLAminus,No_ligand,5,5,5,5,5,5
1K9AC,1K9A,C,332,354,356,4.265612198111119,18,25,CSK,TYR_CSK_RAT,DFGin,BLAminus,No_ligand,5,5,5,5,5,5
1K9AD,1K9A,D,332,354,356,4.239294994042864,20,25,CSK,TYR_CSK_RAT,DFGin,BLAminus,No_ligand,5,5,5,5,5,5
1K9AE,1K9A,E,332,354,356,4.240379595434703,20,25,CSK,TYR_CSK_RAT,DFGin,BLAminus,No_ligand,5,5,5,5,5,5
1KOAA,1KOA,A,6083,6107,6109,6.177791120970386,27,27,TWITCHIN,CAMK_TWITCHIN_CAEEL,DFGin,ABAminus,No_ligand,5,5,5,5,5,5
1KOBA,1KOB,A,194,218,220,6.193833469207698,27,27,TWITCHIN,CAMK_TWITCHIN_APLCA,DFGin,ABAminus,No_ligand,5,5,5,5,5,5
1KOBB,1KOB,B,194,218,220,6.2370280775069356,27,27,TWITCHIN,CAMK_TWITCHIN_APLCA,DFGin,ABAminus,No_ligand,5,5,5,5,5,5
1KSWA,1KSW,A,404,430,432,4.354686567820375,29,29,SRC,TYR_SRC_HUMAN,DFGin,BLBplus,Type1,5,5,5,5,5,5
1L3RE,1L3R,E,184,206,208,4.791835836288125,24,25,PRKACA,AGC_PRKACA_MOUSE,DFGin,BLAminus,ATPlike,5,5,5,5,5,5
1LEZA,1LEZ,A,168,190,192,4.746565180939325,18,25,MAPK14,CMGC_MAPK14_MOUSE,DFGin,BLBminus,No_ligand,5,5,5,5,5,5
1M52A,1M52,A,381,407,409,4.372834936066155,29,29,ABL1,TYR_ABL1_MOUSE,DFGout,None,Type1.5_Back,5,5,5,5,5,5
1M52B,1M52,B,381,407,409,4.3907972064012935,29,29,ABL1,TYR_ABL1_MOUSE,DFGout,None,Type1.5_Back,5,5,5,5,5,5
1M7NA,1M7N,A,1150,1177,1179,4.4888631251233395,30,30,IGF1R,TYR_IGF1R_HUMAN,DFGinter,None,No_ligand,5,5,5,5,5,5
1M7NB,1M7N,B,1150,1177,1179,4.562408165197403,30,30,IGF1R,TYR_IGF1R_HUMAN,DFGinter,None,No_ligand,5,5,5,5,5,5
1M7QA,1M7Q,A,168,190,192,4.627324497234491,25,25,MAPK14,CMGC_MAPK14_HUMAN,DFGin,BLBminus,Type1,5,5,5,5,5,5
1NVQA,1NVQ,A,148,175,177,5.149210213825238,30,30,CHEK1,CAMK_CHEK1_HUMAN,DFGin,BLAminus,Type1,5,5,5,5,5,5
1NVRA,1NVR,A,148,175,177,5.137957212999526,30,30,CHEK1,CAMK_CHEK1_HUMAN,DFGin,BLAminus,Type1,5,5,5,5,5,5
1NVSA,1NVS,A,148,175,177,5.140041530353439,30,30,CHEK1,CAMK_CHEK1_HUMAN,DFGin,BLAminus,Type1,5,5,5,5,5,5
1NXKD,1NXK,D,207,231,233,8.91146060039289,19,27,MAPKAPK2,CAMK_MAPKAPK2_HUMAN,DFGin,BLAminus,Type1,5,5,5,5,5,5
1O6KA,1O6K,A,293,318,320,4.861889779846584,27,28,AKT2,AGC_AKT2_HUMAN,DFGin,BLAminus,ATPlike,5,5,5,5,5,5
1O6LA,1O6L,A,293,318,320,4.8861203496658785,27,28,AKT2,AGC_AKT2_HUMAN,DFGin,BLAminus,ATPlike,5,5,5,5,5,5
1O9UA,1O9U,A,200,224,226,5.590755929934919,26,27,GSK3B,CMGC_GSK3B_HUMAN,DFGin,BLAminus,Type1,5,5,5,5,5,5
1OECA,1OEC,A,644,671,673,4.1143574595145225,30,30,FGFR2,TYR_FGFR2_HUMAN,DFGin,BLAminus,Type1,5,5,5,5,5,5
1OGUA,1OGU,A,145,170,172,4.734114018628824,27,28,CDK2,CMGC_CDK2_HUMAN,DFGin,BLAminus,Type1,5,5,5,5,5,5
1OGUC,1OGU,C,145,170,172,4.640701113114607,27,28,CDK2,CMGC_CDK2_HUMAN,DFGin,BLAminus,Type1,5,5,5,5,5,5
1OI9A,1OI9,A,145,170,172,4.717933744598332,27,28,CDK2,CMGC_CDK2_HUMAN,DFGin,BLAminus,Type1,5,5,5,5,5,5
1OI9C,1OI9,C,145,170,172,4.523222848289181,27,28,CDK2,CMGC_CDK2_HUMAN,DFGin,BLAminus,Type1,5,5,5,5,5,5
1OIRA,1OIR,A,145,170,172,4.721355185132381,28,28,CDK2,CMGC_CDK2_HUMAN,DFGin,BLBtrans,Type1,5,5,5,5,5,5
1OIUA,1OIU,A,145,170,172,4.745421461091608,27,28,CDK2,CMGC_CDK2_HUMAN,DFGin,BLAminus,Type1,5,5,5,5,5,5
1OIUC,1OIU,C,145,170,172,4.646761556223603,27,28,CDK2,CMGC_CDK2_HUMAN,DFGin,BLAminus,Type1,5,5,5,5,5,5
1OIYA,1OIY,A,145,170,172,4.731239778405645,27,28,CDK2,CMGC_CDK2_HUMAN,DFGin,BLAminus,Type1,5,5,5,5,5,5
1OIYC,1OIY,C,145,170,172,4.750204716523586,27,28,CDK2,CMGC_CDK2_HUMAN,DFGin,BLAminus,Type1,5,5,5,5,5,5
1OKVA,1OKV,A,145,170,172,4.70261330733429,28,28,CDK2,CMGC_CDK2_HUMAN,DFGin,BLAminus,No_ligand,5,5,5,5,5,5
1OKVC,1OKV,C,145,170,172,4.696823976390347,28,28,CDK2,CMGC_CDK2_HUMAN,DFGin,BLAminus,No_ligand,5,5,5,5,5,5
1OKWA,1OKW,A,145,170,172,4.746387686450864,28,28,CDK2,CMGC_CDK2_HUMAN,DFGin,BLAminus,No_ligand,5,5,5,5,5,5
1OKWC,1OKW,C,145,170,172,4.7432508701256015,28,28,CDK2,CMGC_CDK2_HUMAN,DFGin,BLAminus,No_ligand,5,5,5,5,5,5
1OKYA,1OKY,A,223,250,252,4.874794380324786,23,30,PDPK1,AGC_PDPK1_HUMAN,DFGin,BLAminus,Type1,5,5,5,5,5,5
1OL1A,1OL1,A,145,170,172,4.747658001039431,28,28,CDK2,CMGC_CDK2_HUMAN,DFGin,BLAminus,No_ligand,5,5,5,5,5,5
1OL1C,1OL1,C,145,170,172,4.75983755235037,28,28,CDK2,CMGC_CDK2_HUMAN,DFGin,BLAminus,No_ligand,5,5,5,5,5,5
1OL2A,1OL2,A,145,170,172,4.726388278511528,28,28,CDK2,CMGC_CDK2_HUMAN,DFGin,BLAminus,No_ligand,5,5,5,5,5,5
1OL2C,1OL2,C,145,170,172,4.744081264984202,28,28,CDK2,CMGC_CDK2_HUMAN,DFGin,BLAminus,No_ligand,5,5,5,5,5,5
1OMWA,1OMW,A,335,358,360,4.02593616534524,26,26,GRK2,AGC_GRK2_BOVIN,DFGin,None,No_ligand,5,5,5,5,5,5
1OPJA,1OPJ,A,400,426,428,4.462133839801036,29,29,ABL1,TYR_ABL1_MOUSE,DFGout,BBAminus,Type2,5,5,5,5,5,5
1OPJB,1OPJ,B,400,426,428,4.428782404460834,29,29,ABL1,TYR_ABL1_MOUSE,DFGout,BBAminus,Type2,5,5,5,5,5,5
1OPKA,1OPK,A,400,426,428,4.377433518739353,29,29,ABL1,TYR_ABL1_MOUSE,DFGout,None,Type1.5_Back,5,5,5,5,5,5
1OPLA,1OPL,A,400,426,428,4.379450014067553,29,29,ABL1,TYR_ABL1_HUMAN,DFGout,None,Type1.5_Back,5,5,5,5,5,5
1OPLB,1OPL,B,400,426,428,4.379871736608187,29,29,ABL1,TYR_ABL1_HUMAN,DFGout,None,Type1.5_Back,5,5,5,5,5,5
1OUKA,1OUK,A,168,190,192,4.6405123811964755,25,25,MAPK14,CMGC_MAPK14_HUMAN,DFGin,BLBminus,Type1,5,5,5,5,5,5
1OUYA,1OUY,A,168,190,192,4.604460900727882,25,25,MAPK14,CMGC_MAPK14_HUMAN,DFGin,BLBminus,Type1,5,5,5,5,5,5
1OVEA,1OVE,A,168,190,192,4.579411764301671,25,25,MAPK14,CMGC_MAPK14_HUMAN,DFGin,BLBplus,Type1,5,5,5,5,5,5
1OZ1A,1OZ1,A,168,190,192,4.675430143109226,25,25,MAPK14,CMGC_MAPK14_HUMAN,DFGin,BLBminus,Type1,5,5,5,5,5,5
1P4FA,1P4F,A,161,185,187,7.559400058390931,27,27,DAPK1,CAMK_DAPK1_HUMAN,DFGin,BLAminus,Type1,5,5,5,5,5,5
1P4OA,1P4O,A,1123,1150,1152,4.526394722444952,30,30,IGF1R,TYR_IGF1R_HUMAN,DFGinter,None,No_ligand,5,5,5,5,5,5
1P4OB,1P4O,B,1123,1150,1152,4.525560913131557,30,30,IGF1R,TYR_IGF1R_HUMAN,DFGinter,None,No_ligand,5,5,5,5,5,5
1P5EA,1P5E,A,145,170,172,4.7707934644969905,27,28,CDK2,CMGC_CDK2_HUMAN,DFGin,BLAminus,Type1,5,5,5,5,5,5
1P5EC,1P5E,C,145,170,172,4.647463910805921,27,28,CDK2,CMGC_CDK2_HUMAN,DFGin,BLAminus,Type1,5,5,5,5,5,5
1PF8A,1PF8,A,145,170,172,4.779336177874941,28,28,CDK2,CMGC_CDK2_HUMAN,DFGin,BLBminus,Type1,5,5,5,5,5,5
1PHKA,1PHK,A,167,191,193,4.4721373064970935,27,27,PHKG1,CAMK_PHKG1_RABIT,DFGin,BLAminus,ATPlike,5,5,5,5,5,5
1PKDA,1PKD,A,145,170,172,4.758988476461296,27,28,CDK2,CMGC_CDK2_HUMAN,DFGin,BLAminus,Type1,5,5,5,5,5,5
1PKDC,1PKD,C,145,170,172,4.703943070840621,27,28,CDK2,CMGC_CDK2_HUMAN,DFGin,BLAminus,Type1,5,5,5,5,5,5
1PKGA,1PKG,A,810,837,839,4.438068682892436,30,30,KIT,TYR_KIT_HUMAN,DFGin,BLAminus,ATPlike,5,5,5,5,5,5
1PMEA,1PME,A,167,195,197,4.810063112622485,31,31,MAPK1,CMGC_MAPK1_HUMAN,DFGin,BLAminus,Type1,5,5,5,5,5,5
1PMNA,1PMN,A,207,231,233,5.430161926101656,22,27,MAPK10,CMGC_MAPK10_HUMAN,DFGin,ABAminus,Type1,5,5,5,5,5,5
1PMUA,1PMU,A,207,231,233,5.408710560585489,19,27,MAPK10,CMGC_MAPK10_HUMAN,DFGin,ABAminus,Type1,5,5,5,5,5,5
1PMVA,1PMV,A,207,231,233,5.375830018595037,22,27,MAPK10,CMGC_MAPK10_HUMAN,DFGin,None,Type1,5,5,5,5,5,5
1PW2A,1PW2,A,145,170,172,4.708201481477896,28,28,CDK2,CMGC_CDK2_HUMAN,DFGin,BLBtrans,No_ligand,5,5,5,5,5,5
1PXIA,1PXI,A,145,170,172,4.706974074292394,28,28,CDK2,CMGC_CDK2_HUMAN,DFGin,BLBtrans,Type1,5,5,5,5,5,5
1PXJA,1PXJ,A,145,170,172,4.718129090134214,28,28,CDK2,CMGC_CDK2_HUMAN,DFGin,BLBtrans,Type1,5,5,5,5,5,5
1PXKA,1PXK,A,145,170,172,4.718777178003971,28,28,CDK2,CMGC_CDK2_HUMAN,DFGin,BLBtrans,Type1,5,5,5,5,5,5
1PXLA,1PXL,A,145,170,172,4.7242914615145315,28,28,CDK2,CMGC_CDK2_HUMAN,DFGin,BLBtrans,Type1,5,5,5,5,5,5
1PXMA,1PXM,A,145,170,172,4.716294569563306,28,28,CDK2,CMGC_CDK2_HUMAN,DFGin,BLBtrans,Type1,5,5,5,5,5,5
1PXNA,1PXN,A,145,170,172,4.721166359481251,28,28,CDK2,CMGC_CDK2_HUMAN,DFGin,BLBtrans,Type1,5,5,5,5,5,5
1PXOA,1PXO,A,145,170,172,4.728361191302745,28,28,CDK2,CMGC_CDK2_HUMAN,None,None,Type1,5,5,5,5,5,5
1PXPA,1PXP,A,145,170,172,4.734150840024527,28,28,CDK2,CMGC_CDK2_HUMAN,DFGin,BLBtrans,Type1,5,5,5,5,5,5
1PY5A,1PY5,A,351,380,382,8.249138482271267,32,32,TGFBR1,TKL_TGFBR1_HUMAN,DFGin,BLAminus,Type1,5,5,5,5,5,5
1PYXA,1PYX,A,200,224,226,5.552513163007535,27,27,GSK3B,CMGC_GSK3B_HUMAN,DFGin,BLAminus,ATPlike,5,5,5,5,5,5
1PYXB,1PYX,B,200,224,226,5.552357175948696,27,27,GSK3B,CMGC_GSK3B_HUMAN,DFGin,BLAminus,ATPlike,5,5,5,5,5,5
1Q24A,1Q24,A,184,206,208,4.824724537853056,24,25,PRKACA,AGC_PRKACA_BOVIN,DFGin,BLAminus,ATPlike,5,5,5,5,5,5
1Q3DA,1Q3D,A,200,224,226,5.5165271669521285,27,27,GSK3B,CMGC_GSK3B_HUMAN,DFGin,BLAminus,Type1,5,5,5,5,5,5
1Q3DB,1Q3D,B,200,224,226,5.508565998384679,27,27,GSK3B,CMGC_GSK3B_HUMAN,DFGin,BLAminus,Type1,5,5,5,5,5,5
1Q3WA,1Q3W,A,200,224,226,5.539253206755686,27,27,GSK3B,CMGC_GSK3B_HUMAN,DFGin,BLAminus,Type1,5,5,5,5,5,5
1Q3WB,1Q3W,B,200,224,226,5.541870045948375,27,27,GSK3B,CMGC_GSK3B_HUMAN,DFGin,BLAminus,Type1,5,5,5,5,5,5
1Q41A,1Q41,A,200,224,226,5.551027262356677,27,27,GSK3B,CMGC_GSK3B_HUMAN,DFGin,BLAminus,Type1,5,5,5,5,5,5
1Q41B,1Q41,B,200,224,226,5.5501829339443605,27,27,GSK3B,CMGC_GSK3B_HUMAN,DFGin,BLAminus,Type1,5,5,5,5,5,5
1Q4LA,1Q4L,A,200,224,226,5.538999384781577,27,27,GSK3B,CMGC_GSK3B_HUMAN,DFGin,BLAminus,Type1,5,5,5,5,5,5
1Q4LB,1Q4L,B,200,224,226,5.530131821465546,27,27,GSK3B,CMGC_GSK3B_HUMAN,DFGin,BLAminus,Type1,5,5,5,5,5,5
1Q5KA,1Q5K,A,200,224,226,5.550204593817656,27,27,GSK3B,CMGC_GSK3B_HUMAN,DFGin,BLAminus,Type1,5,5,5,5,5,5
1Q5KB,1Q5K,B,200,224,226,5.542176187919235,27,27,GSK3B,CMGC_GSK3B_HUMAN,DFGin,BLAminus,Type1,5,5,5,5,5,5
1Q61A,1Q61,A,184,206,208,4.842186020228819,24,25,PRKACA,AGC_PRKACA_BOVIN,DFGin,BLAminus,No_ligand,5,5,5,5,5,5
1Q62A,1Q62,A,184,206,208,4.836670380159385,24,25,PRKACA,AGC_PRKACA_BOVIN,DFGin,BLAminus,No_ligand,5,5,5,5,5,5
1Q8TA,1Q8T,A,184,206,208,4.8311231972381545,24,25,PRKACA,AGC_PRKACA_BOVIN,DFGin,BLAminus,Type1,5,5,5,5,5,5
1Q8UA,1Q8U,A,184,206,208,4.830138579759584,24,25,PRKACA,AGC_PRKACA_BOVIN,DFGin,BLAminus,"Type1,Allosteric",5,5,5,5,5,5
1Q8WA,1Q8W,A,184,206,208,4.886010059832293,24,25,PRKACA,AGC_PRKACA_BOVIN,DFGin,BLAminus,Type1,5,5,5,5,5,5
1QCFA,1QCF,A,404,430,432,4.398288776225581,29,29,HCK,TYR_HCK_HUMAN,DFGin,BLBplus,Type1,5,5,5,5,5,5
1QL6A,1QL6,A,167,191,193,4.440784614667773,27,27,PHKG1,CAMK_PHKG1_RABIT,DFGin,BLAminus,ATPlike,5,5,5,5,5,5
1QMZA,1QMZ,A,145,170,172,4.68866697561689,27,28,CDK2,CMGC_CDK2_HUMAN,DFGin,BLAminus,ATPlike,5,5,5,5,5,5
1QMZC,1QMZ,C,145,170,172,4.6873605087316275,27,28,CDK2,CMGC_CDK2_HUMAN,DFGin,BLAminus,ATPlike,5,5,5,5,5,5
1QPCA,1QPC,A,382,408,410,4.412348742640082,28,29,LCK,TYR_LCK_HUMAN,DFGin,BLAminus,ATPlike,5,5,5,5,5,5
1QPDA,1QPD,A,382,408,410,4.410802585417074,28,29,LCK,TYR_LCK_HUMAN,DFGin,BLAminus,Type1,5,5,5,5,5,5
1QPEA,1QPE,A,382,408,410,4.415762739563028,28,29,LCK,TYR_LCK_HUMAN,DFGin,BLAminus,Type1,5,5,5,5,5,5
1QPJA,1QPJ,A,382,408,410,4.383886795602236,28,29,LCK,TYR_LCK_HUMAN,DFGin,BLAminus,Type1,5,5,5,5,5,5
1R0EA,1R0E,A,200,224,226,5.502514819882589,27,27,GSK3B,CMGC_GSK3B_HUMAN,DFGin,BLAminus,Type1,5,5,5,5,5,5
1R0EB,1R0E,B,200,224,226,5.4997665992950875,27,27,GSK3B,CMGC_GSK3B_HUMAN,DFGin,BLAminus,Type1,5,5,5,5,5,5
1R39A,1R39,A,168,190,192,4.672624596630527,22,25,MAPK14,CMGC_MAPK14_HUMAN,DFGin,BLBminus,No_ligand,5,5,5,5,5,5
1R3CA,1R3C,A,168,190,192,4.650104926527346,25,25,MAPK14,CMGC_MAPK14_HUMAN,DFGin,BLBminus,No_ligand,5,5,5,5,5,5
1RDQE,1RDQ,E,184,206,208,4.836453106625808,24,25,PRKACA,AGC_PRKACA_MOUSE,DFGin,BLAminus,"ATPlike,ATPlike",5,5,5,5,5,5
1RE8A,1RE8,A,184,206,208,4.923499964841426,24,25,PRKACA,AGC_PRKACA_MOUSE,DFGin,BLAminus,Type1,5,5,5,5,5,5
1REJA,1REJ,A,184,206,208,4.893185638792811,24,25,PRKACA,AGC_PRKACA_MOUSE,DFGin,BLAminus,Type1,5,5,5,5,5,5
1REKA,1REK,A,184,206,208,4.896721238663192,24,25,PRKACA,AGC_PRKACA_MOUSE,DFGin,BLAminus,"Type1,Allosteric",5,5,5,5,5,5
1RJBA,1RJB,A,829,856,858,4.364758692487515,30,30,FLT3,TYR_FLT3_HUMAN,DFGout,None,No_ligand,5,5,5,5,5,5
1RQQA,1RQQ,A,1150,1177,1179,4.571569872921033,27,30,INSR,TYR_INSR_HUMAN,DFGin,BLAminus,No_ligand,5,5,5,5,5,5
1RQQB,1RQQ,B,1150,1177,1179,4.572456385961015,27,30,INSR,TYR_INSR_HUMAN,DFGin,BLAminus,No_ligand,5,5,5,5,5,5
1RW8A,1RW8,A,351,380,382,8.269906713566249,32,32,TGFBR1,TKL_TGFBR1_HUMAN,DFGin,BLAminus,Type1,5,5,5,5,5,5
1S9IA,1S9I,A,212,235,237,6.740706273055097,22,26,MAP2K2,STE_MAP2K2_HUMAN,DFGin,BLBplus,"ATPlike,Type3",5,5,5,5,5,5
1S9IB,1S9I,B,212,235,237,6.641206738808447,20,26,MAP2K2,STE_MAP2K2_HUMAN,DFGin,BLBplus,"ATPlike,Type3",5,5,5,5,5,5
1S9JA,1S9J,A,208,231,233,6.758669219848532,23,26,MAP2K1,STE_MAP2K1_HUMAN,DFGin,BLBplus,"ATPlike,Type3",5,5,5,5,5,5
1SMHA,1SMH,A,184,206,208,4.873132926187061,24,25,PRKACA,AGC_PRKACA_BOVIN,DFGin,BLAminus,No_ligand,5,5,5,5,5,5
1STCE,1STC,E,184,206,208,4.877101334648149,24,25,PRKACA,AGC_PRKACA_BOVIN,DFGin,ABAminus,Type1,5,5,5,5,5,5
1SVEA,1SVE,A,184,206,208,4.849457410634051,24,25,PRKACA,AGC_PRKACA_BOVIN,DFGin,BLAminus,Type1,5,5,5,5,5,5
1SVGA,1SVG,A,184,206,208,4.828969478134845,24,25,PRKACA,AGC_PRKACA_BOVIN,DFGin,BLAminus,Type1,5,5,5,5,5,5
1SVHA,1SVH,A,184,206,208,4.862025910945969,24,25,PRKACA,AGC_PRKACA_BOVIN,DFGin,BLAminus,Type1.5_Front,5,5,5,5,5,5
1SYKA,1SYK,A,184,206,208,4.906661578751177,24,25,PRKACA,AGC_PRKACA_MOUSE,DFGin,None,No_ligand,5,5,5,5,5,5
1SYKB,1SYK,B,184,206,208,4.899506948949621,24,25,PRKACA,AGC_PRKACA_MOUSE,DFGin,None,No_ligand,5,5,5,5,5,5
1SZMB,1SZM,B,184,206,208,4.9203445093874825,24,25,PRKACA,AGC_PRKACA_BOVIN,DFGin,ABAminus,Type1,5,5,5,5,5,5
1SZMA,1SZM,A,184,206,208,4.831296786156755,24,25,PRKACA,AGC_PRKACA_BOVIN,DFGin,BLAminus,Type1,5,5,5,5,5,5
1T45A,1T45,A,810,837,839,4.375860086543617,30,30,KIT,TYR_KIT_HUMAN,DFGout,None,No_ligand,5,5,5,5,5,5
1T46A,1T46,A,810,837,839,4.37287874827066,30,30,KIT,TYR_KIT_HUMAN,DFGout,BBAminus,Type2,5,5,5,5,5,5
1TVOA,1TVO,A,167,195,197,4.815128897155498,31,31,MAPK1,CMGC_MAPK1_HUMAN,DFGin,ABAminus,Type1,5,5,5,5,5,5
1U46A,1U46,A,270,298,300,4.775941529617995,25,31,TNK2,TYR_TNK2_HUMAN,DFGin,ABAminus,No_ligand,5,5,5,5,5,5
1U46B,1U46,B,270,298,300,4.719289681931579,31,31,TNK2,TYR_TNK2_HUMAN,DFGin,BLAminus,No_ligand,5,5,5,5,5,5
1U4DA,1U4D,A,270,298,300,4.80237067361348,24,31,TNK2,TYR_TNK2_HUMAN,DFGin,BLAminus,Type1,5,5,5,5,5,5
1U4DB,1U4D,B,270,298,300,4.729701077224718,31,31,TNK2,TYR_TNK2_HUMAN,DFGin,BLAminus,Type1,5,5,5,5,5,5
1U54A,1U54,A,270,298,300,4.818146524191131,29,31,TNK2,TYR_TNK2_HUMAN,DFGin,ABAminus,ATPlike,5,5,5,5,5,5
1U54B,1U54,B,270,298,300,4.7434489271493945,31,31,TNK2,TYR_TNK2_HUMAN,DFGin,BLAminus,ATPlike,5,5,5,5,5,5
1U59A,1U59,A,479,507,509,4.511410685311487,31,31,ZAP70,TYR_ZAP70_HUMAN,DFGin,BLAminus,Type1,5,5,5,5,5,5
1U5QA,1U5Q,A,169,190,192,2.5870774733216453,23,24,TAOK2,STE_TAOK2_RAT,DFGin,BLAminus,No_ligand,5,5,5,5,5,5
1U5QB,1U5Q,B,169,190,192,2.5172699905353544,23,24,TAOK2,STE_TAOK2_RAT,DFGin,BLAminus,No_ligand,5,5,5,5,5,5
1U5RA,1U5R,A,169,190,192,2.625265737097921,23,24,TAOK2,STE_TAOK2_RAT,DFGin,BLAminus,ATPlike,5,5,5,5,5,5
1U5RB,1U5R,B,169,190,192,2.4928884258372457,23,24,TAOK2,STE_TAOK2_RAT,DFGin,BLAminus,ATPlike,5,5,5,5,5,5
1UA2A,1UA2,A,155,180,182,4.696012652577165,27,28,CDK7,CMGC_CDK7_HUMAN,DFGin,None,ATPlike,5,5,5,5,5,5
1UA2B,1UA2,B,155,180,182,4.655058080328408,27,28,CDK7,CMGC_CDK7_HUMAN,DFGin,None,ATPlike,5,5,5,5,5,5
1UA2C,1UA2,C,155,180,182,4.682817495714194,27,28,CDK7,CMGC_CDK7_HUMAN,DFGin,None,ATPlike,5,5,5,5,5,5
1UA2D,1UA2,D,155,180,182,4.720919687510984,27,28,CDK7,CMGC_CDK7_HUMAN,DFGin,None,ATPlike,5,5,5,5,5,5
1URCA,1URC,A,145,170,172,4.758540248312362,28,28,CDK2,CMGC_CDK2_HUMAN,DFGin,BLAminus,No_ligand,5,5,5,5,5,5
1URCC,1URC,C,145,170,172,4.799888459871436,28,28,CDK2,CMGC_CDK2_HUMAN,DFGin,BLAminus,No_ligand,5,5,5,5,5,5
1UU7A,1UU7,A,223,250,252,4.862246215804513,24,30,PDPK1,AGC_PDPK1_HUMAN,DFGin,BLAminus,Type1,5,5,5,5,5,5
1UU8A,1UU8,A,223,250,252,4.887536513532752,21,30,PDPK1,AGC_PDPK1_HUMAN,DFGin,BLAminus,Type1,5,5,5,5,5,5
1UV5A,1UV5,A,200,224,226,5.561606059055834,27,27,GSK3B,CMGC_GSK3B_HUMAN,DFGin,BLAminus,Type1,5,5,5,5,5,5
1UVRA,1UVR,A,223,250,252,4.870556817784639,25,30,PDPK1,AGC_PDPK1_HUMAN,DFGin,BLAminus,Type1,5,5,5,5,5,5
1VEBA,1VEB,A,184,206,208,4.859219814164401,24,25,PRKACA,AGC_PRKACA_BOVIN,DFGin,BLAminus,Type1,5,5,5,5,5,5
1VJYA,1VJY,A,351,380,382,8.274912065430392,28,32,TGFBR1,TKL_TGFBR1_HUMAN,DFGin,BLAminus,Type1,5,5,5,5,5,5
1VYWA,1VYW,A,145,170,172,4.703261928590268,28,28,CDK2,CMGC_CDK2_HUMAN,DFGin,BLAminus,Type1,5,5,5,5,5,5
1VYWC,1VYW,C,145,170,172,4.727046733037107,28,28,CDK2,CMGC_CDK2_HUMAN,DFGin,BLAminus,Type1,5,5,5,5,5,5
1VYZA,1VYZ,A,145,170,172,4.742061600383112,20,28,CDK2,CMGC_CDK2_HUMAN,DFGin,BLBtrans,Type1,5,5,5,5,5,5
1W7HA,1W7H,A,168,190,192,4.635602885966698,25,25,MAPK14,CMGC_MAPK14_HUMAN,DFGin,BLBminus,Type1,5,5,5,5,5,5
1W82A,1W82,A,168,190,192,4.635617842129302,25,25,MAPK14,CMGC_MAPK14_HUMAN,DFGout,BBAminus,Type3,5,5,5,5,5,5
1W83A,1W83,A,168,190,192,4.664425043900066,25,25,MAPK14,CMGC_MAPK14_HUMAN,DFGout,BBAminus,Type2,5,5,5,5,5,5
1W84A,1W84,A,168,190,192,4.646308196601158,25,25,MAPK14,CMGC_MAPK14_HUMAN,DFGin,BLBminus,Type1,5,5,5,5,5,5
1W8CA,1W8C,A,145,170,172,4.755135367491956,28,28,CDK2,CMGC_CDK2_HUMAN,DFGin,BLBtrans,Type1,5,5,5,5,5,5
1W98A,1W98,A,145,170,172,4.674618799684565,27,28,CDK2,CMGC_CDK2_HUMAN,DFGin,BLAminus,No_ligand,5,5,5,5,5,5
1WBNA,1WBN,A,168,190,192,4.653922066683356,25,25,MAPK14,CMGC_MAPK14_HUMAN,DFGout,BBAminus,Type2,5,5,5,5,5,5
1WBOA,1WBO,A,168,190,192,4.6976283505867125,25,25,MAPK14,CMGC_MAPK14_HUMAN,DFGin,None,Type1,5,5,5,5,5,5
1WBSA,1WBS,A,168,190,192,4.67013911621828,25,25,MAPK14,CMGC_MAPK14_HUMAN,DFGout,None,Type2,5,5,5,5,5,5
1WBTA,1WBT,A,168,190,192,4.656907782687513,25,25,MAPK14,CMGC_MAPK14_HUMAN,DFGout,None,Type2,5,5,5,5,5,5
1WBVA,1WBV,A,168,190,192,4.651232859968381,25,25,MAPK14,CMGC_MAPK14_HUMAN,DFGout,BBAminus,Type3,5,5,5,5,5,5
1WBWA,1WBW,A,168,190,192,4.63144110850952,25,25,MAPK14,CMGC_MAPK14_HUMAN,DFGin,BLAminus,Type1,5,5,5,5,5,5
1WMKA,1WMK,A,161,185,187,7.672364401705631,27,27,DAPK2,CAMK_DAPK2_HUMAN,DFGin,BLAminus,No_ligand,5,5,5,5,5,5
1WMKB,1WMK,B,161,185,187,7.672830470793803,27,27,DAPK2,CAMK_DAPK2_HUMAN,DFGin,BLAminus,No_ligand,5,5,5,5,5,5
1WMKC,1WMK,C,161,185,187,7.67215695268907,27,27,DAPK2,CAMK_DAPK2_HUMAN,DFGin,BLAminus,No_ligand,5,5,5,5,5,5
1WMKD,1WMK,D,161,185,187,7.669509562167737,27,27,DAPK2,CAMK_DAPK2_HUMAN,DFGin,BLAminus,No_ligand,5,5,5,5,5,5
1WMKE,1WMK,E,161,185,187,7.672042603410993,27,27,DAPK2,CAMK_DAPK2_HUMAN,DFGin,BLAminus,No_ligand,5,5,5,5,5,5
1WMKF,1WMK,F,161,185,187,7.669846492298665,27,27,DAPK2,CAMK_DAPK2_HUMAN,DFGin,BLAminus,No_ligand,5,5,5,5,5,5
1WMKG,1WMK,G,161,185,187,7.671775388983931,27,27,DAPK2,CAMK_DAPK2_HUMAN,DFGin,BLAminus,No_ligand,5,5,5,5,5,5
1WMKH,1WMK,H,161,185,187,7.670531764125743,27,27,DAPK2,CAMK_DAPK2_HUMAN,DFGin,BLAminus,No_ligand,5,5,5,5,5,5
1WVWA,1WVW,A,161,185,187,7.556767475796496,27,27,DAPK1,CAMK_DAPK1_HUMAN,DFGin,BLAminus,No_ligand,5,5,5,5,5,5
1WVXA,1WVX,A,161,185,187,7.565183808966513,27,27,DAPK1,CAMK_DAPK1_HUMAN,DFGin,BLAminus,Type1,5,5,5,5,5,5
1WVYA,1WVY,A,161,185,187,7.540027222807232,27,27,DAPK1,CAMK_DAPK1_HUMAN,DFGin,ABAminus,Type1,5,5,5,5,5,5
1WZYA,1WZY,A,167,195,197,4.597959600167067,31,31,MAPK1,CMGC_MAPK1_HUMAN,DFGin,ABAminus,Type1,5,5,5,5,5,5
1XBAA,1XBA,A,512,540,542,4.558753487346359,31,31,SYK,TYR_SYK_HUMAN,DFGin,BLAminus,No_ligand,5,5,5,5,5,5
1XBBA,1XBB,A,512,540,542,4.540949003341946,27,31,SYK,TYR_SYK_HUMAN,DFGin,BLAminus,Type1,5,5,5,5,5,5
1XBCA,1XBC,A,512,540,542,4.547498538537637,31,31,SYK,TYR_SYK_HUMAN,DFGin,BLAminus,Type1,5,5,5,5,5,5
1XH4A,1XH4,A,184,206,208,4.8663153305340945,24,25,PRKACA,AGC_PRKACA_BOVIN,DFGin,BLAminus,Type1,5,5,5,5,5,5
1XH5A,1XH5,A,184,206,208,4.84410037161046,24,25,PRKACA,AGC_PRKACA_BOVIN,DFGin,BLAminus,Type1,5,5,5,5,5,5
1XH6A,1XH6,A,184,206,208,4.847525213067204,24,25,PRKACA,AGC_PRKACA_BOVIN,DFGin,BLAminus,Type1,5,5,5,5,5,5
1XH7A,1XH7,A,184,206,208,4.862127522348996,24,25,PRKACA,AGC_PRKACA_BOVIN,DFGin,BLAminus,Type1,5,5,5,5,5,5
1XH8A,1XH8,A,184,206,208,4.878329152346802,24,25,PRKACA,AGC_PRKACA_BOVIN,DFGin,BLAminus,Type1,5,5,5,5,5,5
1XH9A,1XH9,A,184,206,208,4.853502577870855,24,25,PRKACA,AGC_PRKACA_BOVIN,DFGin,BLAminus,Type1.5_Front,5,5,5,5,5,5
1XHAA,1XHA,A,184,206,208,4.854250539213314,24,25,PRKACA,AGC_PRKACA_BOVIN,DFGin,BLAminus,Type1,5,5,5,5,5,5
1XJDA,1XJD,A,522,547,549,4.9413617094357924,27,28,PRKCQ,AGC_PRKCQ_HUMAN,DFGin,BLAminus,Type1,5,5,5,5,5,5
1XO2B,1XO2,B,163,187,189,5.228477509142106,27,27,CDK6,CMGC_CDK6_HUMAN,DFGin,BLAminus,Type1,5,5,5,5,5,5
1Y57A,1Y57,A,404,430,432,4.3195760854100635,29,29,SRC,TYR_SRC_HUMAN,DFGin,BLAminus,Type1,5,5,5,5,5,5
1Y8YA,1Y8Y,A,145,170,172,4.734486594804126,28,28,CDK2,CMGC_CDK2_HUMAN,DFGin,BLBtrans,Type1,5,5,5,5,5,5
1Y91A,1Y91,A,145,170,172,4.74295246034959,23,28,CDK2,CMGC_CDK2_HUMAN,DFGin,BLBtrans,Type1,5,5,5,5,5,5
1YDRE,1YDR,E,184,206,208,4.863717795866125,24,25,PRKACA,AGC_PRKACA_BOVIN,DFGin,BLAminus,Type1,5,5,5,5,5,5
1YDSE,1YDS,E,184,206,208,4.844512979767546,24,25,PRKACA,AGC_PRKACA_BOVIN,DFGin,BLAminus,Type1,5,5,5,5,5,5
1YDTE,1YDT,E,184,206,208,4.858357719458199,24,25,PRKACA,AGC_PRKACA_BOVIN,DFGin,BLAminus,Type1,5,5,5,5,5,5
1YHVA,1YHV,A,407,432,434,4.874059353922898,28,28,PAK1,STE_PAK1_HUMAN,DFGin,BLAminus,No_ligand,5,5,5,5,5,5
1YHWA,1YHW,A,407,432,434,4.8748784130826595,28,28,PAK1,STE_PAK1_HUMAN,DFGin,BLAminus,No_ligand,5,5,5,5,5,5
1YI6A,1YI6,A,404,430,432,4.492672780668646,28,29,SRC,TYR_SRC_HUMAN,DFGin,BLAminus,No_ligand,5,5,5,5,5,5
1YI6B,1YI6,B,404,430,432,4.4425893794594655,28,29,SRC,TYR_SRC_HUMAN,DFGin,BLAminus,No_ligand,5,5,5,5,5,5
1YKRA,1YKR,A,145,170,172,4.758925959881239,28,28,CDK2,CMGC_CDK2_HUMAN,DFGin,BLBtrans,Type1,5,5,5,5,5,5
1YM7B,1YM7,B,335,358,360,4.010871125321237,26,26,GRK2,AGC_GRK2_BOVIN,DFGin,ABAminus,No_ligand,5,5,5,5,5,5
1YM7A,1YM7,A,335,358,360,4.008129441423675,26,26,GRK2,AGC_GRK2_BOVIN,DFGin,None,No_ligand,5,5,5,5,5,5
1YM7C,1YM7,C,335,358,360,4.01243901055474,26,26,GRK2,AGC_GRK2_BOVIN,DFGin,None,No_ligand,5,5,5,5,5,5
1YM7D,1YM7,D,335,358,360,4.014272026158701,26,26,GRK2,AGC_GRK2_BOVIN,DFGin,None,No_ligand,5,5,5,5,5,5
1YQJA,1YQJ,A,168,190,192,4.638566708795771,25,25,MAPK14,CMGC_MAPK14_HUMAN,DFGin,BLBminus,Type1,5,5,5,5,5,5
1YRPA,1YRP,A,161,185,187,7.64337204406936,27,27,DAPK3,CAMK_DAPK3_HUMAN,DFGin,BLAminus,No_ligand,5,5,5,5,5,5
1YRPB,1YRP,B,161,185,187,7.644921601832975,27,27,DAPK3,CAMK_DAPK3_HUMAN,DFGin,BLAminus,No_ligand,5,5,5,5,5,5
1YVJA,1YVJ,A,967,995,997,4.2696049611067375,29,31,JAK3,TYR_JAK3-2_HUMAN,DFGin,BLAminus,Type1,5,5,5,5,5,5
1Z9XA,1Z9X,A,161,185,187,7.652975639596789,27,27,DAPK2,CAMK_DAPK2_HUMAN,DFGin,BLAminus,No_ligand,5,5,5,5,5,5
1Z9XB,1Z9X,B,161,185,187,7.653065868500885,27,27,DAPK2,CAMK_DAPK2_HUMAN,DFGin,BLAminus,No_ligand,5,5,5,5,5,5
1Z9XC,1Z9X,C,161,185,187,7.652023582365765,27,27,DAPK2,CAMK_DAPK2_HUMAN,DFGin,BLAminus,No_ligand,5,5,5,5,5,5
1ZLTA,1ZLT,A,148,175,177,5.141709111560998,30,30,CHEK1,CAMK_CHEK1_HUMAN,DFGin,BLAminus,Type1,5,5,5,5,5,5
1ZRZA,1ZRZ,A,387,412,414,4.283345428626305,27,28,PRKCI,AGC_PRKCI_HUMAN,DFGin,BLAminus,Type1,5,5,5,5,5,5
1ZWSA,1ZWS,A,161,185,187,7.603473508590712,27,27,DAPK2,CAMK_DAPK2_HUMAN,DFGin,BLAminus,No_ligand,5,5,5,5,5,5
1ZWSB,1ZWS,B,161,185,187,7.604027002319783,27,27,DAPK2,CAMK_DAPK2_HUMAN,DFGin,BLAminus,No_ligand,5,5,5,5,5,5
1ZWSC,1ZWS,C,161,185,187,7.603463183667109,27,27,DAPK2,CAMK_DAPK2_HUMAN,DFGin,BLAminus,No_ligand,5,5,5,5,5,5
1ZWSD,1ZWS,D,161,185,187,7.6084340584136925,27,27,DAPK2,CAMK_DAPK2_HUMAN,DFGin,BLAminus,No_ligand,5,5,5,5,5,5
1ZWSE,1ZWS,E,161,185,187,7.607523682668826,27,27,DAPK2,CAMK_DAPK2_HUMAN,DFGin,BLAminus,No_ligand,5,5,5,5,5,5
1ZWSF,1ZWS,F,161,185,187,7.602580427182909,27,27,DAPK2,CAMK_DAPK2_HUMAN,DFGin,BLAminus,No_ligand,5,5,5,5,5,5
1ZWSG,1ZWS,G,161,185,187,7.604460429599517,27,27,DAPK2,CAMK_DAPK2_HUMAN,DFGin,BLAminus,No_ligand,5,5,5,5,5,5
1ZWSH,1ZWS,H,161,185,187,7.60653079709381,27,27,DAPK2,CAMK_DAPK2_HUMAN,DFGin,BLAminus,No_ligand,5,5,5,5,5,5
1ZYSA,1ZYS,A,148,175,177,5.146201310464539,30,30,CHEK1,CAMK_CHEK1_HUMAN,DFGin,BLAminus,Type1,5,5,5,5,5,5
1ZZLA,1ZZL,A,168,190,192,4.570594422366654,25,25,MAPK14,CMGC_MAPK14_HUMAN,DFGin,BLBplus,Type1,5,5,5,5,5,5
2A0CX,2A0C,X,145,170,172,4.739609354472239,28,28,CDK2,CMGC_CDK2_HUMAN,DFGin,BLBtrans,Type1,5,5,5,5,5,5
2A19B,2A19,B,432,456,458,4.73099945042838,26,27,EIF2AK2,OTHER_EIF2AK2_HUMAN,DFGin,ABAminus,ATPlike,5,5,5,5,5,5
2A1AB,2A1A,B,432,456,458,4.640598345084097,26,27,EIF2AK2,OTHER_EIF2AK2_HUMAN,DFGin,ABAminus,No_ligand,5,5,5,5,5,5
2A27A,2A27,A,161,185,187,7.632819867570453,27,27,DAPK2,CAMK_DAPK2_HUMAN,DFGin,BLAminus,No_ligand,5,5,5,5,5,5
2A27B,2A27,B,161,185,187,7.655894242498609,27,27,DAPK2,CAMK_DAPK2_HUMAN,DFGin,BLAminus,No_ligand,5,5,5,5,5,5
2A27C,2A27,C,161,185,187,7.631323057423327,27,27,DAPK2,CAMK_DAPK2_HUMAN,DFGin,BLAminus,No_ligand,5,5,5,5,5,5
2A27D,2A27,D,161,185,187,7.6486461553914165,27,27,DAPK2,CAMK_DAPK2_HUMAN,DFGin,BLAminus,No_ligand,5,5,5,5,5,5
2A27E,2A27,E,161,185,187,7.644341796992623,27,27,DAPK2,CAMK_DAPK2_HUMAN,DFGin,BLAminus,No_ligand,5,5,5,5,5,5
2A27F,2A27,F,161,185,187,7.647359251263648,27,27,DAPK2,CAMK_DAPK2_HUMAN,DFGin,BLAminus,No_ligand,5,5,5,5,5,5
2A27G,2A27,G,161,185,187,7.6529678258536125,27,27,DAPK2,CAMK_DAPK2_HUMAN,DFGin,BLAminus,No_ligand,5,5,5,5,5,5
2A27H,2A27,H,161,185,187,7.64422988964694,27,27,DAPK2,CAMK_DAPK2_HUMAN,DFGin,BLAminus,No_ligand,5,5,5,5,5,5
2A2AA,2A2A,A,161,185,187,7.649280617544883,27,27,DAPK2,CAMK_DAPK2_HUMAN,DFGin,BLAminus,No_ligand,5,5,5,5,5,5
2A2AB,2A2A,B,161,185,187,7.699952960463915,27,27,DAPK2,CAMK_DAPK2_HUMAN,DFGin,BLAminus,No_ligand,5,5,5,5,5,5
2A2AC,2A2A,C,161,185,187,7.658453007737473,27,27,DAPK2,CAMK_DAPK2_HUMAN,DFGin,BLAminus,No_ligand,5,5,5,5,5,5
2A2AD,2A2A,D,161,185,187,7.644341137259829,27,27,DAPK2,CAMK_DAPK2_HUMAN,DFGin,BLAminus,No_ligand,5,5,5,5,5,5
2A4LA,2A4L,A,145,170,172,4.752168116887157,28,28,CDK2,CMGC_CDK2_HUMAN,DFGin,BLBtrans,Type1,5,5,5,5,5,5
2ACXA,2ACX,A,329,353,355,4.2242978706214265,27,27,GRK6,AGC_GRK6_HUMAN,DFGin,BLAminus,ATPlike,5,5,5,5,5,5
2ACXB,2ACX,B,329,353,355,4.131001441459907,27,27,GRK6,AGC_GRK6_HUMAN,DFGin,BLAminus,ATPlike,5,5,5,5,5,5
2AUHA,2AUH,A,1150,1177,1179,4.685526772313614,27,30,INSR,TYR_INSR_HUMAN,DFGin,ABAminus,No_ligand,5,5,5,5,5,5
2AYPA,2AYP,A,148,175,177,5.166191187607505,30,30,CHEK1,CAMK_CHEK1_HUMAN,DFGin,BLAminus,Type1.5_Back,5,5,5,5,5,5
2B4SB,2B4S,B,1150,1177,1179,4.590610588105627,27,30,INSR,TYR_INSR_HUMAN,DFGin,ABAminus,No_ligand,5,5,5,5,5,5
2B4SD,2B4S,D,1150,1177,1179,4.6148335456581835,27,30,INSR,TYR_INSR_HUMAN,DFGin,ABAminus,No_ligand,5,5,5,5,5,5
2B53A,2B53,A,145,170,172,4.723943553871673,28,28,CDK2,CMGC_CDK2_HUMAN,DFGin,BLBtrans,Type1,5,5,5,5,5,5
2B54A,2B54,A,145,170,172,4.728427329500173,28,28,CDK2,CMGC_CDK2_HUMAN,DFGin,BLBtrans,Type1,5,5,5,5,5,5
2B7AA,2B7A,A,994,1022,1024,4.180320573263967,29,31,JAK2,TYR_JAK2-2_HUMAN,DFGin,ABAminus,Type1,5,5,5,5,5,5
2B7AB,2B7A,B,994,1022,1024,4.1797490275081,29,31,JAK2,TYR_JAK2-2_HUMAN,DFGin,ABAminus,Type1,5,5,5,5,5,5
2BAJA,2BAJ,A,168,190,192,4.702574094146087,25,25,MAPK14,CMGC_MAPK14_HUMAN,DFGout,BBAminus,Type3,5,5,5,5,5,5
2BCJA,2BCJ,A,335,358,360,3.9558039465032206,26,26,GRK2,AGC_GRK2_BOVIN,DFGin,None,No_ligand,5,5,5,5,5,5
2BDWA,2BDW,A,156,181,183,7.058703402103141,27,28,CAMKII,CAMK_CAMKII_CAEEL,DFGin,BLAminus,No_ligand,5,5,5,5,5,5
2BDWB,2BDW,B,156,181,183,7.159556701733628,27,28,CAMKII,CAMK_CAMKII_CAEEL,DFGin,BLAminus,No_ligand,5,5,5,5,5,5
2BIYA,2BIY,A,223,250,252,4.8733728266607415,30,30,PDPK1,AGC_PDPK1_HUMAN,DFGin,BLAminus,ATPlike,5,5,5,5,5,5
2BKZA,2BKZ,A,145,170,172,4.714785042325626,28,28,CDK2,CMGC_CDK2_HUMAN,DFGin,BLAminus,Type1,5,5,5,5,5,5
2BKZC,2BKZ,C,145,170,172,4.716045147898499,28,28,CDK2,CMGC_CDK2_HUMAN,DFGin,BLAminus,Type1,5,5,5,5,5,5
2BPMA,2BPM,A,145,170,172,4.700325322312165,28,28,CDK2,CMGC_CDK2_HUMAN,DFGin,BLAminus,Type1,5,5,5,5,5,5
2BPMC,2BPM,C,145,170,172,4.697968378836196,28,28,CDK2,CMGC_CDK2_HUMAN,DFGin,BLAminus,Type1,5,5,5,5,5,5
2BR1A,2BR1,A,148,175,177,5.151353027639152,30,30,CHEK1,CAMK_CHEK1_HUMAN,DFGin,BLAminus,Type1,5,5,5,5,5,5
2BRBA,2BRB,A,148,175,177,5.143602075838299,30,30,CHEK1,CAMK_CHEK1_HUMAN,DFGin,BLAminus,Type1,5,5,5,5,5,5
2BRGA,2BRG,A,148,175,177,5.178357771512205,30,30,CHEK1,CAMK_CHEK1_HUMAN,DFGin,BLAminus,Type1,5,5,5,5,5,5
2BRHA,2BRH,A,148,175,177,5.152461774458376,30,30,CHEK1,CAMK_CHEK1_HUMAN,DFGin,BLAminus,Type1,5,5,5,5,5,5
2BRMA,2BRM,A,148,175,177,5.150474099918946,30,30,CHEK1,CAMK_CHEK1_HUMAN,DFGin,BLAminus,Type1,5,5,5,5,5,5
2BRNA,2BRN,A,148,175,177,5.162663518965255,30,30,CHEK1,CAMK_CHEK1_HUMAN,DFGin,BLAminus,Type1,5,5,5,5,5,5
2BROA,2BRO,A,148,175,177,5.146063699727041,30,30,CHEK1,CAMK_CHEK1_HUMAN,DFGin,BLAminus,Type1,5,5,5,5,5,5
2BUJA,2BUJ,A,166,200,202,2.528229544021796,37,37,STK16,OTHER_STK16_HUMAN,DFGin,BLAminus,"Type1,Allosteric",5,5,5,5,5,5
2BUJB,2BUJ,B,166,200,202,2.575676973023126,37,37,STK16,OTHER_STK16_HUMAN,DFGin,BLAminus,"Type1,Type1",5,5,5,5,5,5
2BVAA,2BVA,A,458,483,485,4.870512222588388,25,28,PAK4,STE_PAK4_HUMAN,DFGin,BLAminus,No_ligand,5,5,5,5,5,5
2BVAB,2BVA,B,458,483,485,4.866216532921031,25,28,PAK4,STE_PAK4_HUMAN,DFGin,BLAminus,No_ligand,5,5,5,5,5,5
2C1AA,2C1A,A,184,206,208,4.81334218029262,24,25,PRKACA,AGC_PRKACA_BOVIN,DFGin,BLAminus,Type1,5,5,5,5,5,5
2C1BA,2C1B,A,184,206,208,4.809995178168148,24,25,PRKACA,AGC_PRKACA_BOVIN,DFGin,BLAminus,Type1,5,5,5,5,5,5
2C30A,2C30,A,544,569,571,4.803288849863902,27,28,PAK6,STE_PAK6_HUMAN,DFGin,BLAminus,No_ligand,5,5,5,5,5,5
2C3JA,2C3J,A,148,175,177,5.138497980698608,30,30,CHEK1,CAMK_CHEK1_HUMAN,DFGin,BLAminus,Type1,5,5,5,5,5,5
2C3KA,2C3K,A,148,175,177,5.168881114450622,30,30,CHEK1,CAMK_CHEK1_HUMAN,DFGin,BLAminus,Type1.5_Back,5,5,5,5,5,5
2C3LA,2C3L,A,148,175,177,5.157331908699712,30,30,CHEK1,CAMK_CHEK1_HUMAN,DFGin,BLAminus,Type1,5,5,5,5,5,5
2C4GA,2C4G,A,145,170,172,4.704833464111246,28,28,CDK2,CMGC_CDK2_HUMAN,DFGin,BLAminus,Type1,5,5,5,5,5,5
2C4GC,2C4G,C,145,170,172,4.7066833232475265,28,28,CDK2,CMGC_CDK2_HUMAN,DFGin,BLAminus,Type1,5,5,5,5,5,5
2C5NA,2C5N,A,145,170,172,4.71887675593728,28,28,CDK2,CMGC_CDK2_HUMAN,DFGin,BLAminus,Type1,5,5,5,5,5,5
2C5NC,2C5N,C,145,170,172,4.759755883609641,28,28,CDK2,CMGC_CDK2_HUMAN,DFGin,BLAminus,Type1,5,5,5,5,5,5
2C5OA,2C5O,A,145,170,172,4.733416113179792,28,28,CDK2,CMGC_CDK2_HUMAN,DFGin,BLAminus,Type1,5,5,5,5,5,5
2C5OC,2C5O,C,145,170,172,4.741592228218741,28,28,CDK2,CMGC_CDK2_HUMAN,DFGin,BLAminus,Type1,5,5,5,5,5,5
2C5VA,2C5V,A,145,170,172,4.763550815218661,28,28,CDK2,CMGC_CDK2_HUMAN,DFGin,BLAminus,Type1,5,5,5,5,5,5
2C5VC,2C5V,C,145,170,172,4.748452389114064,28,28,CDK2,CMGC_CDK2_HUMAN,DFGin,BLAminus,Type1,5,5,5,5,5,5
2C5XA,2C5X,A,145,170,172,4.701403650072721,28,28,CDK2,CMGC_CDK2_HUMAN,DFGin,BLAminus,Type1,5,5,5,5,5,5
2C5XC,2C5X,C,145,170,172,4.729852083913702,28,28,CDK2,CMGC_CDK2_HUMAN,DFGin,BLAminus,Type1,5,5,5,5,5,5
2C5YA,2C5Y,A,145,170,172,4.7232856696097,28,28,CDK2,CMGC_CDK2_HUMAN,DFGin,BLBminus,Type1,5,5,5,5,5,5
2C68A,2C68,A,145,170,172,4.721128286465559,28,28,CDK2,CMGC_CDK2_HUMAN,DFGin,BLBtrans,Type1,5,5,5,5,5,5
2C69A,2C69,A,145,170,172,4.7320947965397835,28,28,CDK2,CMGC_CDK2_HUMAN,DFGin,BLBtrans,Type1,5,5,5,5,5,5
2C6IA,2C6I,A,145,170,172,4.741587017686714,28,28,CDK2,CMGC_CDK2_HUMAN,DFGin,BLBtrans,Type1,5,5,5,5,5,5
2C6KA,2C6K,A,145,170,172,4.734593170747311,28,28,CDK2,CMGC_CDK2_HUMAN,DFGin,BLBtrans,Type1,5,5,5,5,5,5
2C6LA,2C6L,A,145,170,172,4.7520378188734425,28,28,CDK2,CMGC_CDK2_HUMAN,DFGin,BLBtrans,Type1,5,5,5,5,5,5
2C6MA,2C6M,A,145,170,172,4.744996264722838,28,28,CDK2,CMGC_CDK2_HUMAN,DFGin,BLBtrans,Type1,5,5,5,5,5,5
2C6OA,2C6O,A,145,170,172,4.730262530212341,28,28,CDK2,CMGC_CDK2_HUMAN,None,None,Type1,5,5,5,5,5,5
2C6TA,2C6T,A,145,170,172,4.682956238055723,27,28,CDK2,CMGC_CDK2_HUMAN,DFGin,BLAminus,Type1,5,5,5,5,5,5
2C6TC,2C6T,C,145,170,172,4.693406836437599,27,28,CDK2,CMGC_CDK2_HUMAN,DFGin,BLAminus,Type1,5,5,5,5,5,5
2CCHA,2CCH,A,145,170,172,4.685205769228089,27,28,CDK2,CMGC_CDK2_HUMAN,DFGin,BLAminus,ATPlike,5,5,5,5,5,5
2CCHC,2CCH,C,145,170,172,4.672372163429221,27,28,CDK2,CMGC_CDK2_HUMAN,DFGin,BLAminus,ATPlike,5,5,5,5,5,5
2CCIA,2CCI,A,145,170,172,4.706244736151439,27,28,CDK2,CMGC_CDK2_HUMAN,DFGin,BLAminus,ATPlike,5,5,5,5,5,5
2CCIC,2CCI,C,145,170,172,4.689255159556378,27,28,CDK2,CMGC_CDK2_HUMAN,DFGin,BLAminus,ATPlike,5,5,5,5,5,5
2CDZA,2CDZ,A,458,483,485,4.906141761283448,27,28,PAK4,STE_PAK4_HUMAN,DFGin,BLAminus,Type1,5,5,5,5,5,5
2CGUA,2CGU,A,148,175,177,5.141227515973815,30,30,CHEK1,CAMK_CHEK1_HUMAN,DFGin,BLAminus,Type1,5,5,5,5,5,5
2CGVA,2CGV,A,148,175,177,5.162051271795652,30,30,CHEK1,CAMK_CHEK1_HUMAN,DFGin,BLAminus,Type1,5,5,5,5,5,5
2CGWA,2CGW,A,148,175,177,5.151690732993935,30,30,CHEK1,CAMK_CHEK1_HUMAN,DFGin,BLAminus,Type1,5,5,5,5,5,5
2CGXA,2CGX,A,148,175,177,5.163088960122169,30,30,CHEK1,CAMK_CHEK1_HUMAN,DFGin,BLAminus,Type1,5,5,5,5,5,5
2CJMA,2CJM,A,145,170,172,4.748199306952818,27,28,CDK2,CMGC_CDK2_HUMAN,DFGin,BLAminus,ATPlike,5,5,5,5,5,5
2CJMC,2CJM,C,145,170,172,4.708613558613649,27,28,CDK2,CMGC_CDK2_HUMAN,DFGin,BLAminus,ATPlike,5,5,5,5,5,5
2CKEA,2CKE,A,161,185,187,7.685345980848866,27,27,DAPK2,CAMK_DAPK2_HUMAN,DFGin,BLAminus,Type1,5,5,5,5,5,5
2CKEB,2CKE,B,161,185,187,7.684100636791817,27,27,DAPK2,CAMK_DAPK2_HUMAN,DFGin,BLAminus,Type1,5,5,5,5,5,5
2CKEC,2CKE,C,161,185,187,7.7021476142420955,27,27,DAPK2,CAMK_DAPK2_HUMAN,DFGin,BLAminus,Type1,5,5,5,5,5,5
2CKED,2CKE,D,161,185,187,7.665534417648857,27,27,DAPK2,CAMK_DAPK2_HUMAN,DFGin,BLAminus,Type1,5,5,5,5,5,5
2CLQA,2CLQ,A,822,847,849,4.140843453012839,23,28,MAP3K5,STE_MAP3K5_HUMAN,DFGinter,BABtrans,Type1,5,5,5,5,5,5
2CLQB,2CLQ,B,822,847,849,4.149810813523165,20,28,MAP3K5,STE_MAP3K5_HUMAN,DFGinter,BABtrans,Type1,5,5,5,5,5,5
2CLXA,2CLX,A,145,170,172,4.725111715925205,28,28,CDK2,CMGC_CDK2_HUMAN,DFGin,BLBtrans,Type1,5,5,5,5,5,5
2CN5A,2CN5,A,368,392,394,6.907416766294493,27,27,CHEK2,CAMK_CHEK2_HUMAN,DFGin,BLAminus,ATPlike,5,5,5,5,5,5
2CN8A,2CN8,A,368,392,394,6.797285961837759,23,27,CHEK2,CAMK_CHEK2_HUMAN,DFGin,BLAminus,Type1,5,5,5,5,5,5
2CPKE,2CPK,E,184,206,208,4.824778272350216,24,25,PRKACA,AGC_PRKACA_MOUSE,DFGin,BLAminus,No_ligand,5,5,5,5,5,5
2DQ7X,2DQ7,X,148,174,176,4.393796852176542,28,29,FYN,TYR_FYN_HUMAN,DFGin,BLAminus,Type1,5,5,5,5,5,5
2DS1A,2DS1,A,145,170,172,4.755167626117592,28,28,CDK2,CMGC_CDK2_HUMAN,DFGin,BLBtrans,Type1,5,5,5,5,5,5
2E2BA,2E2B,A,381,407,409,4.420128073430735,25,29,ABL1,TYR_ABL1_HUMAN,DFGout,BBAminus,Type2,5,5,5,5,5,5
2E2BB,2E2B,B,381,407,409,4.405423322906447,23,29,ABL1,TYR_ABL1_HUMAN,DFGout,BBAminus,Type2,5,5,5,5,5,5
2E9NA,2E9N,A,148,175,177,5.157223077563758,30,30,CHEK1,CAMK_CHEK1_HUMAN,DFGin,BLAminus,Type1.5_Back,5,5,5,5,5,5
2E9OA,2E9O,A,148,175,177,5.174934907792201,30,30,CHEK1,CAMK_CHEK1_HUMAN,DFGin,BLAminus,Type1,5,5,5,5,5,5
2E9PA,2E9P,A,148,175,177,5.174469068788097,30,30,CHEK1,CAMK_CHEK1_HUMAN,DFGin,BLAminus,Type1,5,5,5,5,5,5
2E9UA,2E9U,A,148,175,177,5.157212724961725,30,30,CHEK1,CAMK_CHEK1_HUMAN,DFGin,BLAminus,Type1,5,5,5,5,5,5
2E9VA,2E9V,A,148,175,177,5.117128653375953,30,30,CHEK1,CAMK_CHEK1_HUMAN,DFGin,BLAminus,Type1,5,5,5,5,5,5
2E9VB,2E9V,B,148,175,177,5.182290581110717,30,30,CHEK1,CAMK_CHEK1_HUMAN,DFGin,BLAminus,Type1,5,5,5,5,5,5
2ERKA,2ERK,A,165,193,195,4.67302978952265,29,31,MAPK1,CMGC_MAPK1_RAT,DFGin,BLAminus,No_ligand,5,5,5,5,5,5
2ERZE,2ERZ,E,184,206,208,4.8180848305942465,24,25,PRKACA,AGC_PRKACA_MOUSE,DFGin,BLAminus,Type1,5,5,5,5,5,5
2ESMA,2ESM,A,216,242,244,2.7791097246977654,29,29,ROCK1,AGC_ROCK1_HUMAN,DFGin,BLAminus,Type1,5,5,5,5,5,5
2ESMB,2ESM,B,216,242,244,2.9091182627300705,29,29,ROCK1,AGC_ROCK1_HUMAN,DFGin,BLAminus,Type1,5,5,5,5,5,5
2ETKA,2ETK,A,216,242,244,2.751257584049419,29,29,ROCK1,AGC_ROCK1_HUMAN,DFGin,BLAminus,Type1,5,5,5,5,5,5
2ETKB,2ETK,B,216,242,244,2.910286350389584,29,29,ROCK1,AGC_ROCK1_HUMAN,DFGin,BLAminus,Type1,5,5,5,5,5,5
2ETRA,2ETR,A,216,242,244,2.753371948510457,29,29,ROCK1,AGC_ROCK1_HUMAN,DFGin,BLAminus,Type1,5,5,5,5,5,5
2ETRB,2ETR,B,216,242,244,2.8563338744547693,29,29,ROCK1,AGC_ROCK1_HUMAN,DFGin,BLAminus,Type1,5,5,5,5,5,5
2EUFB,2EUF,B,163,187,189,5.237056669684518,27,27,CDK6,CMGC_CDK6_HUMAN,DFGin,BLAminus,Type1,5,5,5,5,5,5
2EXMA,2EXM,A,145,170,172,4.734653975691607,28,28,CDK2,CMGC_CDK2_HUMAN,DFGin,BLBtrans,Type1,5,5,5,5,5,5
2F2CB,2F2C,B,163,187,189,5.280048922663729,27,27,CDK6,CMGC_CDK6_HUMAN,DFGin,BLAminus,Type1,5,5,5,5,5,5
2F2UA,2F2U,A,232,258,260,2.9444630222073256,29,29,ROCK2,AGC_ROCK2_BOVIN,DFGin,ABAminus,Type1,5,5,5,5,5,5
2F2UB,2F2U,B,232,258,260,3.002065013730682,29,29,ROCK2,AGC_ROCK2_BOVIN,DFGin,BLAminus,Type1,5,5,5,5,5,5
2F4JA,2F4J,A,381,407,409,4.3609548573006744,29,29,ABL1,TYR_ABL1_HUMAN,DFGin,BLAminus,Type1,5,5,5,5,5,5
2F57A,2F57,A,586,611,613,4.804252834127955,27,28,PAK5,STE_PAK5_HUMAN,DFGin,BLAminus,No_ligand,5,5,5,5,5,5
2F57B,2F57,B,586,611,613,4.898577227369696,27,28,PAK5,STE_PAK5_HUMAN,DFGin,BLAminus,Type1,5,5,5,5,5,5
2F7EE,2F7E,E,184,206,208,4.85209607760911,25,25,PRKACA,AGC_PRKACA_BOVIN,DFGin,BLAminus,Type1,5,5,5,5,5,5
2F7XE,2F7X,E,184,206,208,4.843352373422942,25,25,PRKACA,AGC_PRKACA_BOVIN,DFGin,BLAminus,Type1,5,5,5,5,5,5
2F7ZE,2F7Z,E,184,206,208,4.826355194742363,25,25,PRKACA,AGC_PRKACA_BOVIN,DFGin,BLAminus,Type1,5,5,5,5,5,5
2FGIA,2FGI,A,641,668,670,4.3847449344499445,28,30,FGFR1,TYR_FGFR1_HUMAN,DFGin,BLAplus,Type1.5_Back,5,5,5,5,5,5
2FGIB,2FGI,B,641,668,670,4.404766057868639,21,30,FGFR1,TYR_FGFR1_HUMAN,DFGin,BLAplus,Type1.5_Back,5,5,5,5,5,5
2FH9A,2FH9,A,195,219,221,4.311108986439787,20,27,SNF1,CAMK_SNF1_YEAST,None,None,No_ligand,5,5,5,5,5,5
2FO0A,2FO0,A,400,426,428,4.38383228956627,29,29,ABL1,TYR_ABL1_HUMAN,DFGout,None,Type1.5_Back,5,5,5,5,5,5
2FVDA,2FVD,A,145,170,172,4.732167760183417,26,28,CDK2,CMGC_CDK2_HUMAN,DFGin,BLBminus,Type1,5,5,5,5,5,5
2FYSA,2FYS,A,165,193,195,4.491763589976034,31,31,MAPK1,CMGC_MAPK1_RAT,DFGin,BLAminus,No_ligand,5,5,5,5,5,5
2FYSB,2FYS,B,165,193,195,5.045298007927193,23,31,MAPK1,CMGC_MAPK1_RAT,DFGin,BLAminus,No_ligand,5,5,5,5,5,5
2G01A,2G01,A,169,193,195,5.315847945928811,27,27,MAPK8,CMGC_MAPK8_HUMAN,DFGin,BLAminus,Type1,5,5,5,5,5,5
2G01B,2G01,B,169,193,195,5.197245929865126,27,27,MAPK8,CMGC_MAPK8_HUMAN,DFGin,None,Type1,5,5,5,5,5,5
2G1TA,2G1T,A,381,407,409,4.411863484917873,29,29,ABL1,TYR_ABL1_HUMAN,DFGin,BLBplus,No_ligand,5,5,5,5,5,5
2G1TB,2G1T,B,381,407,409,4.446868045743066,29,29,ABL1,TYR_ABL1_HUMAN,DFGin,BLBplus,No_ligand,5,5,5,5,5,5
2G1TC,2G1T,C,381,407,409,4.411082757941565,29,29,ABL1,TYR_ABL1_HUMAN,DFGin,BLBplus,No_ligand,5,5,5,5,5,5
2G1TD,2G1T,D,381,407,409,4.382698822538047,29,29,ABL1,TYR_ABL1_HUMAN,DFGin,BLBplus,No_ligand,5,5,5,5,5,5
2G2FA,2G2F,A,381,407,409,4.366419315906224,29,29,ABL1,TYR_ABL1_HUMAN,DFGinter,None,No_ligand,5,5,5,5,5,5
2G2FB,2G2F,B,381,407,409,4.490894746418437,29,29,ABL1,TYR_ABL1_HUMAN,DFGout,None,ATPlike,5,5,5,5,5,5
2G2HA,2G2H,A,400,426,428,4.406095893238573,29,29,ABL1,TYR_ABL1_HUMAN,DFGinter,None,Type1,5,5,5,5,5,5
2G2HB,2G2H,B,400,426,428,4.454250471122641,29,29,ABL1,TYR_ABL1_HUMAN,DFGout,None,Type1.5_Back,5,5,5,5,5,5
2G2IA,2G2I,A,381,407,409,4.292829846356087,29,29,ABL1,TYR_ABL1_HUMAN,DFGin,BLAminus,ATPlike,5,5,5,5,5,5
2G2IB,2G2I,B,381,407,409,4.321129954349839,29,29,ABL1,TYR_ABL1_HUMAN,DFGin,BLAminus,ATPlike,5,5,5,5,5,5
2G9XA,2G9X,A,145,170,172,4.756136916993018,27,28,CDK2,CMGC_CDK2_HUMAN,DFGin,BLAminus,Type1,5,5,5,5,5,5
2G9XC,2G9X,C,145,170,172,4.636211669723117,27,28,CDK2,CMGC_CDK2_HUMAN,DFGin,BLAminus,Type1,5,5,5,5,5,5
2GCDA,2GCD,A,169,190,192,2.5845412741685747,23,24,TAOK2,STE_TAOK2_RAT,DFGin,BLAminus,Type1,5,5,5,5,5,5
2GCDB,2GCD,B,169,190,192,2.5391262476935386,23,24,TAOK2,STE_TAOK2_RAT,DFGin,BLAminus,Type1,5,5,5,5,5,5
2GDOA,2GDO,A,148,175,177,5.1465382186454045,30,30,CHEK1,CAMK_CHEK1_HUMAN,DFGin,BLAminus,Type1,5,5,5,5,5,5
2GFCA,2GFC,A,184,206,208,4.8111531892863635,24,25,PRKACA,AGC_PRKACA_BOVIN,DFGin,BLAminus,No_ligand,5,5,5,5,5,5
2GHGA,2GHG,A,148,175,177,5.153336290154044,30,30,CHEK1,CAMK_CHEK1_HUMAN,DFGin,BLAminus,Type1,5,5,5,5,5,5
2GMXA,2GMX,A,169,193,195,5.377068414444167,27,27,MAPK8,CMGC_MAPK8_HUMAN,DFGin,BLAminus,Type1,5,5,5,5,5,5
2GMXB,2GMX,B,169,193,195,5.233064695340654,27,27,MAPK8,CMGC_MAPK8_HUMAN,DFGin,None,Type1,5,5,5,5,5,5
2GNFA,2GNF,A,184,206,208,4.809271928200035,24,25,PRKACA,AGC_PRKACA_BOVIN,DFGin,BLAminus,Type1,5,5,5,5,5,5
2GNGA,2GNG,A,184,206,208,4.798146020286521,24,25,PRKACA,AGC_PRKACA_BOVIN,DFGin,BLAminus,No_ligand,5,5,5,5,5,5
2GNHA,2GNH,A,184,206,208,4.8310248123443555,24,25,PRKACA,AGC_PRKACA_BOVIN,DFGin,ABAminus,"Type1,Allosteric",5,5,5,5,5,5
2GNIA,2GNI,A,184,206,208,4.806455600669444,24,25,PRKACA,AGC_PRKACA_BOVIN,DFGin,ABAminus,Type1,5,5,5,5,5,5
2GNJA,2GNJ,A,184,206,208,4.830022112873098,24,25,PRKACA,AGC_PRKACA_BOVIN,DFGin,BLAminus,Type1,5,5,5,5,5,5
2GNLA,2GNL,A,184,206,208,4.8620537334131235,24,25,PRKACA,AGC_PRKACA_BOVIN,DFGin,BLAminus,Type1,5,5,5,5,5,5
2GPHA,2GPH,A,165,193,195,4.600476056399427,31,31,MAPK1,CMGC_MAPK1_RAT,DFGin,BLAminus,No_ligand,5,5,5,5,5,5
2GQGA,2GQG,A,381,407,409,4.36248753345995,28,29,ABL1,TYR_ABL1_HUMAN,DFGin,BLAminus,Type1,5,5,5,5,5,5
2GQGB,2GQG,B,381,407,409,4.362614876886734,28,29,ABL1,TYR_ABL1_HUMAN,DFGin,BLAminus,Type1.5_Back,5,5,5,5,5,5
2GTMA,2GTM,A,168,190,192,4.723183957551292,21,25,MAPK14,CMGC_MAPK14_MOUSE,DFGin,None,Type1,5,5,5,5,5,5
2GU8A,2GU8,A,184,206,208,4.8327291832444175,24,25,PRKACA,AGC_PRKACA_HUMAN,DFGin,BLAminus,Type1,5,5,5,5,5,5
2H8HA,2H8H,A,404,430,432,4.433278077175443,29,29,SRC,TYR_SRC_HUMAN,DFGin,BLBplus,Type1,5,5,5,5,5,5
2H96A,2H96,A,169,193,195,5.277206182321583,27,27,MAPK8,CMGC_MAPK8_HUMAN,DFGin,BLAminus,Type1,5,5,5,5,5,5
2H96B,2H96,B,169,193,195,5.275785726084184,27,27,MAPK8,CMGC_MAPK8_HUMAN,DFGin,BLAminus,Type1,5,5,5,5,5,5
2H9VA,2H9V,A,232,258,260,2.937279749822386,29,29,ROCK2,AGC_ROCK2_BOVIN,DFGin,ABAminus,Type1,5,5,5,5,5,5
2HAKA,2HAK,A,193,217,219,4.583335104034371,19,27,MARK1,CAMK_MARK1_HUMAN,None,None,No_ligand,5,5,5,5,5,5
2HAKE,2HAK,E,193,217,219,4.663750472592512,27,27,MARK1,CAMK_MARK1_HUMAN,None,None,No_ligand,5,5,5,5,5,5
2HAKF,2HAK,F,193,217,219,4.653353752108398,27,27,MARK1,CAMK_MARK1_HUMAN,None,None,No_ligand,5,5,5,5,5,5
2HIWA,2HIW,A,399,425,427,4.409267582831948,29,29,ABL1,TYR_ABL1_HUMAN,DFGout,BBAminus,Type2,5,5,5,5,5,5
2HIWB,2HIW,B,399,425,427,4.4038963096571555,29,29,ABL1,TYR_ABL1_HUMAN,DFGout,BBAminus,Type2,5,5,5,5,5,5
2HK5A,2HK5,A,382,408,410,4.410878344233816,29,29,HCK,TYR_HCK_HUMAN,DFGin,BLAminus,Type1.5_Back,5,5,5,5,5,5
2HOGA,2HOG,A,148,175,177,5.153015888665741,30,30,CHEK1,CAMK_CHEK1_HUMAN,DFGin,BLAminus,Type1,5,5,5,5,5,5
2HXLA,2HXL,A,148,175,177,5.149536808608158,30,30,CHEK1,CAMK_CHEK1_HUMAN,DFGin,BLAminus,Type1,5,5,5,5,5,5
2HXQA,2HXQ,A,148,175,177,5.1424898632053955,30,30,CHEK1,CAMK_CHEK1_HUMAN,DFGin,BLAminus,Type1,5,5,5,5,5,5
2HY0A,2HY0,A,148,175,177,5.1634351441952235,30,30,CHEK1,CAMK_CHEK1_HUMAN,DFGin,BLAminus,Type1,5,5,5,5,5,5
2HY81,2HY8,1,407,432,434,4.845552319498388,28,28,PAK1,STE_PAK1_HUMAN,DFGin,BLAminus,Type1,5,5,5,5,5,5
2HYYA,2HYY,A,381,407,409,4.428144936348671,29,29,ABL1,TYR_ABL1_HUMAN,DFGout,BBAminus,Type2,5,5,5,5,5,5
2HYYB,2HYY,B,381,407,409,4.454619338970437,29,29,ABL1,TYR_ABL1_HUMAN,DFGout,BBAminus,Type2,5,5,5,5,5,5
2HYYC,2HYY,C,381,407,409,4.382528772816123,26,29,ABL1,TYR_ABL1_HUMAN,DFGout,BBAminus,Type2,5,5,5,5,5,5
2HYYD,2HYY,D,381,407,409,4.3920603330744665,29,29,ABL1,TYR_ABL1_HUMAN,DFGout,BBAminus,Type2,5,5,5,5,5,5
2HZ0A,2HZ0,A,381,407,409,4.348715985339482,29,29,ABL1,TYR_ABL1_HUMAN,DFGout,BBAminus,Type2,5,5,5,5,5,5
2HZ4A,2HZ4,A,381,407,409,4.401217471498727,29,29,ABL1,TYR_ABL1_HUMAN,DFGin,BLAminus,Allosteric,5,5,5,5,5,5
2HZ4C,2HZ4,C,381,407,409,4.385287217866569,29,29,ABL1,TYR_ABL1_HUMAN,DFGin,BLAminus,Allosteric,5,5,5,5,5,5
2HZ4B,2HZ4,B,381,407,409,4.309278283211416,29,29,ABL1,TYR_ABL1_HUMAN,DFGin,BLAminus,Type1,5,5,5,5,5,5
2HZIA,2HZI,A,381,407,409,4.348768152527053,29,29,ABL1,TYR_ABL1_HUMAN,DFGout,None,Type1,5,5,5,5,5,5
2HZIB,2HZI,B,381,407,409,4.42584066467359,29,29,ABL1,TYR_ABL1_HUMAN,DFGout,None,Type1.5_Back,5,5,5,5,5,5
2HZNA,2HZN,A,381,407,409,4.417276234515,29,29,ABL1,TYR_ABL1_MOUSE,DFGout,BBAminus,Type2,5,5,5,5,5,5
2I0EA,2I0E,A,484,509,511,4.822564012723105,27,28,PRKCB,AGC_PRKCB_HUMAN,DFGin,BLAminus,Type1,5,5,5,5,5,5
2I0EB,2I0E,B,484,509,511,4.819933096654523,27,28,PRKCB,AGC_PRKCB_HUMAN,DFGin,BLAminus,Type1,5,5,5,5,5,5
2I0HA,2I0H,A,168,190,192,4.590426834631145,25,25,MAPK14,CMGC_MAPK14_HUMAN,DFGin,BLBplus,"Type1,Type1",5,5,5,5,5,5
2I0VA,2I0V,A,796,823,825,4.348315539653836,29,30,CSF1R,TYR_CSF1R_HUMAN,DFGout,BBAminus,Type1,5,5,5,5,5,5
2I0YA,2I0Y,A,796,823,825,4.335651375599728,29,30,CSF1R,TYR_CSF1R_HUMAN,DFGout,BBAminus,Type1,5,5,5,5,5,5
2I1MA,2I1M,A,796,823,825,4.382502549579559,30,30,CSF1R,TYR_CSF1R_HUMAN,DFGout,BBAminus,Type1,5,5,5,5,5,5
2I40A,2I40,A,145,170,172,4.711530560998662,25,28,CDK2,CMGC_CDK2_HUMAN,DFGin,BLAminus,Type1,5,5,5,5,5,5
2I40C,2I40,C,145,170,172,4.741783913004586,28,28,CDK2,CMGC_CDK2_HUMAN,DFGin,BLAminus,Type1,5,5,5,5,5,5
2IW6A,2IW6,A,145,170,172,4.749095788215509,27,28,CDK2,CMGC_CDK2_HUMAN,DFGin,BLAminus,Type1,5,5,5,5,5,5
2IW6C,2IW6,C,145,170,172,4.694735087755544,27,28,CDK2,CMGC_CDK2_HUMAN,DFGin,BLAminus,Type1,5,5,5,5,5,5
2IW8A,2IW8,A,145,170,172,4.756379780244033,27,28,CDK2,CMGC_CDK2_HUMAN,DFGin,BLAminus,Type1,5,5,5,5,5,5
2IW8C,2IW8,C,145,170,172,4.648470895414667,27,28,CDK2,CMGC_CDK2_HUMAN,DFGin,BLAminus,Type1,5,5,5,5,5,5
2IW9A,2IW9,A,145,170,172,4.745267206301229,27,28,CDK2,CMGC_CDK2_HUMAN,DFGin,BLAminus,Type1,5,5,5,5,5,5
2IW9C,2IW9,C,145,170,172,4.649502034039712,27,28,CDK2,CMGC_CDK2_HUMAN,DFGin,BLAminus,Type1,5,5,5,5,5,5
2J0IA,2J0I,A,458,483,485,4.9022079846873945,27,28,PAK4,STE_PAK4_HUMAN,DFGin,BLAminus,No_ligand,5,5,5,5,5,5
2J0LA,2J0L,A,564,590,592,4.504517401917419,27,29,PTK2,TYR_PTK2_CHICK,DFGin,BLAminus,ATPlike,5,5,5,5,5,5
2J51A,2J51,A,173,198,200,6.715999337997154,28,28,SLK,STE_SLK_HUMAN,DFGin,BLAminus,Type1,5,5,5,5,5,5
2J7TA,2J7T,A,175,200,202,4.213491843087409,24,28,STK10,STE_STK10_HUMAN,DFGin,BLAminus,Type1,5,5,5,5,5,5
2J90B,2J90,B,161,185,187,8.357225067089932,27,27,DAPK3,CAMK_DAPK3_HUMAN,DFGin,BLAminus,Type1,5,5,5,5,5,5
2JAMA,2JAM,A,165,188,190,7.1225895104243655,26,26,CAMK1G,CAMK_CAMK1G_HUMAN,DFGin,None,Type1,5,5,5,5,5,5
2JAMB,2JAM,B,165,188,190,7.124823304625676,26,26,CAMK1G,CAMK_CAMK1G_HUMAN,DFGin,None,Type1,5,5,5,5,5,5
2JBOA,2JBO,A,207,231,233,8.4834105241548,19,27,MAPKAPK2,CAMK_MAPKAPK2_HUMAN,DFGin,BLAminus,Type1,5,5,5,5,5,5
2JDOA,2JDO,A,293,318,320,4.887929488574073,27,28,AKT2,AGC_AKT2_HUMAN,DFGin,BLAminus,Type1,5,5,5,5,5,5
2JDRA,2JDR,A,293,318,320,4.885598361896496,27,28,AKT2,AGC_AKT2_HUMAN,DFGin,BLAminus,Type1,5,5,5,5,5,5
2JDSA,2JDS,A,184,206,208,4.81944781284414,24,25,PRKACA,AGC_PRKACA_BOVIN,DFGin,BLAminus,Type1,5,5,5,5,5,5
2JDTA,2JDT,A,184,206,208,4.818309925375798,24,25,PRKACA,AGC_PRKACA_BOVIN,DFGin,BLAminus,Type1,5,5,5,5,5,5
2JDVA,2JDV,A,184,206,208,4.804367229713272,24,25,PRKACA,AGC_PRKACA_BOVIN,DFGin,BLAminus,Type1,5,5,5,5,5,5
2JEDA,2JED,A,522,547,549,4.964677088772481,28,28,PRKCQ,AGC_PRKCQ_HUMAN,DFGin,BLAminus,Type1,5,5,5,5,5,5
2JEDB,2JED,B,522,547,549,5.013402666634313,28,28,PRKCQ,AGC_PRKCQ_HUMAN,DFGin,BLAminus,Type1,5,5,5,5,5,5
2JFLA,2JFL,A,173,198,200,6.744235501460046,26,28,SLK,STE_SLK_HUMAN,DFGin,BLAminus,Type1,5,5,5,5,5,5
2JFMA,2JFM,A,173,198,200,6.765160036110667,27,28,SLK,STE_SLK_HUMAN,DFGin,BLAminus,No_ligand,5,5,5,5,5,5
2JGZA,2JGZ,A,145,170,172,4.66394924781665,27,28,CDK2,CMGC_CDK2_HUMAN,DFGin,BLAminus,No_ligand,5,5,5,5,5,5
2JLDA,2JLD,A,200,224,226,5.548405573624658,27,27,GSK3B,CMGC_GSK3B_HUMAN,DFGin,BLAminus,Type1,5,5,5,5,5,5
2JLDB,2JLD,B,200,224,226,5.552469766301236,27,27,GSK3B,CMGC_GSK3B_HUMAN,DFGin,BLAminus,Type1,5,5,5,5,5,5
2LGCA,2LGC,A,168,190,192,4.654542285549241,25,25,MAPK14,CMGC_MAPK14_HUMAN,DFGin,BLBminus,No_ligand,5,5,5,5,5,5
2NO3A,2NO3,A,169,193,195,5.311776560063696,27,27,MAPK8,CMGC_MAPK8_HUMAN,DFGin,BLAminus,Type1,5,5,5,5,5,5
2NO3B,2NO3,B,169,193,195,5.25151659556588,27,27,MAPK8,CMGC_MAPK8_HUMAN,DFGin,BLAminus,Type1,5,5,5,5,5,5
2NRUA,2NRU,A,329,356,358,5.4528587842548735,28,30,IRAK4,TKL_IRAK4_HUMAN,DFGin,BLAminus,Type1,5,5,5,5,5,5
2NRUB,2NRU,B,329,356,358,5.456236233851333,28,30,IRAK4,TKL_IRAK4_HUMAN,DFGin,BLAminus,Type1,5,5,5,5,5,5
2NRUC,2NRU,C,329,356,358,5.4368916006389885,28,30,IRAK4,TKL_IRAK4_HUMAN,DFGin,BLAminus,Type1,5,5,5,5,5,5
2NRUD,2NRU,D,329,356,358,5.422423373886218,28,30,IRAK4,TKL_IRAK4_HUMAN,DFGin,BLAminus,Type1,5,5,5,5,5,5
2NRYC,2NRY,C,329,356,358,5.425984053029448,25,30,IRAK4,TKL_IRAK4_HUMAN,DFGin,BLAminus,Type1,5,5,5,5,5,5
2NRYD,2NRY,D,329,356,358,5.40114362510175,24,30,IRAK4,TKL_IRAK4_HUMAN,DFGin,BLAminus,Type1,5,5,5,5,5,5
2NRYA,2NRY,A,329,356,358,5.423612692023126,24,30,IRAK4,TKL_IRAK4_HUMAN,DFGin,BLBminus,Type1,5,5,5,5,5,5
2NRYB,2NRY,B,329,356,358,5.396696711457527,24,30,IRAK4,TKL_IRAK4_HUMAN,DFGin,BLBminus,Type1,5,5,5,5,5,5
2O0UA,2O0U,A,207,231,233,5.503432450965433,22,27,MAPK10,CMGC_MAPK10_HUMAN,DFGin,ABAminus,Type1.5_Back,5,5,5,5,5,5
2O5KA,2O5K,A,200,224,226,5.537982030714295,27,27,GSK3B,CMGC_GSK3B_HUMAN,DFGin,BLAminus,Type1,5,5,5,5,5,5
2O8YA,2O8Y,A,329,356,358,5.529078422301635,21,30,IRAK4,TKL_IRAK4_HUMAN,DFGin,BLAminus,No_ligand,5,5,5,5,5,5
2O8YB,2O8Y,B,329,356,358,5.544261622214885,22,30,IRAK4,TKL_IRAK4_HUMAN,DFGin,BLAminus,No_ligand,5,5,5,5,5,5
2OF2A,2OF2,A,382,408,410,4.42846241367174,29,29,LCK,TYR_LCK_HUMAN,DFGin,BLAminus,Type1,5,5,5,5,5,5
2OF4A,2OF4,A,382,408,410,4.4256352699233155,29,29,LCK,TYR_LCK_HUMAN,DFGin,BLAminus,Type1,5,5,5,5,5,5
2OFUA,2OFU,A,382,408,410,4.394239620936908,28,29,LCK,TYR_LCK_HUMAN,DFGin,BLAminus,Type1,5,5,5,5,5,5
2OGVA,2OGV,A,796,823,825,4.427268470080361,30,30,CSF1R,TYR_CSF1R_HUMAN,DFGout,None,No_ligand,5,5,5,5,5,5
2OH0E,2OH0,E,184,206,208,4.85019617440988,25,25,PRKACA,AGC_PRKACA_BOVIN,DFGin,BLAminus,Type1,5,5,5,5,5,5
2OH4A,2OH4,A,1044,1071,1073,4.499186243221639,28,30,KDR,TYR_KDR_HUMAN,DFGout,BBAminus,Type2,5,5,5,5,5,5
2OIBA,2OIB,A,329,356,358,5.500949967240144,23,30,IRAK4,TKL_IRAK4_HUMAN,DFGin,BLAminus,No_ligand,5,5,5,5,5,5
2OIBB,2OIB,B,329,356,358,5.466007897373655,23,30,IRAK4,TKL_IRAK4_HUMAN,DFGin,BLAminus,No_ligand,5,5,5,5,5,5
2OIBC,2OIB,C,329,356,358,5.586389657089182,23,30,IRAK4,TKL_IRAK4_HUMAN,DFGin,BLAminus,No_ligand,5,5,5,5,5,5
2OIBD,2OIB,D,329,356,358,5.50621226338962,27,30,IRAK4,TKL_IRAK4_HUMAN,DFGin,BLAminus,No_ligand,5,5,5,5,5,5
2OICA,2OIC,A,329,356,358,5.56874031733038,21,30,IRAK4,TKL_IRAK4_HUMAN,DFGin,BLAminus,Type1,5,5,5,5,5,5
2OICB,2OIC,B,329,356,358,5.537674921468197,22,30,IRAK4,TKL_IRAK4_HUMAN,DFGin,BLAminus,Type1,5,5,5,5,5,5
2OICD,2OIC,D,329,356,358,5.545966432391347,25,30,IRAK4,TKL_IRAK4_HUMAN,DFGin,BLAminus,Type1,5,5,5,5,5,5
2OIDA,2OID,A,329,356,358,5.505935187914952,23,30,IRAK4,TKL_IRAK4_HUMAN,DFGin,BLAminus,ATPlike,5,5,5,5,5,5
2OIDB,2OID,B,329,356,358,5.533862520950212,22,30,IRAK4,TKL_IRAK4_HUMAN,DFGin,BLAminus,ATPlike,5,5,5,5,5,5
2OIDC,2OID,C,329,356,358,5.573069980965261,21,30,IRAK4,TKL_IRAK4_HUMAN,DFGin,BLAminus,ATPlike,5,5,5,5,5,5
2OIDD,2OID,D,329,356,358,5.542525735991425,24,30,IRAK4,TKL_IRAK4_HUMAN,DFGin,BLAminus,ATPlike,5,5,5,5,5,5
2OJ9A,2OJ9,A,1123,1150,1152,4.537427076957084,30,30,IGF1R,TYR_IGF1R_HUMAN,None,None,Type1,5,5,5,5,5,5
2OJFE,2OJF,E,184,206,208,4.839487964491421,25,25,PRKACA,AGC_PRKACA_BOVIN,DFGin,BLAminus,Type1,5,5,5,5,5,5
2OJGA,2OJG,A,165,193,195,4.786108576294552,31,31,MAPK1,CMGC_MAPK1_HUMAN,DFGin,BLAminus,Type1,5,5,5,5,5,5
2OJIA,2OJI,A,165,193,195,4.77379776461055,31,31,MAPK1,CMGC_MAPK1_HUMAN,DFGin,BLAminus,Type1,5,5,5,5,5,5
2OJJA,2OJJ,A,165,193,195,4.756106320590437,31,31,MAPK1,CMGC_MAPK1_HUMAN,DFGin,BLAminus,Type1,5,5,5,5,5,5
2ONLC,2ONL,C,207,231,233,7.617489086601293,27,27,MAPKAPK2,CAMK_MAPKAPK2_HUMAN,DFGin,BLAminus,No_ligand,5,5,5,5,5,5
2ONLD,2ONL,D,207,231,233,7.4603248420598325,27,27,MAPKAPK2,CAMK_MAPKAPK2_HUMAN,DFGin,BLAminus,No_ligand,5,5,5,5,5,4
2OU7A,2OU7,A,194,219,221,4.72865995422123,28,28,PLK1,CAMK_PLK1_HUMAN,DFGin,BLAminus,ATPlike,5,5,5,5,5,5
2OW3A,2OW3,A,200,224,226,5.513600095157214,26,27,GSK3B,CMGC_GSK3B_HUMAN,DFGin,BLAminus,Type1,5,5,5,5,5,5
2OW3B,2OW3,B,200,224,226,5.520693423313873,26,27,GSK3B,CMGC_GSK3B_HUMAN,DFGin,BLAminus,Type1,5,5,5,5,5,5
2OWBA,2OWB,A,194,219,221,4.698965675175296,28,28,PLK1,CAMK_PLK1_HUMAN,DFGin,BLAminus,Type1,5,5,5,5,5,5
2OZAA,2OZA,A,207,231,233,7.4930918725848805,27,27,MAPKAPK2,CAMK_MAPKAPK2_HUMAN,DFGin,BLAminus,No_ligand,5,5,5,5,5,5
2P33A,2P33,A,207,231,233,5.419396808652387,22,27,MAPK10,CMGC_MAPK10_HUMAN,DFGin,ABAminus,Type1,5,5,5,5,5,5
2P55A,2P55,A,208,231,233,6.715773655262019,23,26,MAP2K1,STE_MAP2K1_HUMAN,DFGin,BLBplus,"Type3,ATPlike",5,5,5,5,5,5
2PHKA,2PHK,A,167,191,193,4.561797545818293,27,27,PHKG1,CAMK_PHKG1_RABIT,DFGin,BLAminus,ATPlike,5,5,5,5,5,5
2PL0A,2PL0,A,382,408,410,4.325929739454461,29,29,LCK,TYR_LCK_HUMAN,DFGout,BBAminus,Type2,5,5,5,5,5,5
2PSQA,2PSQ,A,644,671,673,4.234217636934247,30,30,FGFR2,TYR_FGFR2_HUMAN,DFGin,BLAminus,No_ligand,5,5,5,5,5,5
2PSQB,2PSQ,B,644,671,673,4.261622313312684,30,30,FGFR2,TYR_FGFR2_HUMAN,DFGin,BLAminus,No_ligand,5,5,5,5,5,5
2PVFA,2PVF,A,644,671,673,4.227301459498532,28,30,FGFR2,TYR_FGFR2_HUMAN,DFGin,BLAminus,ATPlike,5,5,5,5,5,5
2PVYA,2PVY,A,644,671,673,4.15364854101997,30,30,FGFR2,TYR_FGFR2_HUMAN,DFGin,BLAminus,ATPlike,5,5,5,5,5,5
2PVYB,2PVY,B,644,671,673,4.164327647386401,24,30,FGFR2,TYR_FGFR2_HUMAN,DFGin,BLAminus,ATPlike,5,5,5,5,5,5
2PVYC,2PVY,C,644,671,673,4.237943149290624,25,30,FGFR2,TYR_FGFR2_HUMAN,DFGin,BLAminus,ATPlike,5,5,5,5,5,5
2PVYD,2PVY,D,644,671,673,4.1604585652228465,30,30,FGFR2,TYR_FGFR2_HUMAN,DFGin,BLAminus,ATPlike,5,5,5,5,5,5
2PWLA,2PWL,A,644,671,673,4.214601023276032,30,30,FGFR2,TYR_FGFR2_HUMAN,DFGin,BLAminus,ATPlike,5,5,5,5,5,5
2PWLB,2PWL,B,644,671,673,4.247523588009167,30,30,FGFR2,TYR_FGFR2_HUMAN,DFGin,BLAminus,ATPlike,5,5,5,5,5,5
2PY3A,2PY3,A,644,671,673,4.244752863400763,30,30,FGFR2,TYR_FGFR2_HUMAN,DFGin,BLAminus,ATPlike,5,5,5,5,5,5
2PY3B,2PY3,B,644,671,673,4.2857944634740415,30,30,FGFR2,TYR_FGFR2_HUMAN,DFGin,BLAminus,ATPlike,5,5,5,5,5,5
2PZ5A,2PZ5,A,644,671,673,4.236462126352486,30,30,FGFR2,TYR_FGFR2_HUMAN,DFGin,BLAminus,ATPlike,5,5,5,5,5,5
2PZ5B,2PZ5,B,644,671,673,4.270345523626887,30,30,FGFR2,TYR_FGFR2_HUMAN,DFGin,BLAminus,ATPlike,5,5,5,5,5,5
2PZIA,2PZI,A,293,314,316,7.510879663525284,24,24,PKNG,OTHER_PKNG_MYCTU,DFGin,ABAminus,Type1,5,5,5,5,5,5
2PZIB,2PZI,B,293,314,316,7.5662836278446015,23,24,PKNG,OTHER_PKNG_MYCTU,DFGin,ABAminus,Type1,5,5,5,5,5,5
2PZPA,2PZP,A,644,671,673,4.22806219170605,30,30,FGFR2,TYR_FGFR2_HUMAN,DFGin,BLAminus,ATPlike,5,5,5,5,5,5
2PZPB,2PZP,B,644,671,673,4.265321308475134,30,30,FGFR2,TYR_FGFR2_HUMAN,DFGin,BLAminus,ATPlike,5,5,5,5,5,5
2PZRA,2PZR,A,644,671,673,4.234247701597947,30,30,FGFR2,TYR_FGFR2_HUMAN,DFGin,BLAminus,ATPlike,5,5,5,5,5,5
2PZRB,2PZR,B,644,671,673,4.278153244332488,30,30,FGFR2,TYR_FGFR2_HUMAN,DFGin,BLAminus,ATPlike,5,5,5,5,5,5
2PZYD,2PZY,D,207,231,233,8.815356877525861,19,27,MAPKAPK2,CAMK_MAPKAPK2_HUMAN,DFGin,BLAminus,No_ligand,5,5,5,5,5,5
2Q0BA,2Q0B,A,644,671,673,4.2060607906735425,30,30,FGFR2,TYR_FGFR2_HUMAN,DFGin,BLAminus,ATPlike,5,5,5,5,5,5
2Q0BB,2Q0B,B,644,671,673,4.248663732939882,30,30,FGFR2,TYR_FGFR2_HUMAN,DFGin,BLAminus,ATPlike,5,5,5,5,5,5
2Q0NA,2Q0N,A,458,483,485,4.950744602012026,27,28,PAK4,STE_PAK4_HUMAN,DFGin,BLAminus,No_ligand,5,5,5,5,5,5
2QCSA,2QCS,A,184,206,208,4.862420772213178,24,25,PRKACA,AGC_PRKACA_MOUSE,DFGin,BLAminus,ATPlike,5,5,5,5,5,5
2QHMA,2QHM,A,148,175,177,5.14819909412082,30,30,CHEK1,CAMK_CHEK1_HUMAN,DFGin,BLAminus,Type1,5,5,5,5,5,5
2QHNA,2QHN,A,148,175,177,5.16013653614555,30,30,CHEK1,CAMK_CHEK1_HUMAN,DFGin,BLAminus,Type1,5,5,5,5,5,5
2QLUA,2QLU,A,339,366,368,8.840507461112704,30,30,ACVR2B,TKL_ACVR2B_HUMAN,DFGin,BLAminus,Type1,5,5,5,5,5,5
2QNJA,2QNJ,A,196,220,222,4.304024649725952,22,27,MARK3,CAMK_MARK3_HUMAN,None,None,No_ligand,5,5,5,5,5,5
2QNJB,2QNJ,B,196,220,222,4.235146351292635,24,27,MARK3,CAMK_MARK3_HUMAN,None,None,No_ligand,5,5,5,5,5,5
2QOHA,2QOH,A,381,407,409,4.384482912503024,29,29,ABL1,TYR_ABL1_MOUSE,DFGin,BLAminus,Type1,5,5,5,5,5,5
2QOHB,2QOH,B,381,407,409,4.4321489106849805,29,29,ABL1,TYR_ABL1_MOUSE,DFGin,BLAminus,Type1,5,5,5,5,5,5
2QR7A,2QR7,A,561,586,588,8.269027615000066,27,28,RPS6KA3,CAMK_RPS6KA3-2_MOUSE,DFGin,BLAminus,No_ligand,5,5,5,5,5,5
2QR8A,2QR8,A,561,586,588,8.153283596914557,28,28,RPS6KA3,CAMK_RPS6KA3-2_MOUSE,DFGin,BLAminus,No_ligand,5,5,5,5,5,5
2QURA,2QUR,A,184,206,208,4.824650934063152,24,25,PRKACA,AGC_PRKACA_MOUSE,DFGin,BLAminus,No_ligand,5,5,5,5,5,5
2QVSE,2QVS,E,184,206,208,4.8034539154120015,24,25,PRKACA,AGC_PRKACA_MOUSE,DFGin,BLAminus,No_ligand,5,5,5,5,5,5
2R0UA,2R0U,A,148,175,177,5.1641285203301575,30,30,CHEK1,CAMK_CHEK1_HUMAN,DFGin,BLAminus,Type1,5,5,5,5,5,5
2R2PA,2R2P,A,818,846,848,4.478610262830751,29,31,EPHA5,TYR_EPHA5_HUMAN,DFGin,BLAminus,No_ligand,5,5,5,5,5,5
2R3FA,2R3F,A,145,170,172,4.725621440200687,28,28,CDK2,CMGC_CDK2_HUMAN,DFGin,BLBtrans,Type1,5,5,5,5,5,5
2R3GA,2R3G,A,145,170,172,4.717166085160819,28,28,CDK2,CMGC_CDK2_HUMAN,DFGin,BLBtrans,Type1,5,5,5,5,5,5
2R3HA,2R3H,A,145,170,172,4.734364001161607,28,28,CDK2,CMGC_CDK2_HUMAN,DFGin,BLBtrans,Type1,5,5,5,5,5,5
2R3IA,2R3I,A,145,170,172,4.749515008265586,28,28,CDK2,CMGC_CDK2_HUMAN,DFGin,BLBtrans,Type1,5,5,5,5,5,5
2R3OA,2R3O,A,145,170,172,4.741269076497578,28,28,CDK2,CMGC_CDK2_HUMAN,DFGin,BLBtrans,Type1,5,5,5,5,5,5
2R3PA,2R3P,A,145,170,172,4.746561510936137,28,28,CDK2,CMGC_CDK2_HUMAN,DFGin,BLBtrans,Type1,5,5,5,5,5,5
2R3QA,2R3Q,A,145,170,172,4.745795805286903,28,28,CDK2,CMGC_CDK2_HUMAN,DFGin,BLBtrans,Type1,5,5,5,5,5,5
2R3RA,2R3R,A,145,170,172,4.7371498927328615,28,28,CDK2,CMGC_CDK2_HUMAN,None,None,Type1,5,5,5,5,5,5
2R5TA,2R5T,A,240,265,267,4.757726425568039,28,28,SGK1,AGC_SGK1_HUMAN,DFGinter,None,ATPlike,5,5,5,5,5,5
2RKUA,2RKU,A,194,219,221,4.725357846304783,28,28,PLK1,CAMK_PLK1_HUMAN,DFGin,BLAminus,Type1,5,5,5,5,5,5
2SRCA,2SRC,A,404,430,432,4.374043606984602,29,29,SRC,TYR_SRC_HUMAN,DFGin,BLBplus,ATPlike,5,5,5,5,5,5
2UUEA,2UUE,A,145,170,172,4.748592910095838,28,28,CDK2,CMGC_CDK2_HUMAN,DFGin,BLAminus,Type1,5,5,5,5,5,5
2UUEC,2UUE,C,145,170,172,4.762096582311997,28,28,CDK2,CMGC_CDK2_HUMAN,DFGin,BLAminus,Type1,5,5,5,5,5,5
2UV2A,2UV2,A,173,198,200,6.72198250083111,28,28,SLK,STE_SLK_HUMAN,DFGin,BLAminus,Type1,5,5,5,5,5,5
2UVXA,2UVX,A,184,206,208,4.819423701830502,24,25,PRKACA,AGC_PRKACA_BOVIN,DFGin,BLAminus,Type1,5,5,5,5,5,5
2UVYA,2UVY,A,184,206,208,4.802521972678969,24,25,PRKACA,AGC_PRKACA_BOVIN,DFGin,BLAminus,Type1,5,5,5,5,5,5
2UVZA,2UVZ,A,184,206,208,4.795606566721081,24,25,PRKACA,AGC_PRKACA_BOVIN,DFGin,BLAminus,Type1,5,5,5,5,5,5
2UW0A,2UW0,A,184,206,208,4.8056631955192595,24,25,PRKACA,AGC_PRKACA_BOVIN,DFGin,BLAminus,Type1,5,5,5,5,5,5
2UW3A,2UW3,A,184,206,208,4.814687098965648,24,25,PRKACA,AGC_PRKACA_BOVIN,DFGin,BLAminus,Type1,5,5,5,5,5,5
2UW4A,2UW4,A,184,206,208,4.80471836576282,24,25,PRKACA,AGC_PRKACA_BOVIN,DFGin,BLAminus,Type1,5,5,5,5,5,5
2UW5A,2UW5,A,184,206,208,4.814386675723514,24,25,PRKACA,AGC_PRKACA_BOVIN,DFGin,BLAminus,Type1,5,5,5,5,5,5
2UW6A,2UW6,A,184,206,208,4.821273821102761,24,25,PRKACA,AGC_PRKACA_BOVIN,DFGin,BLAminus,Type1,5,5,5,5,5,5
2UW7A,2UW7,A,184,206,208,4.8093356958707725,24,25,PRKACA,AGC_PRKACA_BOVIN,DFGin,BLAminus,Type1,5,5,5,5,5,5
2UW8A,2UW8,A,184,206,208,4.816379399922131,24,25,PRKACA,AGC_PRKACA_BOVIN,DFGin,BLAminus,Type1,5,5,5,5,5,5
2UW9A,2UW9,A,293,318,320,4.897707253872841,27,28,AKT2,AGC_AKT2_HUMAN,DFGin,BLAminus,Type1,5,5,5,5,5,5
2UZBA,2UZB,A,145,170,172,4.719667284443881,27,28,CDK2,CMGC_CDK2_HUMAN,DFGin,BLAminus,Type1,5,5,5,5,5,5
2UZBC,2UZB,C,145,170,172,4.712823382179584,27,28,CDK2,CMGC_CDK2_HUMAN,DFGin,BLAminus,Type1,5,5,5,5,5,5
2UZDA,2UZD,A,145,170,172,4.682315963701777,27,28,CDK2,CMGC_CDK2_HUMAN,DFGin,BLAminus,Type1,5,5,5,5,5,5
2UZDC,2UZD,C,145,170,172,4.696627348298072,27,28,CDK2,CMGC_CDK2_HUMAN,DFGin,BLAminus,Type1,5,5,5,5,5,5
2UZEA,2UZE,A,145,170,172,4.718633659590233,27,28,CDK2,CMGC_CDK2_HUMAN,DFGin,BLAminus,Type1,5,5,5,5,5,5
2UZEC,2UZE,C,145,170,172,4.706223839187463,27,28,CDK2,CMGC_CDK2_HUMAN,DFGin,BLAminus,Type1,5,5,5,5,5,5
2UZLA,2UZL,A,145,170,172,4.730664931193883,27,28,CDK2,CMGC_CDK2_HUMAN,DFGin,BLAminus,Type1,5,5,5,5,5,5
2UZLC,2UZL,C,145,170,172,4.7144429027663595,27,28,CDK2,CMGC_CDK2_HUMAN,DFGin,BLAminus,Type1,5,5,5,5,5,5
2UZOA,2UZO,A,145,170,172,4.747992972325678,28,28,CDK2,CMGC_CDK2_HUMAN,None,None,Type1,5,5,5,5,5,5
2UZTA,2UZT,A,184,206,208,4.857825317164402,25,25,PRKACA,AGC_PRKACA_BOVIN,DFGin,BLAminus,Type1,5,5,5,5,5,5
2UZUE,2UZU,E,184,206,208,4.869465772759827,25,25,PRKACA,AGC_PRKACA_BOVIN,DFGin,BLAminus,Type1,5,5,5,5,5,5
2UZVA,2UZV,A,184,206,208,4.888561141300151,25,25,PRKACA,AGC_PRKACA_BOVIN,DFGin,BLAminus,Type1,5,5,5,5,5,5
2UZWE,2UZW,E,184,206,208,4.858367332126039,25,25,PRKACA,AGC_PRKACA_BOVIN,DFGin,BLAminus,Type1,5,5,5,5,5,5
2V0DA,2V0D,A,145,170,172,4.744509296880009,28,28,CDK2,CMGC_CDK2_HUMAN,DFGin,BLBtrans,Type1,5,5,5,5,5,5
2V22A,2V22,A,145,170,172,4.756930018897272,28,28,CDK2,CMGC_CDK2_HUMAN,DFGin,BLAminus,No_ligand,5,5,5,5,5,5
2V22C,2V22,C,145,170,172,4.777080362728218,28,28,CDK2,CMGC_CDK2_HUMAN,DFGin,BLAminus,No_ligand,5,5,5,5,5,5
2V55A,2V55,A,216,242,244,2.951450868992869,29,29,ROCK1,AGC_ROCK1_HUMAN,DFGin,BLAminus,ATPlike,5,5,5,5,5,5
2V55C,2V55,C,216,242,244,2.956302809916917,29,29,ROCK1,AGC_ROCK1_HUMAN,DFGin,BLAminus,ATPlike,5,5,5,5,5,5
2V5QA,2V5Q,A,194,219,221,4.766268387289604,28,28,PLK1,CAMK_PLK1_HUMAN,DFGin,BLAminus,No_ligand,5,5,5,5,5,5
2V5QB,2V5Q,B,194,219,221,4.6643013101587405,28,28,PLK1,CAMK_PLK1_HUMAN,DFGin,BLAminus,No_ligand,5,5,5,5,5,5
2V7AA,2V7A,A,381,407,409,4.35744567345286,28,29,ABL1,TYR_ABL1_HUMAN,DFGin,BLAminus,Type1,5,5,5,5,5,5
2V7AB,2V7A,B,381,407,409,4.43007446421933,28,29,ABL1,TYR_ABL1_HUMAN,DFGin,BLAminus,Type1,5,5,5,5,5,5
2V7OA,2V7O,A,157,182,184,7.068494509358269,28,28,CAMK2G,CAMK_CAMK2G_HUMAN,DFGin,BLAminus,Type1,5,5,5,5,5,5
2VD5A,2VD5,A,213,239,241,5.002553934083332,29,29,DMPK,AGC_DMPK_HUMAN,DFGin,BLAminus,Type1,5,5,5,5,5,5
2VD5B,2VD5,B,213,239,241,4.379365692606384,29,29,DMPK,AGC_DMPK_HUMAN,DFGin,BLAminus,Type1,5,5,5,5,5,5
2VN9A,2VN9,A,157,182,184,7.104653477665824,28,28,CAMK2D,CAMK_CAMK2D_HUMAN,DFGin,BLAminus,Type1,5,5,5,5,5,5
2VN9B,2VN9,B,157,182,184,7.0868432761585085,28,28,CAMK2D,CAMK_CAMK2D_HUMAN,DFGin,BLAminus,Type1,5,5,5,5,5,5
2VNWA,2VNW,A,184,206,208,4.818715922429347,24,25,PRKACA,AGC_PRKACA_BOVIN,DFGin,BLAminus,Type1,5,5,5,5,5,5
2VNYA,2VNY,A,184,206,208,4.813799223869766,24,25,PRKACA,AGC_PRKACA_BOVIN,DFGin,BLAminus,Type1,5,5,5,5,5,5
2VO0A,2VO0,A,184,206,208,4.808275801089457,24,25,PRKACA,AGC_PRKACA_BOVIN,DFGin,BLAminus,"Type1,Allosteric",5,5,5,5,5,5
2VO3A,2VO3,A,184,206,208,4.806557908609867,24,25,PRKACA,AGC_PRKACA_BOVIN,DFGin,BLAminus,Type1,5,5,5,5,5,5
2VO6A,2VO6,A,184,206,208,4.798532902486036,24,25,PRKACA,AGC_PRKACA_BOVIN,DFGin,BLAminus,Type1,5,5,5,5,5,5
2VO7A,2VO7,A,184,206,208,4.79469835880019,24,25,PRKACA,AGC_PRKACA_BOVIN,DFGin,BLAminus,"Allosteric,Type1",5,5,5,5,5,5
2VTLA,2VTL,A,145,170,172,4.732074344324077,28,28,CDK2,CMGC_CDK2_HUMAN,DFGin,BLBtrans,Type1,5,5,5,5,5,5
2VTMA,2VTM,A,145,170,172,4.749713209171763,28,28,CDK2,CMGC_CDK2_HUMAN,DFGin,BLBtrans,Type1,5,5,5,5,5,5
2VTOA,2VTO,A,145,170,172,4.729151094029934,20,28,CDK2,CMGC_CDK2_HUMAN,DFGin,BLBtrans,Type1,5,5,5,5,5,5
2VTRA,2VTR,A,145,170,172,4.721921247368026,28,28,CDK2,CMGC_CDK2_HUMAN,DFGin,BLBtrans,Type1,5,5,5,5,5,5
2VTSA,2VTS,A,145,170,172,4.752720634817366,20,28,CDK2,CMGC_CDK2_HUMAN,DFGin,BLBtrans,Type1,5,5,5,5,5,5
2VU3A,2VU3,A,145,170,172,4.733431618048986,24,28,CDK2,CMGC_CDK2_HUMAN,DFGin,BLBminus,Type1,5,5,5,5,5,5
2VWIC,2VWI,C,164,194,196,4.765868939889181,28,33,OXSR1,STE_OXSR1_HUMAN,DFGin,BLBtrans,ATPlike,5,5,5,5,5,5
2VWID,2VWI,D,164,194,196,4.752140326800764,24,33,OXSR1,STE_OXSR1_HUMAN,DFGin,BLBtrans,ATPlike,5,5,5,5,5,5
2VWXA,2VWX,A,758,788,790,4.4661551481639465,26,33,EPHB4,TYR_EPHB4_HUMAN,DFGin,BLBminus,Type1,5,5,5,5,5,5
2VWYA,2VWY,A,758,788,790,4.464185795800304,26,33,EPHB4,TYR_EPHB4_HUMAN,DFGin,BLBminus,Type1,5,5,5,5,5,5
2VWZA,2VWZ,A,758,788,790,4.462907982372632,26,33,EPHB4,TYR_EPHB4_HUMAN,DFGin,BLBminus,Type1,5,5,5,5,5,5
2VX0A,2VX0,A,758,788,790,4.461933667986783,25,33,EPHB4,TYR_EPHB4_HUMAN,DFGin,BLBminus,Type1,5,5,5,5,5,5
2VX1A,2VX1,A,758,788,790,4.460891244531564,26,33,EPHB4,TYR_EPHB4_HUMAN,DFGin,BLBminus,Type1,5,5,5,5,5,5
2VX3A,2VX3,A,307,329,331,7.0497205743188225,24,25,DYRK1A,CMGC_DYRK1A_HUMAN,DFGin,BLAminus,Type1,5,5,5,5,5,5
2VX3B,2VX3,B,307,329,331,7.065845899524968,24,25,DYRK1A,CMGC_DYRK1A_HUMAN,DFGin,BLAminus,Type1,5,5,5,5,5,5
2VX3C,2VX3,C,307,329,331,7.075135838061146,24,25,DYRK1A,CMGC_DYRK1A_HUMAN,DFGin,BLAminus,Type1,5,5,5,5,5,5
2VX3D,2VX3,D,307,329,331,7.038650963705106,24,25,DYRK1A,CMGC_DYRK1A_HUMAN,DFGin,BLAminus,Type1,5,5,5,5,5,5
2VZ6A,2VZ6,A,156,181,183,7.123085144557551,28,28,CAMK2A,CAMK_CAMK2A_HUMAN,DFGin,BLAminus,Type1,5,5,5,5,5,5
2VZ6B,2VZ6,B,156,181,183,7.148604936903768,28,28,CAMK2A,CAMK_CAMK2A_HUMAN,DFGin,BLAminus,Type1,5,5,5,5,5,5
2W0JA,2W0J,A,368,392,394,6.960947159039415,25,27,CHEK2,CAMK_CHEK2_HUMAN,DFGin,BLAminus,Type1,5,5,5,5,5,5
2W1IB,2W1I,B,994,1022,1024,4.141577157010151,29,31,JAK2,TYR_JAK2-2_HUMAN,DFGin,BLAminus,No_ligand,5,5,5,5,5,5
2W1IA,2W1I,A,994,1022,1024,4.164932530119766,29,31,JAK2,TYR_JAK2-2_HUMAN,DFGin,BLAminus,Type1,5,5,5,5,5,5
2W4JA,2W4J,A,161,185,187,7.562347007925305,27,27,DAPK1,CAMK_DAPK1_HUMAN,DFGin,BLAminus,ATPlike,5,5,5,5,5,5
2W4KA,2W4K,A,161,185,187,7.659805501134952,27,27,DAPK1,CAMK_DAPK1_HUMAN,DFGin,BLAminus,ATPlike,5,5,5,5,5,5
2W5AA,2W5A,A,159,184,186,6.886267421936904,25,28,NEK2,NEK_NEK2_HUMAN,None,None,ATPlike,5,5,5,5,5,5
2W5BA,2W5B,A,159,184,186,6.922971134597629,28,28,NEK2,NEK_NEK2_HUMAN,DFGinter,None,ATPlike,5,5,5,5,5,5
2W5HA,2W5H,A,159,184,186,6.992112930641731,25,28,NEK2,NEK_NEK2_HUMAN,DFGinter,None,No_ligand,5,5,5,5,5,5
2W7XA,2W7X,A,368,392,394,6.952712085055868,27,27,CHEK2,CAMK_CHEK2_HUMAN,DFGin,BLAminus,Type1,5,5,5,5,5,5
2W96B,2W96,B,158,182,184,5.3356744795698345,27,27,CDK4,CMGC_CDK4_HUMAN,DFGin,BLBplus,No_ligand,5,5,5,5,5,5
2W99B,2W99,B,158,182,184,5.442957171190326,27,27,CDK4,CMGC_CDK4_HUMAN,DFGin,BLBplus,No_ligand,5,5,5,5,5,5
2W9FB,2W9F,B,158,182,184,5.39327405298776,21,27,CDK4,CMGC_CDK4_HUMAN,DFGin,None,No_ligand,5,5,5,5,5,5
2W9ZB,2W9Z,B,158,182,184,5.401285583053632,27,27,CDK4,CMGC_CDK4_HUMAN,DFGin,BLBplus,No_ligand,5,5,5,5,5,5
2WAJA,2WAJ,A,207,231,233,5.448269905701522,24,27,MAPK10,CMGC_MAPK10_HUMAN,DFGin,ABAminus,Type1,5,5,5,5,5,5
2WEIA,2WEI,A,219,243,245,7.440315732633232,27,27,CDPK1,CAMK_CDPK1_CRYPI,None,None,Type1,5,5,5,5,5,5
2WELA,2WEL,A,157,182,184,7.00682442525796,28,28,CAMK2D,CAMK_CAMK2D_HUMAN,DFGin,BLAminus,Type1,5,5,5,5,5,5
2WEVA,2WEV,A,145,170,172,4.734493428757471,28,28,CDK2,CMGC_CDK2_HUMAN,DFGin,BLAminus,Type1,5,5,5,5,5,5
2WEVC,2WEV,C,145,170,172,4.763777548985903,28,28,CDK2,CMGC_CDK2_HUMAN,DFGin,BLAminus,Type1,5,5,5,5,5,5
2WFYA,2WFY,A,145,170,172,4.703244039602521,28,28,CDK2,CMGC_CDK2_HUMAN,DFGin,BLAminus,No_ligand,5,5,5,5,5,5
2WFYC,2WFY,C,145,170,172,4.698539748793608,28,28,CDK2,CMGC_CDK2_HUMAN,DFGin,BLAminus,No_ligand,5,5,5,5,5,5
2WHBA,2WHB,A,145,170,172,4.748750574487439,28,28,CDK2,CMGC_CDK2_HUMAN,DFGin,BLAminus,No_ligand,5,5,5,5,5,5
2WHBC,2WHB,C,145,170,172,4.732025425313542,28,28,CDK2,CMGC_CDK2_HUMAN,DFGin,BLAminus,No_ligand,5,5,5,5,5,5
2WIHA,2WIH,A,145,170,172,4.708117459845406,28,28,CDK2,CMGC_CDK2_HUMAN,DFGin,BLAminus,Type1,5,5,5,5,5,5
2WIHC,2WIH,C,145,170,172,4.71167886856247,28,28,CDK2,CMGC_CDK2_HUMAN,DFGin,BLAminus,Type1,5,5,5,5,5,5
2WIPA,2WIP,A,145,170,172,4.714631485624955,28,28,CDK2,CMGC_CDK2_HUMAN,DFGin,BLAminus,Type1,5,5,5,5,5,5
2WIPC,2WIP,C,145,170,172,4.714649087371878,28,28,CDK2,CMGC_CDK2_HUMAN,DFGin,BLAminus,Type1,5,5,5,5,5,5
2WMAA,2WMA,A,145,170,172,4.748669290728356,27,28,CDK2,CMGC_CDK2_HUMAN,DFGin,BLAminus,No_ligand,5,5,5,5,5,5
2WMAC,2WMA,C,145,170,172,4.766153181547396,27,28,CDK2,CMGC_CDK2_HUMAN,DFGin,BLAminus,No_ligand,5,5,5,5,5,5
2WMBA,2WMB,A,145,170,172,4.7401490772383115,27,28,CDK2,CMGC_CDK2_HUMAN,DFGin,BLAminus,No_ligand,5,5,5,5,5,5
2WMBC,2WMB,C,145,170,172,4.649652347384456,27,28,CDK2,CMGC_CDK2_HUMAN,DFGin,BLAminus,No_ligand,5,5,5,5,5,5
2WMQA,2WMQ,A,148,175,177,5.164375784114052,30,30,CHEK1,CAMK_CHEK1_HUMAN,DFGin,BLAminus,Type1,5,5,5,5,5,5
2WMRA,2WMR,A,148,175,177,5.164993813027766,30,30,CHEK1,CAMK_CHEK1_HUMAN,DFGin,BLAminus,Type1,5,5,5,5,5,5
2WMSA,2WMS,A,148,175,177,5.144924534966006,30,30,CHEK1,CAMK_CHEK1_HUMAN,DFGin,BLAminus,Type1,5,5,5,5,5,5
2WMTA,2WMT,A,148,175,177,5.16032358950571,30,30,CHEK1,CAMK_CHEK1_HUMAN,DFGin,BLAminus,Type1,5,5,5,5,5,5
2WMUA,2WMU,A,148,175,177,5.1634076480190165,30,30,CHEK1,CAMK_CHEK1_HUMAN,DFGin,BLAminus,Type1,5,5,5,5,5,5
2WMVA,2WMV,A,148,175,177,5.123128984864924,30,30,CHEK1,CAMK_CHEK1_HUMAN,DFGin,BLAminus,Type1,5,5,5,5,5,5
2WMWA,2WMW,A,148,175,177,5.135643232441586,30,30,CHEK1,CAMK_CHEK1_HUMAN,DFGin,BLAminus,Type1,5,5,5,5,5,5
2WMXA,2WMX,A,148,175,177,5.129708249586053,30,30,CHEK1,CAMK_CHEK1_HUMAN,DFGin,BLAminus,Type1,5,5,5,5,5,5
2WO6A,2WO6,A,307,329,331,7.057770915614949,24,25,DYRK1A,CMGC_DYRK1A_HUMAN,DFGin,BLAminus,Type1,5,5,5,5,5,5
2WO6B,2WO6,B,307,329,331,7.049376364854027,24,25,DYRK1A,CMGC_DYRK1A_HUMAN,DFGin,BLAminus,Type1,5,5,5,5,5,5
2WOTA,2WOT,A,351,380,382,8.306625703617966,32,32,TGFBR1,TKL_TGFBR1_HUMAN,DFGin,BLAminus,Type1,5,5,5,5,5,5
2WOUA,2WOU,A,351,380,382,8.254912941915117,32,32,TGFBR1,TKL_TGFBR1_HUMAN,DFGin,BLAminus,Type1,5,5,5,5,5,5
2WPAA,2WPA,A,145,170,172,4.703801589806202,28,28,CDK2,CMGC_CDK2_HUMAN,DFGin,BLAminus,Type1,5,5,5,5,5,5
2WPAC,2WPA,C,145,170,172,4.739452202461394,28,28,CDK2,CMGC_CDK2_HUMAN,DFGin,BLAminus,Type1,5,5,5,5,5,5
2WTCA,2WTC,A,368,392,394,6.91820543114832,25,27,CHEK2,CAMK_CHEK2_HUMAN,DFGin,BLAminus,Type1,5,5,5,5,5,5
2WTDA,2WTD,A,368,392,394,6.930042945685035,25,27,CHEK2,CAMK_CHEK2_HUMAN,DFGin,BLAminus,Type1,5,5,5,5,5,5
2WTIA,2WTI,A,368,392,394,6.930347513072774,26,27,CHEK2,CAMK_CHEK2_HUMAN,DFGin,BLAminus,Type1,5,5,5,5,5,5
2WTJA,2WTJ,A,368,392,394,6.960710078453945,26,27,CHEK2,CAMK_CHEK2_HUMAN,DFGin,BLAminus,Type1,5,5,5,5,5,5
2WXVA,2WXV,A,145,170,172,4.716832670636038,28,28,CDK2,CMGC_CDK2_HUMAN,DFGin,BLAminus,Type1,5,5,5,5,5,5
2WXVC,2WXV,C,145,170,172,4.73890136005,28,28,CDK2,CMGC_CDK2_HUMAN,DFGin,BLAminus,Type1,5,5,5,5,5,5
2WZJC,2WZJ,C,193,217,219,4.292906176971012,27,27,MARK2,CAMK_MARK2_RAT,DFGin,BLAminus,No_ligand,5,5,5,5,5,5
2WZJD,2WZJ,D,193,217,219,4.271514841956027,27,27,MARK2,CAMK_MARK2_RAT,DFGin,BLAminus,No_ligand,5,5,5,5,5,5
2WZJA,2WZJ,A,193,217,219,4.294412962168468,27,27,MARK2,CAMK_MARK2_RAT,DFGin,None,No_ligand,5,5,5,5,5,5
2WZJB,2WZJ,B,193,217,219,4.327622113034663,27,27,MARK2,CAMK_MARK2_RAT,DFGin,None,No_ligand,5,5,5,5,5,5
2WZJE,2WZJ,E,193,217,219,4.306503176065152,27,27,MARK2,CAMK_MARK2_RAT,DFGin,None,No_ligand,5,5,5,5,5,5
2WZJF,2WZJ,F,193,217,219,4.295109217621427,27,27,MARK2,CAMK_MARK2_RAT,DFGin,None,No_ligand,5,5,5,5,5,5
2X0GA,2X0G,A,161,185,187,7.702346001195849,27,27,DAPK1,CAMK_DAPK1_HUMAN,DFGin,BLAminus,No_ligand,5,5,5,5,5,5
2X1NA,2X1N,A,145,170,172,4.77722453827584,28,28,CDK2,CMGC_CDK2_HUMAN,DFGin,BLAminus,Type1,5,5,5,5,5,5
2X1NC,2X1N,C,145,170,172,4.780749895653823,28,28,CDK2,CMGC_CDK2_HUMAN,DFGin,BLAminus,Type1,5,5,5,5,5,5
2X39A,2X39,A,293,318,320,4.88931987818075,27,28,AKT2,AGC_AKT2_HUMAN,DFGin,BLAminus,Type1,5,5,5,5,5,5
2X4FA,2X4F,A,247,271,273,6.201364812089823,27,27,MYLK4,CAMK_MYLK4_HUMAN,DFGin,ABAminus,Type1,5,5,5,5,5,5
2X4FB,2X4F,B,247,271,273,6.185659734870928,27,27,MYLK4,CAMK_MYLK4_HUMAN,DFGin,ABAminus,Type1,5,5,5,5,5,5
2X4ZA,2X4Z,A,458,483,485,4.8733944856974585,27,28,PAK4,STE_PAK4_HUMAN,DFGin,BLAminus,Type1,5,5,5,5,5,5
2X7OA,2X7O,A,351,380,382,8.376264435336418,32,32,TGFBR1,TKL_TGFBR1_HUMAN,DFGin,BLAminus,Type1,5,5,5,5,5,5
2X7OB,2X7O,B,351,380,382,8.372889658780133,32,32,TGFBR1,TKL_TGFBR1_HUMAN,DFGin,BLAminus,Type1,5,5,5,5,5,5
2X7OC,2X7O,C,351,380,382,8.367574362127444,32,32,TGFBR1,TKL_TGFBR1_HUMAN,DFGin,BLAminus,Type1.5_Back,5,5,5,5,5,5
2X7OD,2X7O,D,351,380,382,8.379219748396132,32,32,TGFBR1,TKL_TGFBR1_HUMAN,DFGin,BLAminus,Type1.5_Back,5,5,5,5,5,5
2X7OE,2X7O,E,351,380,382,8.37300201261018,32,32,TGFBR1,TKL_TGFBR1_HUMAN,DFGin,BLAminus,Type1.5_Back,5,5,5,5,5,5
2X8DA,2X8D,A,148,175,177,5.148471984064239,30,30,CHEK1,CAMK_CHEK1_HUMAN,DFGin,BLAminus,Type1,5,5,5,5,5,5
2X8EA,2X8E,A,148,175,177,5.1760730069089105,30,30,CHEK1,CAMK_CHEK1_HUMAN,DFGin,BLAminus,Type1,5,5,5,5,5,5
2X8IA,2X8I,A,148,175,177,5.163319321315057,30,30,CHEK1,CAMK_CHEK1_HUMAN,DFGin,BLAminus,Type1,5,5,5,5,5,5
2XA4A,2XA4,A,994,1022,1024,4.136151607158467,25,31,JAK2,TYR_JAK2-2_HUMAN,DFGin,ABAminus,Type1,5,5,5,5,5,5
2XA4B,2XA4,B,994,1022,1024,4.173708635599764,28,31,JAK2,TYR_JAK2-2_HUMAN,DFGin,ABAminus,Type1,5,5,5,5,5,5
2XBJA,2XBJ,A,368,392,394,6.947075465530022,25,27,CHEK2,CAMK_CHEK2_HUMAN,DFGin,BLAminus,Type1,5,5,5,5,5,5
2XCHA,2XCH,A,223,250,252,4.876480958826751,21,30,PDPK1,AGC_PDPK1_HUMAN,DFGin,BLAminus,Type1,5,5,5,5,5,5
2XCKA,2XCK,A,223,250,252,4.881465142142223,21,30,PDPK1,AGC_PDPK1_HUMAN,DFGin,BLAminus,Type1,5,5,5,5,5,5
2XEYA,2XEY,A,148,175,177,5.130019158722261,30,30,CHEK1,CAMK_CHEK1_HUMAN,DFGin,BLAminus,Type1,5,5,5,5,5,5
2XEZA,2XEZ,A,148,175,177,5.146149421071335,30,30,CHEK1,CAMK_CHEK1_HUMAN,DFGin,BLAminus,Type1,5,5,5,5,5,5
2XF0A,2XF0,A,148,175,177,5.149084688469124,30,30,CHEK1,CAMK_CHEK1_HUMAN,DFGin,BLAminus,Type1,5,5,5,5,5,5
2XH5A,2XH5,A,293,318,320,4.8972894336318875,27,28,AKT2,AGC_AKT2_HUMAN,DFGin,BLAminus,Type1,5,5,5,5,5,5
2XIKA,2XIK,A,158,183,185,4.670402846769641,27,28,STK25,STE_STK25_HUMAN,DFGin,BLAminus,Type1,5,5,5,5,5,5
2XIRA,2XIR,A,1046,1073,1075,4.412856331964069,30,30,KDR,TYR_KDR_HUMAN,DFGout,BBAminus,Type1.5_Back,5,5,5,5,5,5
2XK9A,2XK9,A,368,392,394,6.952199647314635,27,27,CHEK2,CAMK_CHEK2_HUMAN,DFGin,BLAminus,Type1,5,5,5,5,5,5
2XM8A,2XM8,A,368,392,394,6.908642775549044,22,27,CHEK2,CAMK_CHEK2_HUMAN,DFGin,BLAminus,Type1,5,5,5,5,5,5
2XM9A,2XM9,A,368,392,394,6.969200283752176,27,27,CHEK2,CAMK_CHEK2_HUMAN,DFGin,BLAminus,Type1,5,5,5,5,5,5
2XMYA,2XMY,A,145,170,172,4.733605103459216,28,28,CDK2,CMGC_CDK2_HUMAN,DFGin,BLBtrans,Type1,5,5,5,5,5,5
2XNBA,2XNB,A,145,170,172,4.749218077019851,28,28,CDK2,CMGC_CDK2_HUMAN,DFGin,BLBplus,Type1,5,5,5,5,5,5
2XUUA,2XUU,A,161,185,187,7.68515748061926,27,27,DAPK1,CAMK_DAPK1_HUMAN,DFGin,BLAminus,ATPlike,5,5,5,5,5,5
2XVDA,2XVD,A,758,788,790,4.3623518460909025,24,33,EPHB4,TYR_EPHB4_HUMAN,DFGin,BLBminus,Type1.5_Back,5,5,5,5,5,5
2XYNA,2XYN,A,427,453,455,4.3898420084539405,29,29,ABL2,TYR_ABL2_HUMAN,DFGin,BLAminus,Type1,5,5,5,5,5,5
2XYNB,2XYN,B,427,453,455,4.39506941424764,29,29,ABL2,TYR_ABL2_HUMAN,DFGin,BLAminus,"Type1,Allosteric,Allosteric",5,5,5,5,5,5
2XYNC,2XYN,C,427,453,455,4.39636600916518,29,29,ABL2,TYR_ABL2_HUMAN,DFGin,BLAminus,"Type1,Allosteric,Allosteric",5,5,5,5,5,5
2XZSA,2XZS,A,161,185,187,7.663846460972553,27,27,DAPK1,CAMK_DAPK1_HUMAN,DFGin,BLAminus,No_ligand,5,5,5,5,5,5
2XZSB,2XZS,B,161,185,187,7.670674440888048,27,27,DAPK1,CAMK_DAPK1_HUMAN,DFGin,BLAminus,No_ligand,5,5,5,5,5,5
2Y0AA,2Y0A,A,161,185,187,7.706320281791308,27,27,DAPK1,CAMK_DAPK1_HUMAN,DFGin,BLAminus,No_ligand,5,5,5,5,5,5
2Y4IC,2Y4I,C,208,231,233,6.66257314400833,26,26,MAP2K1,STE_MAP2K1_RABIT,DFGin,BLBplus,ATPlike,5,5,5,5,5,5
2Y7JA,2Y7J,A,171,195,197,4.4407289828661,27,27,PHKG2,CAMK_PHKG2_HUMAN,DFGin,BLAminus,Type1,5,5,5,5,5,5
2Y7JB,2Y7J,B,171,195,197,4.356883164591261,27,27,PHKG2,CAMK_PHKG2_HUMAN,DFGin,BLAminus,Type1,5,5,5,5,5,5
2Y7JC,2Y7J,C,171,195,197,4.413711370551409,27,27,PHKG2,CAMK_PHKG2_HUMAN,DFGin,BLAminus,Type1,5,5,5,5,5,5
2Y7JD,2Y7J,D,171,195,197,4.3786549346558665,27,27,PHKG2,CAMK_PHKG2_HUMAN,DFGin,BLAminus,Type1,5,5,5,5,5,5
2Y9QA,2Y9Q,A,167,195,197,4.668291405795676,31,31,MAPK1,CMGC_MAPK1_HUMAN,DFGin,BLAminus,ATPlike,5,5,5,5,5,5
2YA9A,2YA9,A,161,185,187,7.638375394377314,27,27,DAPK2,CAMK_DAPK2_MOUSE,DFGin,BLAminus,Allosteric,5,5,5,5,5,5
2YA9B,2YA9,B,161,185,187,7.660764425320145,27,27,DAPK2,CAMK_DAPK2_MOUSE,DFGin,BLAminus,Allosteric,5,5,5,5,5,5
2YAAA,2YAA,A,161,185,187,7.631522041912697,27,27,DAPK2,CAMK_DAPK2_MOUSE,DFGin,BLAminus,ATPlike,5,5,5,5,5,5
2YAAB,2YAA,B,161,185,187,7.643417197859446,27,27,DAPK2,CAMK_DAPK2_MOUSE,DFGin,BLAminus,ATPlike,5,5,5,5,5,5
2YABA,2YAB,A,161,185,187,7.597467535605267,27,27,DAPK2,CAMK_DAPK2_MOUSE,DFGin,BLAminus,ATPlike,5,5,5,5,5,5
2YABB,2YAB,B,161,185,187,7.639243708207922,27,27,DAPK2,CAMK_DAPK2_MOUSE,DFGin,BLAminus,ATPlike,5,5,5,5,5,5
2YACA,2YAC,A,194,219,221,4.71085267543293,28,28,PLK1,CAMK_PLK1_HUMAN,DFGin,BLAminus,Type1,5,5,5,5,5,5
2YAKA,2YAK,A,161,185,187,7.59246092760342,27,27,DAPK1,CAMK_DAPK1_HUMAN,DFGin,BLAminus,Type1,5,5,5,5,5,5
2YCFA,2YCF,A,368,392,394,6.964611454639264,27,27,CHEK2,CAMK_CHEK2_HUMAN,DFGin,BLAminus,Type1,5,5,5,5,5,5
2YCQA,2YCQ,A,368,392,394,6.951185403221261,27,27,CHEK2,CAMK_CHEK2_HUMAN,DFGin,BLAminus,Type1,5,5,5,5,5,5
2YCRA,2YCR,A,368,392,394,6.9501270132449555,27,27,CHEK2,CAMK_CHEK2_HUMAN,DFGin,BLAminus,Type1,5,5,5,5,5,5
2YCSA,2YCS,A,368,392,394,6.969294319788123,25,27,CHEK2,CAMK_CHEK2_HUMAN,DFGin,BLAminus,Type1,5,5,5,5,5,5
2YDIA,2YDI,A,148,175,177,5.145397682296502,30,30,CHEK1,CAMK_CHEK1_HUMAN,DFGin,BLAminus,Type1,5,5,5,5,5,5
2YDJA,2YDJ,A,148,175,177,5.130657627265229,29,30,CHEK1,CAMK_CHEK1_HUMAN,DFGin,BLAminus,Type1,5,5,5,5,5,5
2YDJB,2YDJ,B,148,175,177,5.182766052574386,29,30,CHEK1,CAMK_CHEK1_HUMAN,DFGin,BLAminus,Type1,5,5,5,5,5,5
2YDKA,2YDK,A,148,175,177,5.182635980445019,30,30,CHEK1,CAMK_CHEK1_HUMAN,DFGin,BLAminus,Type1,5,5,5,5,5,5
2YERA,2YER,A,148,175,177,5.18501271944779,30,30,CHEK1,CAMK_CHEK1_HUMAN,DFGin,BLAminus,Type1,5,5,5,5,5,5
2YEXA,2YEX,A,148,175,177,5.1667884118354825,30,30,CHEK1,CAMK_CHEK1_HUMAN,DFGin,BLAminus,Type1,5,5,5,5,5,5
2YIQA,2YIQ,A,368,392,394,6.972022073759742,27,27,CHEK2,CAMK_CHEK2_HUMAN,DFGin,BLAminus,Type1,5,5,5,5,5,5
2YIRA,2YIR,A,368,392,394,6.957508425265196,27,27,CHEK2,CAMK_CHEK2_HUMAN,DFGin,BLAminus,Type1,5,5,5,5,5,5
2YITA,2YIT,A,368,392,394,6.969416192702319,27,27,CHEK2,CAMK_CHEK2_HUMAN,DFGin,BLAminus,Type1.5_Back,5,5,5,5,5,5
2YIXA,2YIX,A,168,190,192,4.589711969903869,25,25,MAPK14,CMGC_MAPK14_HUMAN,DFGin,BLBplus,Type1,5,5,5,5,5,5
2YM3A,2YM3,A,148,175,177,5.136074418248344,30,30,CHEK1,CAMK_CHEK1_HUMAN,DFGin,BLAminus,Type1,5,5,5,5,5,5
2YM4A,2YM4,A,148,175,177,5.125529409109877,30,30,CHEK1,CAMK_CHEK1_HUMAN,DFGin,BLAminus,Type1,5,5,5,5,5,5
2YM5A,2YM5,A,148,175,177,5.137707742019871,30,30,CHEK1,CAMK_CHEK1_HUMAN,DFGin,BLAminus,Type1,5,5,5,5,5,5
2YM6A,2YM6,A,148,175,177,5.137233449446126,30,30,CHEK1,CAMK_CHEK1_HUMAN,DFGin,BLAminus,Type1,5,5,5,5,5,5
2YM7A,2YM7,A,148,175,177,5.135009296192854,30,30,CHEK1,CAMK_CHEK1_HUMAN,DFGin,BLAminus,"Type1,Type1",5,5,5,5,5,5
2YM8A,2YM8,A,148,175,177,5.143229617781373,30,30,CHEK1,CAMK_CHEK1_HUMAN,DFGin,BLAminus,Type1,5,5,5,5,5,5
2YWPA,2YWP,A,148,175,177,5.160726677254901,30,30,CHEK1,CAMK_CHEK1_HUMAN,DFGin,BLAminus,Type1,5,5,5,5,5,5
2Z60A,2Z60,A,381,407,409,4.375073927795742,29,29,ABL1,TYR_ABL1_MOUSE,DFGin,BLAminus,Type1,5,5,5,5,5,5
2Z7LA,2Z7L,A,167,195,197,4.807400409920101,31,31,MAPK1,CMGC_MAPK1_RAT,DFGin,BLAminus,Type1,5,5,5,5,5,5
2Z8CA,2Z8C,A,1150,1177,1179,4.50688408456315,27,30,INSR,TYR_INSR_HUMAN,DFGin,BLAminus,Type1,5,5,5,5,5,5
2ZAZA,2ZAZ,A,168,190,192,4.633679571420764,25,25,MAPK14,CMGC_MAPK14_HUMAN,DFGin,BLBplus,Type1,5,5,5,5,5,5
2ZB0A,2ZB0,A,168,190,192,4.656533423134976,25,25,MAPK14,CMGC_MAPK14_HUMAN,DFGin,BLBminus,Type1,5,5,5,5,5,5
2ZB1A,2ZB1,A,168,190,192,4.634677889926179,23,25,MAPK14,CMGC_MAPK14_HUMAN,DFGin,BLBminus,Type1.5_Back,5,5,5,5,5,5
2ZDTA,2ZDT,A,207,231,233,5.455153929610258,22,27,MAPK10,CMGC_MAPK10_HUMAN,DFGin,ABAminus,Type1,5,5,5,5,5,5
2ZM1A,2ZM1,A,382,408,410,4.431917683814374,28,29,LCK,TYR_LCK_HUMAN,DFGin,BLAminus,Type1,5,5,5,5,5,5
2ZM3A,2ZM3,A,1153,1180,1182,4.479499181227066,27,30,IGF1R,TYR_IGF1R_HUMAN,DFGin,ABAminus,Type1,5,5,5,5,5,5
2ZM3B,2ZM3,B,1153,1180,1182,4.498068100692463,27,30,IGF1R,TYR_IGF1R_HUMAN,DFGin,ABAminus,Type1,5,5,5,5,5,5
2ZM3C,2ZM3,C,1153,1180,1182,4.515922699369154,27,30,IGF1R,TYR_IGF1R_HUMAN,DFGin,ABAminus,Type1,5,5,5,5,5,5
2ZM3D,2ZM3,D,1153,1180,1182,4.500441076440664,27,30,IGF1R,TYR_IGF1R_HUMAN,DFGin,ABAminus,Type1,5,5,5,5,5,5
2ZM4A,2ZM4,A,382,408,410,4.419228232697814,28,29,LCK,TYR_LCK_HUMAN,DFGin,BLAminus,Type1,5,5,5,5,5,5
2ZOQA,2ZOQ,A,184,212,214,4.784348622306681,30,31,MAPK3,CMGC_MAPK3_HUMAN,DFGin,BLAminus,Type1,5,5,5,5,5,5
2ZOQB,2ZOQ,B,184,212,214,4.761337427753593,30,31,MAPK3,CMGC_MAPK3_HUMAN,DFGin,BLAminus,Type1,5,5,5,5,5,5
2ZV2A,2ZV2,A,331,356,358,2.7457123116463023,28,28,CAMKK2,CAMK_CAMKK2_HUMAN,DFGin,BLAminus,Type1,5,5,5,5,5,5
2ZV7A,2ZV7,A,385,411,413,4.359283295071258,22,29,LYN,TYR_LYN_MOUSE,DFGin,BLAminus,No_ligand,5,5,5,5,5,5
2ZV8A,2ZV8,A,385,411,413,4.3486551910578495,22,29,LYN,TYR_LYN_MOUSE,DFGin,BLAminus,ATPlike,5,5,5,5,5,5
2ZV9A,2ZV9,A,385,411,413,4.349320589463172,21,29,LYN,TYR_LYN_MOUSE,DFGin,BLAminus,Type1,5,5,5,5,5,5
2ZVAA,2ZVA,A,385,411,413,4.3684113120891,25,29,LYN,TYR_LYN_MOUSE,DFGin,BLAminus,Type1.5_Back,5,5,5,5,5,5
2ZYBA,2ZYB,A,382,408,410,4.458151804711304,28,29,LCK,TYR_LCK_HUMAN,DFGin,BLAminus,Type1,5,5,5,5,5,5
3A7FA,3A7F,A,162,187,189,4.698585957044117,21,28,STK24,STE_STK24_HUMAN,DFGin,BLAminus,No_ligand,5,5,5,5,5,5
3A7GA,3A7G,A,162,187,189,4.720075206940742,27,28,STK24,STE_STK24_HUMAN,DFGin,BLAminus,No_ligand,5,5,5,5,5,5
3A7GB,3A7G,B,162,187,189,4.680574103342162,27,28,STK24,STE_STK24_HUMAN,DFGin,BLAminus,No_ligand,5,5,5,5,5,5
3A7HA,3A7H,A,162,187,189,4.720401882337879,27,28,STK24,STE_STK24_HUMAN,DFGin,BLAminus,ATPlike,5,5,5,5,5,5
3A7HB,3A7H,B,162,187,189,4.681302334162132,27,28,STK24,STE_STK24_HUMAN,DFGin,BLAminus,ATPlike,5,5,5,5,5,5
3A7IA,3A7I,A,162,187,189,4.692044942771241,27,28,STK24,STE_STK24_HUMAN,DFGin,BLAminus,Type1,5,5,5,5,5,5
3A7JA,3A7J,A,162,187,189,4.679630035714017,27,28,STK24,STE_STK24_HUMAN,DFGin,BLAminus,ATPlike,5,5,5,5,5,5
3A8WA,3A8W,A,387,412,414,4.1890036221609535,27,28,PRKCI,AGC_PRKCI_HUMAN,DFGin,BLAminus,ATPlike,5,5,5,5,5,5
3A8WB,3A8W,B,387,412,414,4.21816155271663,24,28,PRKCI,AGC_PRKCI_HUMAN,DFGin,BLAminus,ATPlike,5,5,5,5,5,5
3A8XA,3A8X,A,387,412,414,4.276605168920772,27,28,PRKCI,AGC_PRKCI_HUMAN,DFGin,BLAminus,No_ligand,5,5,5,5,5,5
3A8XB,3A8X,B,387,412,414,4.2347160197493245,27,28,PRKCI,AGC_PRKCI_HUMAN,DFGin,BLAminus,No_ligand,5,5,5,5,5,5
3AC1A,3AC1,A,382,408,410,4.420948773319457,28,29,LCK,TYR_LCK_HUMAN,DFGin,BLAminus,Type1,5,5,5,5,5,5
3AC2A,3AC2,A,382,408,410,4.411770240073848,28,29,LCK,TYR_LCK_HUMAN,DFGin,BLAminus,Type1,5,5,5,5,5,5
3AC3A,3AC3,A,382,408,410,4.403684266641141,28,29,LCK,TYR_LCK_HUMAN,DFGin,BLAminus,Type1,5,5,5,5,5,5
3AC4A,3AC4,A,382,408,410,4.409608247830428,28,29,LCK,TYR_LCK_HUMAN,DFGin,BLAminus,Type1,5,5,5,5,5,5
3AC5A,3AC5,A,382,408,410,4.406690246105875,28,29,LCK,TYR_LCK_HUMAN,DFGin,BLAminus,Type1,5,5,5,5,5,5
3AC8A,3AC8,A,382,408,410,4.4290718339890365,28,29,LCK,TYR_LCK_HUMAN,DFGin,BLAminus,Type1,5,5,5,5,5,5
3ACJA,3ACJ,A,382,408,410,4.425901610012426,28,29,LCK,TYR_LCK_HUMAN,DFGin,BLAminus,Type1,5,5,5,5,5,5
3ACKA,3ACK,A,382,408,410,4.408573775290934,28,29,LCK,TYR_LCK_HUMAN,DFGin,BLAminus,Type1,5,5,5,5,5,5
3AD4A,3AD4,A,382,408,410,4.419725766904925,28,29,LCK,TYR_LCK_HUMAN,DFGin,BLAminus,Type1,5,5,5,5,5,5
3AD5A,3AD5,A,382,408,410,4.418797747179867,28,29,LCK,TYR_LCK_HUMAN,DFGin,BLAminus,Type1,5,5,5,5,5,5
3AD6A,3AD6,A,382,408,410,4.410557552436614,28,29,LCK,TYR_LCK_HUMAN,DFGin,BLAminus,Type1,5,5,5,5,5,5
3AG9A,3AG9,A,184,206,208,4.838535507846293,24,25,PRKACA,AGC_PRKACA_BOVIN,DFGin,BLAminus,No_ligand,5,5,5,5,5,5
3AG9B,3AG9,B,184,206,208,4.839626222897255,24,25,PRKACA,AGC_PRKACA_BOVIN,DFGin,BLAminus,Type1,5,5,5,5,5,5
3AGLA,3AGL,A,184,206,208,4.859807315975291,24,25,PRKACA,AGC_PRKACA_HUMAN,DFGin,BLAminus,Type1,5,5,5,5,5,5
3AGLB,3AGL,B,184,206,208,4.912074005373391,24,25,PRKACA,AGC_PRKACA_HUMAN,DFGin,BLAminus,Type1,5,5,5,5,5,5
3AGMA,3AGM,A,184,206,208,4.857295437636709,24,25,PRKACA,AGC_PRKACA_HUMAN,DFGin,BLAminus,No_ligand,5,5,5,5,5,5
3ALOA,3ALO,A,247,271,273,4.965808828685546,27,27,MAP2K4,STE_MAP2K4_HUMAN,DFGin,BLBplus,ATPlike,5,5,5,5,5,5
3AMAA,3AMA,A,184,206,208,4.809908048686127,24,25,PRKACA,AGC_PRKACA_HUMAN,DFGin,BLAminus,Type1,5,5,5,5,5,5
3AMBA,3AMB,A,184,206,208,4.826409753727578,24,25,PRKACA,AGC_PRKACA_HUMAN,DFGin,ABAminus,Type1,5,5,5,5,5,5
3ANQA,3ANQ,A,307,329,331,7.0451519657303985,24,25,DYRK1A,CMGC_DYRK1A_HUMAN,DFGin,BLAminus,Type1,5,5,5,5,5,5
3ANQB,3ANQ,B,307,329,331,7.047482580454582,24,25,DYRK1A,CMGC_DYRK1A_HUMAN,DFGin,BLAminus,Type1,5,5,5,5,5,5
3ANQC,3ANQ,C,307,329,331,7.066642571426447,24,25,DYRK1A,CMGC_DYRK1A_HUMAN,DFGin,BLAminus,Type1,5,5,5,5,5,5
3ANQD,3ANQ,D,307,329,331,7.099476828539968,24,25,DYRK1A,CMGC_DYRK1A_HUMAN,DFGin,BLAminus,Type1,5,5,5,5,5,5
3ANRA,3ANR,A,307,329,331,7.0569387966968185,24,25,DYRK1A,CMGC_DYRK1A_HUMAN,DFGin,BLAminus,Type1,5,5,5,5,5,5
3ANRB,3ANR,B,307,329,331,7.0586806150271,24,25,DYRK1A,CMGC_DYRK1A_HUMAN,DFGin,BLAminus,Type1,5,5,5,5,5,5
3ANRC,3ANR,C,307,329,331,7.119150477445223,24,25,DYRK1A,CMGC_DYRK1A_HUMAN,DFGin,BLAminus,Type1,5,5,5,5,5,5
3ANRD,3ANR,D,307,329,331,7.089149404566207,24,25,DYRK1A,CMGC_DYRK1A_HUMAN,DFGin,BLAminus,Type1,5,5,5,5,5,5
3AQVA,3AQV,A,157,181,183,4.579629450310315,21,27,PRKAA2,CAMK_PRKAA2_HUMAN,None,None,Type1,5,5,5,5,5,5
3B2TA,3B2T,A,644,671,673,4.069199263352038,30,30,FGFR2,TYR_FGFR2_HUMAN,DFGin,BLAminus,Type1,5,5,5,5,5,5
3B2TB,3B2T,B,644,671,673,4.0620289539038055,30,30,FGFR2,TYR_FGFR2_HUMAN,DFGin,BLAminus,Type1,5,5,5,5,5,5
3B2WA,3B2W,A,382,408,410,4.258406632026737,27,29,LCK,TYR_LCK_HUMAN,DFGin,BLBminus,Type1,5,5,5,5,5,5
3BEAA,3BEA,A,796,823,825,4.321423205961198,30,30,CSF1R,TYR_CSF1R_HUMAN,DFGout,BBAminus,Type1,5,5,5,5,5,5
3BHHC,3BHH,C,157,182,184,7.076660365002178,28,28,CAMK2B,CAMK_CAMK2B_HUMAN,DFGin,BLAminus,No_ligand,5,5,5,5,5,5
3BHHD,3BHH,D,157,182,184,7.075130515861104,28,28,CAMK2B,CAMK_CAMK2B_HUMAN,DFGin,BLAminus,No_ligand,5,5,5,5,5,5
3BHHA,3BHH,A,157,182,184,7.0660739237245345,28,28,CAMK2B,CAMK_CAMK2B_HUMAN,DFGin,BLAminus,Type1,5,5,5,5,5,5
3BHHB,3BHH,B,157,182,184,7.0638323400280045,28,28,CAMK2B,CAMK_CAMK2B_HUMAN,DFGin,BLAminus,Type1,5,5,5,5,5,5
3BHTA,3BHT,A,145,170,172,4.734488182738588,27,28,CDK2,CMGC_CDK2_HUMAN,DFGin,BLAminus,Type1,5,5,5,5,5,5
3BHTC,3BHT,C,145,170,172,4.640773574373897,27,28,CDK2,CMGC_CDK2_HUMAN,DFGin,BLAminus,Type1,5,5,5,5,5,5
3BHUA,3BHU,A,145,170,172,4.736119527869318,27,28,CDK2,CMGC_CDK2_HUMAN,DFGin,BLAminus,Type1,5,5,5,5,5,5
3BHUC,3BHU,C,145,170,172,4.653150006723526,27,28,CDK2,CMGC_CDK2_HUMAN,DFGin,BLAminus,Type1.5_Back,5,5,5,5,5,5
3BHVA,3BHV,A,145,170,172,4.741946913275127,27,28,CDK2,CMGC_CDK2_HUMAN,DFGin,BLAminus,Type1,5,5,5,5,5,5
3BHVC,3BHV,C,145,170,172,4.627244177429449,27,28,CDK2,CMGC_CDK2_HUMAN,DFGin,BLAminus,Type1,5,5,5,5,5,5
3BHYA,3BHY,A,161,185,187,7.697300533716743,19,27,DAPK3,CAMK_DAPK3_HUMAN,DFGin,BLAminus,Type1,5,5,5,5,5,5
3BKBA,3BKB,A,701,728,730,4.435118215710922,30,30,FES,TYR_FES_HUMAN,DFGin,BLAminus,Type1,5,5,5,5,5,5
3BQRA,3BQR,A,161,185,187,8.289435182059835,24,27,DAPK3,CAMK_DAPK3_HUMAN,DFGin,BLAminus,Type1,5,5,5,5,5,5
3BU3A,3BU3,A,1150,1177,1179,4.563692463367994,27,30,INSR,TYR_INSR_HUMAN,DFGin,BLAminus,No_ligand,5,5,5,5,5,5
3BU5A,3BU5,A,1150,1177,1179,4.583602424058841,27,30,INSR,TYR_INSR_HUMAN,DFGin,BLAminus,ATPlike,5,5,5,5,5,5
3BU6A,3BU6,A,1150,1177,1179,4.607586667104234,27,30,INSR,TYR_INSR_HUMAN,DFGin,ABAminus,No_ligand,5,5,5,5,5,5
3BWJA,3BWJ,A,184,206,208,4.810537709681177,24,25,PRKACA,AGC_PRKACA_BOVIN,DFGin,BLAminus,"Type1,Allosteric",5,5,5,5,5,5
3BYMA,3BYM,A,382,408,410,4.418203457265984,28,29,LCK,TYR_LCK_HUMAN,DFGin,BLAminus,Type1.5_Back,5,5,5,5,5,5
3BYOA,3BYO,A,382,408,410,4.382257761211222,28,29,LCK,TYR_LCK_HUMAN,DFGin,BLAminus,Type1,5,5,5,5,5,5
3C4FA,3C4F,A,641,668,670,4.392237211764701,30,30,FGFR1,TYR_FGFR1_HUMAN,DFGin,BLAplus,Type1.5_Back,5,5,5,5,5,5
3C4FB,3C4F,B,641,668,670,4.41267576682048,30,30,FGFR1,TYR_FGFR1_HUMAN,DFGin,BLAplus,Type1.5_Back,5,5,5,5,5,5
3C4WA,3C4W,A,332,357,359,4.244655797814209,28,28,GRK1,AGC_GRK1_BOVIN,DFGin,BLAminus,ATPlike,5,5,5,5,5,5
3C4WB,3C4W,B,332,357,359,4.2514976824009505,28,28,GRK1,AGC_GRK1_BOVIN,DFGin,BLAminus,ATPlike,5,5,5,5,5,5
3C4XA,3C4X,A,332,357,359,4.253755300019967,28,28,GRK1,AGC_GRK1_BOVIN,DFGin,BLAminus,ATPlike,5,5,5,5,5,5
3C4XB,3C4X,B,332,357,359,4.272781673068917,28,28,GRK1,AGC_GRK1_BOVIN,DFGin,BLAminus,ATPlike,5,5,5,5,5,5
3C4YA,3C4Y,A,332,357,359,4.394158224409449,28,28,GRK1,AGC_GRK1_BOVIN,DFGin,BLAminus,No_ligand,5,5,5,5,5,5
3C4YB,3C4Y,B,332,357,359,4.378539802223795,28,28,GRK1,AGC_GRK1_BOVIN,DFGinter,None,No_ligand,5,5,5,5,5,5
3C4ZA,3C4Z,A,332,357,359,4.296210957405613,28,28,GRK1,AGC_GRK1_BOVIN,DFGin,BLAminus,ATPlike,5,5,5,5,5,5
3C50A,3C50,A,332,357,359,4.313751980489796,28,28,GRK1,AGC_GRK1_BOVIN,DFGin,BLAminus,ATPlike,5,5,5,5,5,5
3C50B,3C50,B,332,357,359,4.29018654328867,28,28,GRK1,AGC_GRK1_BOVIN,DFGin,BLAminus,ATPlike,5,5,5,5,5,5
3C51A,3C51,A,332,357,359,4.287911798839662,28,28,GRK1,AGC_GRK1_BOVIN,DFGin,BLAminus,ATPlike,5,5,5,5,5,5
3C51B,3C51,B,332,357,359,4.295425832847266,28,28,GRK1,AGC_GRK1_BOVIN,DFGin,BLAminus,ATPlike,5,5,5,5,5,5
3CBLA,3CBL,A,701,728,730,4.394240055788894,30,30,FES,TYR_FES_HUMAN,DFGin,BLAminus,"Type1,Allosteric,Allosteric",5,5,5,5,5,5
3CD3A,3CD3,A,701,728,730,4.379708842172279,29,30,FES,TYR_FES_HUMAN,DFGin,BLAminus,"Type1,Allosteric,Allosteric",5,5,5,5,5,5
3CGFA,3CGF,A,207,231,233,5.4317316231383925,22,27,MAPK10,CMGC_MAPK10_HUMAN,DFGin,ABAminus,Type1,5,5,5,5,5,5
3CGOA,3CGO,A,207,231,233,5.406724977807646,22,27,MAPK10,CMGC_MAPK10_HUMAN,DFGin,ABAminus,Type1,5,5,5,5,5,5
3CIKA,3CIK,A,335,358,360,3.9582058450203594,26,26,GRK2,AGC_GRK2_HUMAN,DFGin,None,No_ligand,5,5,5,5,5,5
3CKXA,3CKX,A,147,172,174,4.685599685119794,27,28,STK24,STE_STK24_HUMAN,DFGin,BLAminus,Type1,5,5,5,5,5,5
3CLYA,3CLY,A,1644,1671,1673,4.116382451221832,28,30,FGFR2,TYR_FGFR2_HUMAN,DFGin,BLAminus,ATPlike,5,5,5,5,5,5
3COMA,3COM,A,167,192,194,4.883223974365873,26,28,STK4,STE_STK4_HUMAN,DFGin,BLAminus,No_ligand,5,5,5,5,5,5
3COMB,3COM,B,167,192,194,4.869697583260704,26,28,STK4,STE_STK4_HUMAN,DFGin,BLAminus,No_ligand,5,5,5,5,5,5
3CQUA,3CQU,A,292,317,319,5.267749717425784,27,28,AKT1,AGC_AKT1_HUMAN,DFGin,BLAminus,Type1,5,5,5,5,5,5
3CQWA,3CQW,A,292,317,319,5.261771524752207,27,28,AKT1,AGC_AKT1_HUMAN,DFGin,BLAminus,Type1,5,5,5,5,5,5
3CS9A,3CS9,A,381,407,409,4.438340752119365,29,29,ABL1,TYR_ABL1_HUMAN,DFGout,BBAminus,Type2,5,5,5,5,5,5
3CS9D,3CS9,D,381,407,409,4.386951842938316,29,29,ABL1,TYR_ABL1_HUMAN,DFGout,BBAminus,Type2,5,5,5,5,5,5
3D0EA,3D0E,A,293,318,320,4.886134398589211,27,28,AKT2,AGC_AKT2_HUMAN,DFGin,BLAminus,Type1.5_Back,5,5,5,5,5,5
3D0EB,3D0E,B,293,318,320,4.885956360569575,27,28,AKT2,AGC_AKT2_HUMAN,DFGin,BLAminus,Type1.5_Back,5,5,5,5,5,5
3D5UA,3D5U,A,180,205,207,4.640817655983882,28,28,PLK1,CAMK_PLK1_DANRE,DFGin,BLAminus,No_ligand,5,5,5,5,5,5
3D5WA,3D5W,A,180,205,207,4.6414872717891305,27,28,PLK1,CAMK_PLK1_DANRE,DFGin,BLAminus,ATPlike,5,5,5,5,5,5
3D5XA,3D5X,A,180,205,207,4.648481104873174,21,28,PLK1,CAMK_PLK1_DANRE,DFGin,BLAminus,Type1,5,5,5,5,5,5
3D7UA,3D7U,A,332,354,356,4.227426076789746,19,25,CSK,TYR_CSK_HUMAN,DFGin,BLAminus,No_ligand,5,5,5,5,5,5
3D7UC,3D7U,C,332,354,356,4.227400825629078,19,25,CSK,TYR_CSK_HUMAN,DFGin,BLAminus,No_ligand,5,5,5,5,5,5
3D7ZA,3D7Z,A,168,190,192,4.596347700486161,25,25,MAPK14,CMGC_MAPK14_HUMAN,DFGin,BLBplus,Type1,5,5,5,5,5,5
3D83A,3D83,A,168,190,192,4.642565589642547,25,25,MAPK14,CMGC_MAPK14_HUMAN,DFGout,BBAminus,Type2,5,5,5,5,5,5
3D94A,3D94,A,1123,1150,1152,4.572889958528297,30,30,IGF1R,TYR_IGF1R_HUMAN,DFGin,None,Type1.5_Front,5,5,5,5,5,5
3D9VA,3D9V,A,216,242,244,2.7910207548916155,29,29,ROCK1,AGC_ROCK1_HUMAN,DFGin,BLAminus,Type1,5,5,5,5,5,5
3D9VB,3D9V,B,216,242,244,2.8986216840404935,29,29,ROCK1,AGC_ROCK1_HUMAN,DFGin,BLAminus,Type1,5,5,5,5,5,5
3DAKC,3DAK,C,164,194,196,4.683071045700262,25,33,OXSR1,STE_OXSR1_HUMAN,DFGin,BLBtrans,ATPlike,5,5,5,5,5,5
3DAKD,3DAK,D,164,194,196,4.702584663510911,28,33,OXSR1,STE_OXSR1_HUMAN,DFGin,BLBtrans,ATPlike,5,5,5,5,5,5
3DB6A,3DB6,A,180,205,207,4.637102244730566,28,28,PLK1,CAMK_PLK1_DANRE,DFGin,BLAminus,Type1.5_Front,5,5,5,5,5,5
3DBEA,3DBE,A,180,205,207,4.6120718523242195,25,28,PLK1,CAMK_PLK1_DANRE,DFGin,BLAminus,Type1,5,5,5,5,5,5
3DDPA,3DDP,A,145,170,172,4.69085288505987,27,28,CDK2,CMGC_CDK2_HUMAN,DFGin,BLAminus,Type1,5,5,5,5,5,5
3DDPC,3DDP,C,145,170,172,4.676446301609798,27,28,CDK2,CMGC_CDK2_HUMAN,DFGin,BLAminus,Type1,5,5,5,5,5,5
3DDQA,3DDQ,A,145,170,172,4.734949594823157,27,28,CDK2,CMGC_CDK2_HUMAN,DFGin,BLAminus,Type1,5,5,5,5,5,5
3DDQC,3DDQ,C,145,170,172,4.643307357747859,27,28,CDK2,CMGC_CDK2_HUMAN,DFGin,BLAminus,Type1,5,5,5,5,5,5
3DFAA,3DFA,A,150,174,176,7.447119838282136,27,27,CDPK1,CAMK_CDPK1_CRYPI,DFGin,BLBtrans,No_ligand,5,5,5,5,5,5
3DFCB,3DFC,B,161,185,187,7.627661622507144,27,27,DAPK1,CAMK_DAPK1_HUMAN,DFGin,BLAminus,ATPlike,5,5,5,5,5,5
3DGKA,3DGK,A,161,185,187,7.598859547464684,27,27,DAPK1,CAMK_DAPK1_HUMAN,DFGin,BLAminus,No_ligand,5,5,5,5,5,5
3DK3A,3DK3,A,381,407,409,4.312743920278132,29,29,ABL1,TYR_ABL1_MOUSE,DFGinter,None,Type1,5,5,5,5,5,5
3DK3B,3DK3,B,381,407,409,4.4077811328611425,29,29,ABL1,TYR_ABL1_MOUSE,DFGinter,None,Type1,5,5,5,5,5,5
3DK6A,3DK6,A,381,407,409,4.342682011679673,28,29,ABL1,TYR_ABL1_MOUSE,DFGinter,None,Type1,5,5,5,5,5,5
3DK6B,3DK6,B,381,407,409,4.503419139228205,28,29,ABL1,TYR_ABL1_MOUSE,DFGinter,None,Type1,5,5,5,5,5,5
3DK7A,3DK7,A,381,407,409,4.308771946929313,28,29,ABL1,TYR_ABL1_MOUSE,DFGinter,None,Type1,5,5,5,5,5,5
3DK7B,3DK7,B,381,407,409,4.391806083784494,28,29,ABL1,TYR_ABL1_MOUSE,None,None,Type1,5,5,5,5,5,5
3DLSA,3DLS,A,1146,1170,1172,5.331817424687218,27,27,PASK,CAMK_PASK_HUMAN,DFGin,BLAminus,ATPlike,5,5,5,5,5,5
3DLSB,3DLS,B,1146,1170,1172,5.321809013315482,27,27,PASK,CAMK_PASK_HUMAN,DFGin,BLAminus,ATPlike,5,5,5,5,5,5
3DLSC,3DLS,C,1146,1170,1172,5.3107657036479585,27,27,PASK,CAMK_PASK_HUMAN,DFGin,BLAminus,ATPlike,5,5,5,5,5,5
3DLSD,3DLS,D,1146,1170,1172,5.388042094230827,27,27,PASK,CAMK_PASK_HUMAN,DFGin,BLAminus,ATPlike,5,5,5,5,5,5
3DLSE,3DLS,E,1146,1170,1172,5.369276175831359,27,27,PASK,CAMK_PASK_HUMAN,DFGin,BLAminus,ATPlike,5,5,5,5,5,5
3DLSF,3DLS,F,1146,1170,1172,5.406337236513151,27,27,PASK,CAMK_PASK_HUMAN,DFGin,BLAminus,ATPlike,5,5,5,5,5,5
3DNDA,3DND,A,184,206,208,4.836713750422991,24,25,PRKACA,AGC_PRKACA_BOVIN,DFGin,BLAminus,Type1,5,5,5,5,5,5
3DNEA,3DNE,A,184,206,208,4.8240394678536775,24,25,PRKACA,AGC_PRKACA_BOVIN,DFGin,BLAminus,Type1,5,5,5,5,5,5
3DOGA,3DOG,A,145,170,172,4.73648550579376,27,28,CDK2,CMGC_CDK2_HUMAN,DFGin,BLAminus,Type1,5,5,5,5,5,5
3DOGC,3DOG,C,145,170,172,4.663117929229013,27,28,CDK2,CMGC_CDK2_HUMAN,DFGin,BLAminus,Type1,5,5,5,5,5,5
3DPKA,3DPK,A,796,823,825,4.379521157958629,26,30,CSF1R,TYR_CSF1R_HUMAN,DFGout,BBAminus,Type1.5_Back,5,5,5,5,5,5
3DQWA,3DQW,A,404,430,432,4.478145108437981,28,29,SRC,TYR_SRC_CHICK,DFGin,BLAminus,ATPlike,5,5,5,5,5,5
3DQWB,3DQW,B,404,430,432,4.458419164956739,28,29,SRC,TYR_SRC_CHICK,DFGin,BLAminus,ATPlike,5,5,5,5,5,5
3DQWC,3DQW,C,404,430,432,4.396506841948428,28,29,SRC,TYR_SRC_CHICK,DFGin,BLAminus,ATPlike,5,5,5,5,5,5
3DQWD,3DQW,D,404,430,432,4.352462528727059,28,29,SRC,TYR_SRC_CHICK,DFGin,BLAminus,ATPlike,5,5,5,5,5,5
3DQXA,3DQX,A,404,430,432,4.455120182114644,21,29,SRC,TYR_SRC_CHICK,DFGin,BLAminus,ATPlike,5,5,5,5,5,5
3DQXB,3DQX,B,404,430,432,4.459362712477558,22,29,SRC,TYR_SRC_CHICK,DFGin,BLAminus,ATPlike,5,5,5,5,5,5
3DS6A,3DS6,A,168,190,192,4.56741907542388,19,25,MAPK14,CMGC_MAPK14_HUMAN,DFGin,BLBplus,Type1,5,5,5,5,5,5
3DS6B,3DS6,B,168,190,192,4.644251958403676,19,25,MAPK14,CMGC_MAPK14_HUMAN,DFGin,BLBplus,Type1,5,5,5,5,5,5
3DS6C,3DS6,C,168,190,192,4.5704097822629945,25,25,MAPK14,CMGC_MAPK14_HUMAN,DFGin,BLBplus,Type1,5,5,5,5,5,5
3DS6D,3DS6,D,168,190,192,4.543848561563554,25,25,MAPK14,CMGC_MAPK14_HUMAN,DFGin,BLBplus,Type1,5,5,5,5,5,5
3DT1A,3DT1,A,168,190,192,4.686339797893571,25,25,MAPK14,CMGC_MAPK14_HUMAN,DFGin,BLBplus,Type1,5,5,5,5,5,5
3DU8A,3DU8,A,200,224,226,5.531484879888229,27,27,GSK3B,CMGC_GSK3B_HUMAN,DFGin,BLAminus,Type1,5,5,5,5,5,5
3DU8B,3DU8,B,200,224,226,5.534308881582552,27,27,GSK3B,CMGC_GSK3B_HUMAN,DFGin,BLAminus,Type1,5,5,5,5,5,5
3DV3A,3DV3,A,208,231,233,6.718560039269969,23,26,MAP2K1,STE_MAP2K1_HUMAN,DFGin,BLBplus,"ATPlike,Type3",5,5,5,5,5,5
3DXNA,3DXN,A,167,191,193,7.55443545642729,20,27,CDPK3,CAMK_CDPK3_TOXGO,DFGin,BLBplus,No_ligand,5,5,5,5,5,5
3DY7A,3DY7,A,208,231,233,4.995312614765866,23,26,MAP2K1,STE_MAP2K1_HUMAN,DFGin,BLBplus,"ATPlike,Type3",5,5,5,5,5,5
3E3PA,3E3P,A,170,194,196,5.9116185907563485,27,27,GSK3,CMGC_GSK3_LEIMA,DFGin,BLAminus,No_ligand,5,5,5,5,5,5
3E3PB,3E3P,B,170,194,196,5.966496849197939,27,27,GSK3,CMGC_GSK3_LEIMA,DFGin,BLAminus,No_ligand,5,5,5,5,5,5
3E62A,3E62,A,994,1022,1024,4.147595655328958,29,31,JAK2,TYR_JAK2-2_HUMAN,DFGin,ABAminus,Type1,5,5,5,5,5,5
3E63A,3E63,A,994,1022,1024,4.169842017926778,29,31,JAK2,TYR_JAK2-2_HUMAN,DFGin,ABAminus,Type1,5,5,5,5,5,5
3E64A,3E64,A,994,1022,1024,4.166210188203349,29,31,JAK2,TYR_JAK2-2_HUMAN,DFGin,ABAminus,Type1,5,5,5,5,5,5
3E7OA,3E7O,A,169,193,195,5.188828329769014,27,27,MAPK9,CMGC_MAPK9_HUMAN,DFGin,ABAminus,Type1,5,5,5,5,5,5
3E87A,3E87,A,293,318,320,4.870921162516096,27,28,AKT2,AGC_AKT2_HUMAN,DFGin,BLAminus,Type1,5,5,5,5,5,5
3E87B,3E87,B,293,318,320,4.870706681497549,27,28,AKT2,AGC_AKT2_HUMAN,DFGin,BLAminus,Type1,5,5,5,5,5,5
3E88A,3E88,A,293,318,320,4.863345033896507,27,28,AKT2,AGC_AKT2_HUMAN,DFGin,BLAminus,Type1.5_Back,5,5,5,5,5,5
3E88B,3E88,B,293,318,320,4.865003344763563,27,28,AKT2,AGC_AKT2_HUMAN,DFGin,BLAminus,Type1.5_Back,5,5,5,5,5,5
3E8CA,3E8C,A,184,206,208,4.869567678647881,24,25,PRKACA,AGC_PRKACA_BOVIN,DFGin,BLAminus,Type1.5_Back,5,5,5,5,5,5
3E8CB,3E8C,B,184,206,208,4.869103901727287,24,25,PRKACA,AGC_PRKACA_BOVIN,DFGin,BLAminus,Type1.5_Back,5,5,5,5,5,5
3E8CC,3E8C,C,184,206,208,4.87063891146049,24,25,PRKACA,AGC_PRKACA_BOVIN,DFGin,BLAminus,Type1.5_Back,5,5,5,5,5,5
3E8CD,3E8C,D,184,206,208,4.870151194574614,24,25,PRKACA,AGC_PRKACA_BOVIN,DFGin,BLAminus,Type1.5_Back,5,5,5,5,5,5
3E8CE,3E8C,E,184,206,208,4.871475374295593,24,25,PRKACA,AGC_PRKACA_BOVIN,DFGin,BLAminus,Type1.5_Back,5,5,5,5,5,5
3E8CF,3E8C,F,184,206,208,4.870865384287658,24,25,PRKACA,AGC_PRKACA_BOVIN,DFGin,BLAminus,Type1.5_Back,5,5,5,5,5,5
3E8DA,3E8D,A,293,318,320,4.873702087715887,27,28,AKT2,AGC_AKT2_HUMAN,DFGin,BLAminus,Type1.5_Back,5,5,5,5,5,5
3E8DB,3E8D,B,293,318,320,4.873815626803032,27,28,AKT2,AGC_AKT2_HUMAN,DFGin,BLAminus,Type1.5_Back,5,5,5,5,5,5
3E8EA,3E8E,A,184,206,208,4.845283838660394,24,25,PRKACA,AGC_PRKACA_BOVIN,DFGin,BLAminus,Type1.5_Back,5,5,5,5,5,5
3E8EB,3E8E,B,184,206,208,4.829297916435567,24,25,PRKACA,AGC_PRKACA_BOVIN,DFGin,BLAminus,Type1.5_Back,5,5,5,5,5,5
3E8EE,3E8E,E,184,206,208,4.8509231527361045,24,25,PRKACA,AGC_PRKACA_BOVIN,DFGin,BLAminus,Type1.5_Back,5,5,5,5,5,5
3E8EI,3E8E,I,184,206,208,4.844292082679192,24,25,PRKACA,AGC_PRKACA_BOVIN,DFGin,BLAminus,Type1.5_Back,5,5,5,5,5,5
3E8EL,3E8E,L,184,206,208,4.861518376088026,24,25,PRKACA,AGC_PRKACA_BOVIN,DFGin,BLAminus,Type1.5_Back,5,5,5,5,5,5
3E8EP,3E8E,P,184,206,208,4.862948993310858,24,25,PRKACA,AGC_PRKACA_BOVIN,DFGin,BLAminus,Type1.5_Back,5,5,5,5,5,5
3E8NA,3E8N,A,208,231,233,6.702237948404611,25,26,MAP2K1,STE_MAP2K1_HUMAN,DFGin,BLBplus,"ATPlike,Type3",5,5,5,5,5,5
3E92A,3E92,A,168,190,192,4.606140313346603,24,25,MAPK14,CMGC_MAPK14_HUMAN,DFGin,BLBplus,Type1,5,5,5,5,5,5
3E93A,3E93,A,168,190,192,4.643368713063489,22,25,MAPK14,CMGC_MAPK14_HUMAN,DFGout,BBAminus,Type2,5,5,5,5,5,5
3EB0A,3EB0,A,185,209,211,5.693033468721526,26,27,GSK,CMGC_GSK_CRYPI,DFGin,BLAminus,Type1,5,5,5,5,5,5
3EB0C,3EB0,C,185,209,211,5.678842181790045,26,27,GSK,CMGC_GSK_CRYPI,DFGin,BLAminus,Type1,5,5,5,5,5,5
3EH9A,3EH9,A,161,185,187,7.644582225649621,27,27,DAPK1,CAMK_DAPK1_HUMAN,DFGin,BLAminus,ATPlike,5,5,5,5,5,5
3EHAA,3EHA,A,161,185,187,7.628169096502313,27,27,DAPK1,CAMK_DAPK1_HUMAN,DFGin,BLAminus,ATPlike,5,5,5,5,5,5
3EIDC,3EID,C,145,170,172,4.7336691786236305,26,28,CDK2,CMGC_CDK2_HUMAN,DFGin,BLAminus,No_ligand,5,5,5,5,5,5
3EIDA,3EID,A,145,170,172,4.687901184948678,26,28,CDK2,CMGC_CDK2_HUMAN,DFGin,BLAminus,Type1,5,5,5,5,5,5
3EJ1A,3EJ1,A,145,170,172,4.724060225408963,28,28,CDK2,CMGC_CDK2_HUMAN,DFGin,BLAminus,Type1,5,5,5,5,5,5
3EJ1C,3EJ1,C,145,170,172,4.758702392666791,28,28,CDK2,CMGC_CDK2_HUMAN,DFGin,BLAminus,Type1,5,5,5,5,5,5
3EKNA,3EKN,A,1150,1177,1179,4.637718141861319,27,30,INSR,TYR_INSR_HUMAN,DFGin,None,Type1,5,5,5,5,5,5
3ELJA,3ELJ,A,169,193,195,5.455216943152708,21,27,MAPK8,CMGC_MAPK8_HUMAN,DFGin,ABAminus,Type1,5,5,5,5,5,5
3EMGA,3EMG,A,512,540,542,4.612596762567081,27,31,SYK,TYR_SYK_HUMAN,DFGin,BLAminus,Type1,5,5,5,5,5,5
3EOCA,3EOC,A,145,170,172,4.690459095293559,28,28,CDK2,CMGC_CDK2_HUMAN,DFGin,BLAminus,Type1,5,5,5,5,5,5
3EOCC,3EOC,C,145,170,172,4.723326127525018,28,28,CDK2,CMGC_CDK2_HUMAN,DFGin,BLAminus,Type1,5,5,5,5,5,5
3EQBA,3EQB,A,208,231,233,6.650683330865695,23,26,MAP2K1,STE_MAP2K1_HUMAN,DFGin,BLBplus,"ATPlike,Type3",5,5,5,5,5,5
3EQCA,3EQC,A,208,231,233,6.7456427847891085,23,26,MAP2K1,STE_MAP2K1_HUMAN,DFGin,BLBplus,"Type3,ATPlike",5,5,5,5,5,5
3EQDA,3EQD,A,208,231,233,6.773680866834539,26,26,MAP2K1,STE_MAP2K1_HUMAN,DFGin,BLBplus,ATPlike,5,5,5,5,5,5
3EQFA,3EQF,A,208,231,233,6.796363310176679,26,26,MAP2K1,STE_MAP2K1_HUMAN,DFGin,BLBplus,Type1,5,5,5,5,5,5
3EQGA,3EQG,A,208,231,233,6.752126969897862,26,26,MAP2K1,STE_MAP2K1_HUMAN,DFGin,BLBplus,"ATPlike,Type3",5,5,5,5,5,5
3EQHA,3EQH,A,208,231,233,6.756615253765416,26,26,MAP2K1,STE_MAP2K1_HUMAN,DFGin,BLBplus,"Type3,ATPlike",5,5,5,5,5,5
3EQIA,3EQI,A,208,231,233,6.752108407528476,26,26,MAP2K1,STE_MAP2K1_HUMAN,DFGin,BLBplus,ATPlike,5,5,5,5,5,5
3EQPA,3EQP,A,270,298,300,4.763734628081419,31,31,TNK2,TYR_TNK2_HUMAN,DFGin,BLAminus,Type1,5,5,5,5,5,5
3EQPB,3EQP,B,270,298,300,4.748383520448076,31,31,TNK2,TYR_TNK2_HUMAN,DFGin,BLAminus,Type1,5,5,5,5,5,5
3EQRA,3EQR,A,270,298,300,4.760908283522927,31,31,TNK2,TYR_TNK2_HUMAN,DFGin,ABAminus,Type1.5_Back,5,5,5,5,5,5
3EQRB,3EQR,B,270,298,300,4.78334377284746,28,31,TNK2,TYR_TNK2_HUMAN,DFGin,ABAminus,Type1.5_Back,5,5,5,5,5,5
3ERKA,3ERK,A,165,193,195,4.753089589015932,31,31,MAPK1,CMGC_MAPK1_RAT,DFGin,BLAminus,Type1,5,5,5,5,5,5
3ETAA,3ETA,A,1150,1177,1179,4.594504212508296,29,30,INSR,TYR_INSR_HUMAN,DFGout,BBAminus,Type2,5,5,5,5,5,5
3ETAB,3ETA,B,1150,1177,1179,4.52672026247247,28,30,INSR,TYR_INSR_HUMAN,DFGout,BBAminus,Type2,5,5,5,5,5,5
3EWHA,3EWH,A,1046,1073,1075,4.451038955917686,21,30,KDR,TYR_KDR_HUMAN,DFGout,BBAminus,Type2,5,5,5,5,5,5
3EYGA,3EYG,A,1021,1049,1051,4.198081925852923,29,31,JAK1,TYR_JAK1-2_HUMAN,DFGin,ABAminus,Type1,5,5,5,5,5,5
3EYHA,3EYH,A,1021,1049,1051,4.195029249945526,29,31,JAK1,TYR_JAK1-2_HUMAN,DFGin,ABAminus,Type1,5,5,5,5,5,5
3F5GA,3F5G,A,161,185,187,7.627398781182618,27,27,DAPK1,CAMK_DAPK1_HUMAN,DFGin,BLAminus,ATPlike,5,5,5,5,5,5
3F5PA,3F5P,A,1153,1180,1182,4.491015990071304,27,30,IGF1R,TYR_IGF1R_HUMAN,DFGin,ABAminus,Type1.5_Front,5,5,5,5,5,5
3F5PB,3F5P,B,1153,1180,1182,4.491992224745564,27,30,IGF1R,TYR_IGF1R_HUMAN,DFGin,ABAminus,Type1.5_Front,5,5,5,5,5,5
3F5PC,3F5P,C,1153,1180,1182,4.493568589321906,27,30,IGF1R,TYR_IGF1R_HUMAN,DFGin,ABAminus,Type1.5_Front,5,5,5,5,5,5
3F5PD,3F5P,D,1153,1180,1182,4.500744077185629,27,30,IGF1R,TYR_IGF1R_HUMAN,DFGin,ABAminus,Type1.5_Front,5,5,5,5,5,5
3F5PE,3F5P,E,1153,1180,1182,4.500225199143264,27,30,IGF1R,TYR_IGF1R_HUMAN,DFGin,ABAminus,Type1.5_Front,5,5,5,5,5,5
3F5PF,3F5P,F,1153,1180,1182,4.494006118114572,27,30,IGF1R,TYR_IGF1R_HUMAN,DFGin,ABAminus,Type1.5_Front,5,5,5,5,5,5
3F5PG,3F5P,G,1153,1180,1182,4.487873729659894,27,30,IGF1R,TYR_IGF1R_HUMAN,DFGin,ABAminus,Type1.5_Front,5,5,5,5,5,5
3F5PH,3F5P,H,1153,1180,1182,4.490987376218567,27,30,IGF1R,TYR_IGF1R_HUMAN,DFGin,ABAminus,Type1.5_Front,5,5,5,5,5,5
3F5PI,3F5P,I,1153,1180,1182,4.487864383024228,27,30,IGF1R,TYR_IGF1R_HUMAN,DFGin,ABAminus,Type1.5_Front,5,5,5,5,5,5
3F5PJ,3F5P,J,1153,1180,1182,4.499574705359333,27,30,IGF1R,TYR_IGF1R_HUMAN,DFGin,ABAminus,Type1.5_Front,5,5,5,5,5,5
3F5PK,3F5P,K,1153,1180,1182,4.496216403523056,27,30,IGF1R,TYR_IGF1R_HUMAN,DFGin,ABAminus,Type1.5_Front,5,5,5,5,5,5
3F5PL,3F5P,L,1153,1180,1182,4.494118390466606,27,30,IGF1R,TYR_IGF1R_HUMAN,DFGin,ABAminus,Type1.5_Front,5,5,5,5,5,5
3F5PM,3F5P,M,1153,1180,1182,4.470888840594332,27,30,IGF1R,TYR_IGF1R_HUMAN,DFGin,ABAminus,Type1.5_Front,5,5,5,5,5,5
3F5PR,3F5P,R,1153,1180,1182,4.476573133698303,27,30,IGF1R,TYR_IGF1R_HUMAN,DFGin,ABAminus,Type1.5_Front,5,5,5,5,5,5
3F5PS,3F5P,S,1153,1180,1182,4.479340679248513,27,30,IGF1R,TYR_IGF1R_HUMAN,DFGin,ABAminus,Type1.5_Front,5,5,5,5,5,5
3F5PT,3F5P,T,1153,1180,1182,4.474994990589708,27,30,IGF1R,TYR_IGF1R_HUMAN,DFGin,ABAminus,Type1.5_Front,5,5,5,5,5,5
3F5UA,3F5U,A,161,185,187,7.624124519293277,27,27,DAPK1,CAMK_DAPK1_HUMAN,DFGin,BLAminus,ATPlike,5,5,5,5,5,5
3F5XA,3F5X,A,145,170,172,4.711794005023325,28,28,CDK2,CMGC_CDK2_HUMAN,DFGin,BLAminus,Type1.5_Back,5,5,5,5,5,5
3F5XC,3F5X,C,145,170,172,4.711842456230749,28,28,CDK2,CMGC_CDK2_HUMAN,DFGin,BLAminus,Type1.5_Back,5,5,5,5,5,5
3F69B,3F69,B,156,184,186,5.026002850818715,27,31,PKNB,OTHER_PKNB_MYCTU,None,None,Type1,5,5,5,5,5,5
3F7ZA,3F7Z,A,200,224,226,5.492676505075783,26,27,GSK3B,CMGC_GSK3B_HUMAN,DFGin,BLAminus,Type1,5,5,5,5,5,5
3F7ZB,3F7Z,B,200,224,226,5.452989790534006,26,27,GSK3B,CMGC_GSK3B_HUMAN,DFGin,BLAminus,Type1,5,5,5,5,5,5
3F88A,3F88,A,200,224,226,5.473726756170131,26,27,GSK3B,CMGC_GSK3B_HUMAN,DFGin,BLAminus,Type1,5,5,5,5,5,5
3F88B,3F88,B,200,224,226,5.465288704514412,26,27,GSK3B,CMGC_GSK3B_HUMAN,DFGin,BLAminus,Type1,5,5,5,5,5,5
3F9NA,3F9N,A,148,175,177,5.118296409677753,30,30,CHEK1,CAMK_CHEK1_HUMAN,DFGin,BLAminus,Allosteric,5,5,5,5,5,5
3FAAA,3FAA,A,351,380,382,8.173942324571483,30,32,TGFBR1,TKL_TGFBR1_HUMAN,DFGin,BLAminus,Type1,5,5,5,5,5,5
3FAAB,3FAA,B,351,380,382,7.901868170738901,29,32,TGFBR1,TKL_TGFBR1_HUMAN,DFGin,BLAminus,Type1,5,5,5,5,5,5
3FAAC,3FAA,C,351,380,382,8.229321518876365,32,32,TGFBR1,TKL_TGFBR1_HUMAN,DFGin,BLAminus,Type1,5,5,5,5,5,5
3FAAD,3FAA,D,351,380,382,8.341674365729604,32,32,TGFBR1,TKL_TGFBR1_HUMAN,DFGin,BLAminus,Type1,5,5,5,5,5,5
3FAAE,3FAA,E,351,380,382,8.278952159613413,32,32,TGFBR1,TKL_TGFBR1_HUMAN,DFGin,BLAminus,Type1,5,5,5,5,5,5
3FC2A,3FC2,A,194,219,221,4.708314733258553,28,28,PLK1,CAMK_PLK1_HUMAN,DFGin,BLAminus,Type1,5,5,5,5,5,5
3FE3A,3FE3,A,196,220,222,4.31419889710833,27,27,MARK3,CAMK_MARK3_HUMAN,None,None,No_ligand,5,5,5,5,5,5
3FE3B,3FE3,B,196,220,222,4.3306743019175595,27,27,MARK3,CAMK_MARK3_HUMAN,None,None,No_ligand,5,5,5,5,5,5
3FHIA,3FHI,A,184,206,208,4.8733995699253745,24,25,PRKACA,AGC_PRKACA_MOUSE,DFGin,BLAminus,ATPlike,5,5,5,5,5,5
3FI4A,3FI4,A,168,190,192,4.650126833649888,22,25,MAPK14,CMGC_MAPK14_HUMAN,DFGin,BLBplus,Type1,5,5,5,5,5,5
3FJQE,3FJQ,E,184,206,208,4.816898952344447,24,25,PRKACA,AGC_PRKACA_MOUSE,DFGin,BLAminus,ATPlike,5,5,5,5,5,5
3FKLA,3FKL,A,168,190,192,4.625481391356248,20,25,MAPK14,CMGC_MAPK14_HUMAN,DFGin,BLBplus,Type1,5,5,5,5,5,5
3FKNA,3FKN,A,168,190,192,4.618496747051352,22,25,MAPK14,CMGC_MAPK14_HUMAN,DFGin,BLBplus,Type1,5,5,5,5,5,5
3FKOA,3FKO,A,168,190,192,4.644762606215652,22,25,MAPK14,CMGC_MAPK14_HUMAN,DFGin,BLBplus,Type1,5,5,5,5,5,5
3FL4A,3FL4,A,168,190,192,4.64059245253694,21,25,MAPK14,CMGC_MAPK14_HUMAN,DFGin,BLBplus,Type1,5,5,5,5,5,5
3FLNC,3FLN,C,168,190,192,4.633759195104379,22,25,MAPK14,CMGC_MAPK14_HUMAN,DFGin,BLBplus,Type1,5,5,5,5,5,5
3FLQA,3FLQ,A,168,190,192,4.6418527829449,25,25,MAPK14,CMGC_MAPK14_HUMAN,DFGin,BLBminus,Type1,5,5,5,5,5,5
3FLSA,3FLS,A,168,190,192,4.601521872554343,23,25,MAPK14,CMGC_MAPK14_HUMAN,DFGin,BLBplus,Type1,5,5,5,5,5,5
3FLWA,3FLW,A,168,190,192,4.6243634516075245,22,25,MAPK14,CMGC_MAPK14_HUMAN,DFGin,BLBplus,Type1,5,5,5,5,5,5
3FLYA,3FLY,A,168,190,192,4.629483906161735,23,25,MAPK14,CMGC_MAPK14_HUMAN,DFGin,BLBplus,Type1,5,5,5,5,5,5
3FLZA,3FLZ,A,168,190,192,4.628844499052029,23,25,MAPK14,CMGC_MAPK14_HUMAN,DFGin,BLBplus,Type1,5,5,5,5,5,5
3FMHA,3FMH,A,168,190,192,4.608540754325617,23,25,MAPK14,CMGC_MAPK14_HUMAN,DFGin,BLBplus,Type1,5,5,5,5,5,5
3FMJA,3FMJ,A,168,190,192,4.617642378423225,23,25,MAPK14,CMGC_MAPK14_HUMAN,DFGin,BLBminus,Type1,5,5,5,5,5,5
3FMKA,3FMK,A,168,190,192,4.616282778140065,22,25,MAPK14,CMGC_MAPK14_HUMAN,DFGin,BLBplus,Type1,5,5,5,5,5,5
3FMMA,3FMM,A,168,190,192,4.611777093305134,22,25,MAPK14,CMGC_MAPK14_HUMAN,DFGin,BLBplus,Type1,5,5,5,5,5,5
3FMNA,3FMN,A,168,190,192,4.598456892105398,21,25,MAPK14,CMGC_MAPK14_HUMAN,DFGin,BLBplus,Type1,5,5,5,5,5,5
3FQEA,3FQE,A,512,540,542,4.569659738089253,28,31,SYK,TYR_SYK_HUMAN,DFGin,BLAminus,Type1,5,5,5,5,5,5
3FQHA,3FQH,A,512,540,542,4.602729991681095,31,31,SYK,TYR_SYK_HUMAN,DFGin,BLAminus,Type1,5,5,5,5,5,5
3FQHB,3FQH,B,512,540,542,4.6021961950511105,27,31,SYK,TYR_SYK_HUMAN,DFGin,BLAminus,Type1,5,5,5,5,5,5
3FQSA,3FQS,A,512,540,542,4.540583140387101,27,31,SYK,TYR_SYK_HUMAN,DFGin,BLAminus,Type1,5,5,5,5,5,5
3FSFA,3FSF,A,168,190,192,4.6543180475157175,22,25,MAPK14,CMGC_MAPK14_HUMAN,DFGin,BLBminus,Type1,5,5,5,5,5,5
3FUPA,3FUP,A,994,1022,1024,4.194783809861134,29,31,JAK2,TYR_JAK2-2_HUMAN,DFGin,ABAminus,Type1,5,5,5,5,5,5
3FUPB,3FUP,B,994,1022,1024,4.169064543275105,29,31,JAK2,TYR_JAK2-2_HUMAN,DFGin,ABAminus,Type1,5,5,5,5,5,5
3FXXA,3FXX,A,764,792,794,4.419667588323092,22,31,EPHA3,TYR_EPHA3_HUMAN,DFGin,BLAminus,ATPlike,5,5,5,5,5,5
3FXZA,3FXZ,A,407,432,434,4.877000715600737,27,28,PAK1,STE_PAK1_HUMAN,DFGin,BLAminus,Type1,5,5,5,5,5,5
3FY0A,3FY0,A,407,432,434,4.903843934284122,27,28,PAK1,STE_PAK1_HUMAN,DFGin,BLAminus,Type1,5,5,5,5,5,5
3FZ1A,3FZ1,A,145,170,172,4.737071431010047,21,28,CDK2,CMGC_CDK2_HUMAN,DFGin,BLBtrans,Type1,5,5,5,5,5,5
3G0EA,3G0E,A,810,837,839,4.351032999309849,30,30,KIT,TYR_KIT_HUMAN,DFGout,None,Type1,5,5,5,5,5,5
3G0FA,3G0F,A,810,837,839,4.410659778534377,30,30,KIT,TYR_KIT_HUMAN,DFGout,BBAminus,Type1,5,5,5,5,5,5
3G0FB,3G0F,B,810,837,839,4.439845896222617,30,30,KIT,TYR_KIT_HUMAN,DFGout,BBAminus,Type1,5,5,5,5,5,5
3G2FA,3G2F,A,351,384,386,8.869898204024416,27,36,BMPR2,TKL_BMPR2_HUMAN,DFGin,BLAminus,ATPlike,5,5,5,5,5,5
3G33A,3G33,A,163,187,189,5.2602614739382965,27,27,CDK4,CMGC_CDK4_HUMAN,DFGin,BLAplus,No_ligand,5,5,5,5,5,5
3G33C,3G33,C,163,187,189,5.266781954273051,27,27,CDK4,CMGC_CDK4_HUMAN,DFGin,BLAplus,No_ligand,5,5,5,5,5,5
3G90X,3G90,X,207,231,233,5.433721111572998,22,27,MAPK10,CMGC_MAPK10_HUMAN,DFGin,ABAminus,Type1,5,5,5,5,5,5
3G9NA,3G9N,A,163,187,189,5.408565195458536,22,27,MAPK10,CMGC_MAPK10_HUMAN,DFGin,ABAminus,Type1,5,5,5,5,5,5
3GB2A,3GB2,A,200,224,226,5.513509557645961,26,27,GSK3B,CMGC_GSK3B_HUMAN,DFGin,BLAminus,Type1,5,5,5,5,5,5
3GC7A,3GC7,A,168,190,192,4.596531807255485,25,25,MAPK14,CMGC_MAPK14_HUMAN,DFGin,BLBplus,Type1,5,5,5,5,5,5
3GC8A,3GC8,A,168,190,192,4.4565328998409335,25,25,MAPK11,CMGC_MAPK11_HUMAN,DFGin,ABAminus,Type1,5,5,5,5,5,5
3GC8B,3GC8,B,168,190,192,4.444994080207,25,25,MAPK11,CMGC_MAPK11_HUMAN,DFGin,ABAminus,Type1,5,5,5,5,5,5
3GFEA,3GFE,A,168,190,192,4.654438876646242,25,25,MAPK14,CMGC_MAPK14_HUMAN,DFGin,BLBplus,Type1,5,5,5,5,5,5
3GP0A,3GP0,A,168,190,192,4.4245077495195275,18,25,MAPK11,CMGC_MAPK11_HUMAN,DFGout,BBAminus,Type2,5,5,5,5,5,5
3GQIA,3GQI,A,641,668,670,4.238621757877131,28,30,FGFR1,TYR_FGFR1_HUMAN,DFGin,BLAminus,ATPlike,5,5,5,5,5,5
3GU4A,3GU4,A,161,185,187,7.602036816140006,27,27,DAPK1,CAMK_DAPK1_HUMAN,DFGin,BLAminus,ATPlike,5,5,5,5,5,5
3GU5A,3GU5,A,161,185,187,7.577842329886554,27,27,DAPK1,CAMK_DAPK1_HUMAN,DFGin,BLAminus,ATPlike,5,5,5,5,5,5
3GU6A,3GU6,A,161,185,187,7.598629737266573,27,27,DAPK1,CAMK_DAPK1_HUMAN,DFGin,BLAminus,ATPlike,5,5,5,5,5,5
3GU7A,3GU7,A,161,185,187,7.635302307670706,27,27,DAPK1,CAMK_DAPK1_HUMAN,DFGin,BLAminus,ATPlike,5,5,5,5,5,5
3GU8A,3GU8,A,161,185,187,7.538481477388364,27,27,DAPK1,CAMK_DAPK1_HUMAN,DFGin,BLAminus,Type1,5,5,5,5,5,5
3GUBA,3GUB,A,161,185,187,7.644159033834639,27,27,DAPK1,CAMK_DAPK1_HUMAN,DFGin,BLAminus,Type1,5,5,5,5,5,5
3GVUA,3GVU,A,427,453,455,4.378360224262213,22,29,ABL2,TYR_ABL2_HUMAN,DFGout,BBAminus,"Type2,Allosteric",5,5,5,5,5,5
3GXLA,3GXL,A,151,180,182,7.621121493760582,27,32,TGFBR1,TKL_TGFBR1_HUMAN,DFGin,BLAminus,Type1,5,5,5,5,5,5
3H4JB,3H4J,B,174,198,200,5.0535618269341676,27,27,SSP2,CAMK_SSP2_SCHPO,DFGinter,None,No_ligand,5,5,5,5,5,5
3H4JA,3H4J,A,174,198,200,4.6641818113166185,27,27,SSP2,CAMK_SSP2_SCHPO,None,None,No_ligand,5,5,5,5,5,5
3HDMA,3HDM,A,240,265,267,4.760964486382752,28,28,SGK1,AGC_SGK1_HUMAN,DFGinter,None,Type1,5,5,5,5,5,5
3HDNA,3HDN,A,240,265,267,4.75425727592414,28,28,SGK1,AGC_SGK1_HUMAN,DFGinter,None,Type1,5,5,5,5,5,5
3HKOA,3HKO,A,195,224,226,5.263705367782118,24,32,CDPK4,CAMK_CDPK4-2_CRYPI,DFGin,ABAminus,ATPlike,5,5,5,5,5,5
3HMIA,3HMI,A,427,453,455,4.422594010309437,29,29,ABL2,TYR_ABL2_HUMAN,DFGinter,None,Type1,5,5,5,5,5,5
3HMMA,3HMM,A,151,180,182,8.288167688637348,27,32,TGFBR1,TKL_TGFBR1_HUMAN,DFGin,BLAminus,Type1,5,5,5,5,5,5
3HNGA,3HNG,A,1040,1067,1069,4.378008211541754,28,30,FLT1,TYR_FLT1_HUMAN,DFGout,BBAminus,Type2,5,5,5,5,5,5
3HRBA,3HRB,A,168,190,192,4.622801222486172,25,25,MAPK14,CMGC_MAPK14_HUMAN,DFGin,BLBplus,Type1,5,5,5,5,5,5
3HRCA,3HRC,A,223,250,252,4.919911364677198,25,30,PDPK1,AGC_PDPK1_HUMAN,DFGin,BLAminus,ATPlike,5,5,5,5,5,5
3HRFA,3HRF,A,223,250,252,4.91422198457558,29,30,PDPK1,AGC_PDPK1_HUMAN,DFGin,BLAminus,"ATPlike,Allosteric",5,5,5,5,5,5
3HX4A,3HX4,A,195,219,221,7.5510245823476305,27,27,CDPK1,CAMK_CDPK1_TOXGO,DFGin,BLAminus,ATPlike,5,5,5,5,5,5
3HZTA,3HZT,A,220,244,246,7.4129452223152,19,27,CDPK3,CAMK_CDPK3_TOXGO,DFGin,BLBplus,Type1,5,5,5,5,5,5
3I4BA,3I4B,A,200,224,226,5.5576114471226985,27,27,GSK3B,CMGC_GSK3B_HUMAN,DFGin,BLAminus,Type1,5,5,5,5,5,5
3I4BB,3I4B,B,200,224,226,5.563362242975702,27,27,GSK3B,CMGC_GSK3B_HUMAN,DFGin,BLAminus,Type1,5,5,5,5,5,5
3I6WB,3I6W,B,368,392,394,5.261609348521679,22,27,CHEK2,CAMK_CHEK2_HUMAN,DFGin,BLAminus,No_ligand,5,5,5,5,5,5
3I6WD,3I6W,D,368,392,394,5.27295995789872,22,27,CHEK2,CAMK_CHEK2_HUMAN,DFGin,BLAminus,No_ligand,5,5,5,5,5,5
3I6WF,3I6W,F,368,392,394,5.281450190909199,22,27,CHEK2,CAMK_CHEK2_HUMAN,DFGin,BLAminus,No_ligand,5,5,5,5,5,5
3I6WH,3I6W,H,368,392,394,5.275235901823663,22,27,CHEK2,CAMK_CHEK2_HUMAN,DFGin,BLAminus,No_ligand,5,5,5,5,5,5
3I79A,3I79,A,195,219,221,7.564504311560767,27,27,CDPK1,CAMK_CDPK1_TOXGO,None,None,No_ligand,5,5,5,5,5,5
3I7BA,3I7B,A,195,219,221,7.500426167523602,27,27,CDPK1,CAMK_CDPK1_TOXGO,None,None,Type1,5,5,5,5,5,5
3I7CA,3I7C,A,195,219,221,7.5790741244469855,26,27,CDPK1,CAMK_CDPK1_TOXGO,None,None,Type1,5,5,5,5,5,5
3I81A,3I81,A,1123,1150,1152,4.548476480621111,25,30,IGF1R,TYR_IGF1R_HUMAN,DFGin,None,Type1,5,5,5,5,5,5
3IDBA,3IDB,A,184,206,208,4.819563970437706,24,25,PRKACA,AGC_PRKACA_MOUSE,DFGin,BLAminus,ATPlike,5,5,5,5,5,5
3IDCA,3IDC,A,184,206,208,4.807262819911808,24,25,PRKACA,AGC_PRKACA_MOUSE,DFGin,BLAminus,ATPlike,5,5,5,5,5,5
3IECB,3IEC,B,193,217,219,4.205062346356564,27,27,MARK2,CAMK_MARK2_HUMAN,DFGin,ABAminus,No_ligand,5,5,5,5,5,5
3IECD,3IEC,D,193,217,219,4.228133768464442,27,27,MARK2,CAMK_MARK2_HUMAN,DFGin,ABAminus,No_ligand,5,5,5,5,5,5
3IECA,3IEC,A,193,217,219,4.211501220198451,27,27,MARK2,CAMK_MARK2_HUMAN,DFGin,BLAminus,No_ligand,5,5,5,5,5,5
3IECC,3IEC,C,193,217,219,4.212444888338073,27,27,MARK2,CAMK_MARK2_HUMAN,DFGin,BLAminus,No_ligand,5,5,5,5,5,5
3IGGA,3IGG,A,145,170,172,4.7220975593895735,28,28,CDK2,CMGC_CDK2_HUMAN,None,None,Type1,5,5,5,5,5,5
3IGOA,3IGO,A,219,243,245,7.372384946554836,20,27,CDPK1,CAMK_CDPK1_CRYPI,DFGin,BLBplus,ATPlike,5,5,5,5,5,5
3IK3A,3IK3,A,381,407,409,4.341485498603971,23,29,ABL1,TYR_ABL1_MOUSE,DFGout,BBAminus,Type2,5,5,5,5,5,5
3IK3B,3IK3,B,381,407,409,4.342495784584669,29,29,ABL1,TYR_ABL1_MOUSE,DFGout,BBAminus,Type2,5,5,5,5,5,5
3IO7A,3IO7,A,994,1022,1024,4.137771864419024,29,31,JAK2,TYR_JAK2-2_HUMAN,DFGin,ABAminus,Type1,5,5,5,5,5,5
3IOKA,3IOK,A,994,1022,1024,4.143316466052675,29,31,JAK2,TYR_JAK2-2_HUMAN,DFGin,ABAminus,Type1,5,5,5,5,5,5
3IPHA,3IPH,A,168,190,192,4.614481687429266,23,25,MAPK14,CMGC_MAPK14_HUMAN,DFGin,BLBplus,Type1,5,5,5,5,5,5
3ITZA,3ITZ,A,168,190,192,4.65341520559142,25,25,MAPK14,CMGC_MAPK14_HUMAN,DFGin,BLBplus,Type1,5,5,5,5,5,5
3IW4A,3IW4,A,481,506,508,4.90797944401956,28,28,PRKCA,AGC_PRKCA_HUMAN,DFGin,BLAminus,Type1,5,5,5,5,5,5
3IW4B,3IW4,B,481,506,508,4.9222166073432625,27,28,PRKCA,AGC_PRKCA_HUMAN,DFGin,BLAminus,Type1,5,5,5,5,5,5
3IW4C,3IW4,C,481,506,508,4.93318639907716,28,28,PRKCA,AGC_PRKCA_HUMAN,DFGin,BLAminus,Type1,5,5,5,5,5,5
3J4QD,3J4Q,D,184,206,208,4.803425621578809,25,25,PRKACA,AGC_PRKACA_MOUSE,DFGin,BLAminus,No_ligand,5,5,5,5,5,5
3J4QE,3J4Q,E,184,206,208,4.80343743465975,25,25,PRKACA,AGC_PRKACA_MOUSE,DFGin,BLAminus,No_ligand,5,5,5,5,5,5
3J4RD,3J4R,D,184,206,208,4.803346370915282,25,25,PRKACA,AGC_PRKACA_MOUSE,DFGin,BLAminus,No_ligand,5,5,5,5,5,5
3J4RE,3J4R,E,184,206,208,4.803422418879586,25,25,PRKACA,AGC_PRKACA_MOUSE,DFGin,BLAminus,No_ligand,5,5,5,5,5,5
3JS2A,3JS2,A,641,668,670,4.3679287043797395,30,30,FGFR1,TYR_FGFR1_HUMAN,DFGin,BLAplus,Type1,5,5,5,5,5,5
3JS2B,3JS2,B,641,668,670,4.419719531482669,30,30,FGFR1,TYR_FGFR1_HUMAN,DFGin,BLAplus,Type1,5,5,5,5,5,5
3JVRA,3JVR,A,148,175,177,5.146315343995013,30,30,CHEK1,CAMK_CHEK1_HUMAN,DFGin,BLAminus,Allosteric,5,5,5,5,5,5
3JVSA,3JVS,A,148,175,177,5.1938441826761625,30,30,CHEK1,CAMK_CHEK1_HUMAN,DFGin,BLAminus,Allosteric,5,5,5,5,5,5
3JY9A,3JY9,A,994,1022,1024,4.163201707675305,29,31,JAK2,TYR_JAK2-2_HUMAN,DFGin,BLAminus,Type1.5_Back,5,5,5,5,5,5
3K2LA,3K2L,A,295,317,319,6.680575419204544,23,25,DYRK2,CMGC_DYRK2_HUMAN,DFGin,BLAminus,No_ligand,5,5,5,5,5,5
3K5VA,3K5V,A,400,426,428,4.3681081966664275,29,29,ABL1,TYR_ABL1_MOUSE,DFGout,BBAminus,"Allosteric,Type2",5,5,5,5,5,5
3K5VB,3K5V,B,400,426,428,4.388418902027665,29,29,ABL1,TYR_ABL1_MOUSE,DFGout,BBAminus,"Allosteric,Type2",5,5,5,5,5,5
3KB7A,3KB7,A,194,219,221,4.714822432091833,28,28,PLK1,CAMK_PLK1_HUMAN,DFGin,BLAminus,Type1,5,5,5,5,5,5
3KCFA,3KCF,A,351,380,382,8.209590858531062,30,32,TGFBR1,TKL_TGFBR1_HUMAN,DFGin,BLAminus,Type1.5_Back,5,5,5,5,5,5
3KCFB,3KCF,B,351,380,382,7.947302861435326,29,32,TGFBR1,TKL_TGFBR1_HUMAN,DFGin,BLAminus,Type1.5_Back,5,5,5,5,5,5
3KCFC,3KCF,C,351,380,382,8.197537587693946,32,32,TGFBR1,TKL_TGFBR1_HUMAN,DFGin,BLAminus,Type1.5_Back,5,5,5,5,5,5
3KCFD,3KCF,D,351,380,382,8.375961632274588,32,32,TGFBR1,TKL_TGFBR1_HUMAN,DFGin,BLAminus,Type1.5_Back,5,5,5,5,5,5
3KCFE,3KCF,E,351,380,382,8.261735308270742,32,32,TGFBR1,TKL_TGFBR1_HUMAN,DFGin,BLAminus,Type1.5_Back,5,5,5,5,5,5
3KCKA,3KCK,A,994,1022,1024,4.160100871979534,29,31,JAK2,TYR_JAK2-2_HUMAN,DFGin,BLAminus,Type1.5_Back,5,5,5,5,5,5
3KF4A,3KF4,A,381,407,409,4.337101540529004,29,29,ABL1,TYR_ABL1_MOUSE,DFGin,BLAminus,Type1.5_Back,5,5,5,5,5,5
3KF4B,3KF4,B,381,407,409,4.377014257051865,29,29,ABL1,TYR_ABL1_MOUSE,DFGin,BLAminus,Type1.5_Back,5,5,5,5,5,5
3KFAA,3KFA,A,381,407,409,4.379535005669936,29,29,ABL1,TYR_ABL1_MOUSE,DFGout,BBAminus,Type2,5,5,5,5,5,5
3KFAB,3KFA,B,381,407,409,4.382276972549461,29,29,ABL1,TYR_ABL1_MOUSE,DFGout,BBAminus,Type2,5,5,5,5,5,5
3KK8A,3KK8,A,156,180,182,7.0414818314900645,27,27,CAMKII,CAMK_CAMKII_CAEEL,DFGin,BLAminus,No_ligand,5,5,5,5,5,5
3KK9A,3KK9,A,156,180,182,7.04607906274435,27,27,CAMKII,CAMK_CAMKII_CAEEL,DFGin,BLAminus,No_ligand,5,5,5,5,5,5
3KKVA,3KKV,A,184,206,208,4.798744836629711,24,25,PRKACA,AGC_PRKACA_BOVIN,DFGin,BLAminus,Type1,5,5,5,5,5,5
3KL8A,3KL8,A,156,180,182,7.082286215421323,27,27,CAMKII,CAMK_CAMKII_CAEEL,DFGin,BLAminus,No_ligand,5,5,5,5,5,5
3KL8C,3KL8,C,156,180,182,7.0790590319612345,27,27,CAMKII,CAMK_CAMKII_CAEEL,DFGin,BLAminus,No_ligand,5,5,5,5,5,5
3KL8E,3KL8,E,156,180,182,7.080141852628784,27,27,CAMKII,CAMK_CAMKII_CAEEL,DFGin,BLAminus,No_ligand,5,5,5,5,5,5
3KL8G,3KL8,G,156,180,182,7.077000545973401,27,27,CAMKII,CAMK_CAMKII_CAEEL,DFGin,BLAminus,No_ligand,5,5,5,5,5,5
3KL8I,3KL8,I,156,180,182,7.0766561603100175,27,27,CAMKII,CAMK_CAMKII_CAEEL,DFGin,BLAminus,No_ligand,5,5,5,5,5,5
3KMMA,3KMM,A,382,408,410,4.396752778626163,28,29,LCK,TYR_LCK_HUMAN,DFGin,BLAminus,Type1.5_Back,5,5,5,5,5,5
3KQ7A,3KQ7,A,168,190,192,4.6568529594889165,25,25,MAPK14,CMGC_MAPK14_HUMAN,DFGout,BBAminus,Type2,5,5,5,5,5,5
3KRJA,3KRJ,A,796,823,825,4.376572454484288,29,30,CSF1R,TYR_CSF1R_HUMAN,DFGout,BBAminus,Type1,5,5,5,5,5,5
3KRLA,3KRL,A,796,823,825,4.419886205247399,29,30,CSF1R,TYR_CSF1R_HUMAN,DFGout,BBAminus,Type1,5,5,5,5,5,5
3KRRA,3KRR,A,994,1022,1024,4.159333608530509,29,31,JAK2,TYR_JAK2-2_HUMAN,DFGin,ABAminus,Type1,5,5,5,5,5,5
3KRWA,3KRW,A,335,358,360,3.9708523226388577,26,26,GRK2,AGC_GRK2_HUMAN,DFGin,None,Type1,5,5,5,5,5,5
3KRXA,3KRX,A,335,358,360,3.9643604674495254,26,26,GRK2,AGC_GRK2_HUMAN,DFGin,None,Type1,5,5,5,5,5,5
3KU2A,3KU2,A,195,219,221,7.540697013012766,27,27,CDPK1,CAMK_CDPK1_TOXGO,None,None,ATPlike,5,5,5,5,5,5
3KULA,3KUL,A,778,806,808,4.305826237160781,24,31,EPHA8,TYR_EPHA8_HUMAN,DFGin,BLAminus,No_ligand,5,5,5,5,5,5
3KULB,3KUL,B,778,806,808,4.368326976396146,29,31,EPHA8,TYR_EPHA8_HUMAN,DFGin,BLAminus,No_ligand,5,5,5,5,5,5
3KVWA,3KVW,A,295,317,319,6.660847630837024,24,25,DYRK2,CMGC_DYRK2_HUMAN,DFGin,BLAminus,Type1,5,5,5,5,5,5
3KXXB,3KXX,B,641,668,670,4.277790942921619,30,30,FGFR1,TYR_FGFR1_HUMAN,DFGin,BLAminus,No_ligand,5,5,5,5,5,5
3KXXC,3KXX,C,641,668,670,4.247051984582974,30,30,FGFR1,TYR_FGFR1_HUMAN,DFGin,BLAminus,No_ligand,5,5,5,5,5,5
3KXXD,3KXX,D,641,668,670,4.264920575375998,30,30,FGFR1,TYR_FGFR1_HUMAN,DFGin,BLAminus,No_ligand,5,5,5,5,5,5
3KXXA,3KXX,A,641,668,670,4.261052722322933,30,30,FGFR1,TYR_FGFR1_HUMAN,DFGin,BLBminus,No_ligand,5,5,5,5,5,5
3KXZA,3KXZ,A,382,408,410,4.381956327125571,28,29,LCK,TYR_LCK_HUMAN,DFGin,BLAminus,Type1,5,5,5,5,5,5
3KY2A,3KY2,A,641,668,670,4.357210846623794,30,30,FGFR1,TYR_FGFR1_HUMAN,DFGin,BLAplus,No_ligand,5,5,5,5,5,5
3KY2B,3KY2,B,641,668,670,4.53195761343575,24,30,FGFR1,TYR_FGFR1_HUMAN,DFGin,BLAplus,No_ligand,5,5,5,5,5,5
3L1SA,3L1S,A,200,224,226,5.550462212608378,27,27,GSK3B,CMGC_GSK3B_HUMAN,DFGin,BLAminus,Type1,5,5,5,5,5,5
3L1SB,3L1S,B,200,224,226,5.549488220041803,27,27,GSK3B,CMGC_GSK3B_HUMAN,DFGin,BLAminus,Type1,5,5,5,5,5,5
3L9LA,3L9L,A,184,206,208,4.866530363548213,24,25,PRKACA,AGC_PRKACA_HUMAN,DFGin,BLAminus,Type1,5,5,5,5,5,5
3L9LB,3L9L,B,184,206,208,4.857794364383038,24,25,PRKACA,AGC_PRKACA_HUMAN,DFGin,BLAminus,Type1,5,5,5,5,5,5
3L9MA,3L9M,A,184,206,208,4.8589241609115055,24,25,PRKACA,AGC_PRKACA_HUMAN,DFGin,BLAminus,Type1,5,5,5,5,5,5
3L9MB,3L9M,B,184,206,208,4.8504285308823105,24,25,PRKACA,AGC_PRKACA_HUMAN,DFGin,BLAminus,Type1,5,5,5,5,5,5
3L9NA,3L9N,A,184,206,208,4.846402767229934,24,25,PRKACA,AGC_PRKACA_HUMAN,DFGin,BLAminus,Type1,5,5,5,5,5,5
3LCDA,3LCD,A,796,823,825,4.371946206708111,28,30,CSF1R,TYR_CSF1R_HUMAN,DFGin,BLAminus,Type1,5,5,5,5,5,5
3LCKA,3LCK,A,382,408,410,4.419030721255443,28,29,LCK,TYR_LCK_HUMAN,DFGin,BLAminus,No_ligand,5,5,5,5,5,5
3LCOA,3LCO,A,796,823,825,4.38872347986341,26,30,CSF1R,TYR_CSF1R_HUMAN,DFGout,BBAminus,Type2,5,5,5,5,5,5
3LE6A,3LE6,A,145,170,172,4.726477536590889,28,28,CDK2,CMGC_CDK2_HUMAN,DFGin,BLBtrans,Type1,5,5,5,5,5,5
3LFQA,3LFQ,A,145,170,172,4.743752555411984,28,28,CDK2,CMGC_CDK2_HUMAN,DFGin,BLBtrans,Type1,5,5,5,5,5,5
3LFSA,3LFS,A,145,170,172,4.7381688617535636,28,28,CDK2,CMGC_CDK2_HUMAN,DFGin,BLBtrans,Type1,5,5,5,5,5,5
3LHJA,3LHJ,A,168,190,192,4.693640907479352,18,25,MAPK14,CMGC_MAPK14_HUMAN,DFGin,BLBplus,Type1,5,5,5,5,5,5
3LIJA,3LIJ,A,205,229,231,7.556670759512958,27,27,CDPK3,CAMK_CDPK3_CRYPI,DFGin,BLAminus,ATPlike,5,5,5,5,5,5
3LPBA,3LPB,A,994,1022,1024,4.154610872863128,29,31,JAK2,TYR_JAK2-2_HUMAN,DFGin,ABAminus,Type1,5,5,5,5,5,5
3LPBB,3LPB,B,994,1022,1024,4.161284895451731,26,31,JAK2,TYR_JAK2-2_HUMAN,DFGin,ABAminus,Type1,5,5,5,5,5,5
3LVPA,3LVP,A,1153,1180,1182,4.5869186967732505,23,30,IGF1R,TYR_IGF1R_HUMAN,DFGin,ABAminus,Type1,5,5,5,5,5,5
3LVPB,3LVP,B,1153,1180,1182,4.580003044210144,30,30,IGF1R,TYR_IGF1R_HUMAN,DFGin,ABAminus,Type1,5,5,5,5,5,5
3LVPC,3LVP,C,1153,1180,1182,4.537319789438127,28,30,IGF1R,TYR_IGF1R_HUMAN,DFGin,ABAminus,Type1,5,5,5,5,5,5
3LVPD,3LVP,D,1153,1180,1182,4.486679497417131,27,30,IGF1R,TYR_IGF1R_HUMAN,DFGin,BLAminus,Type1,5,5,5,5,5,5
3LW0A,3LW0,A,1153,1180,1182,4.575265380340685,27,30,IGF1R,TYR_IGF1R_HUMAN,DFGout,BBAminus,"Type3,Allosteric",5,5,5,5,5,5
3LW0B,3LW0,B,1153,1180,1182,4.5717299960423885,27,30,IGF1R,TYR_IGF1R_HUMAN,DFGout,BBAminus,"Type3,Allosteric",5,5,5,5,5,5
3LW0C,3LW0,C,1153,1180,1182,4.576163562691288,27,30,IGF1R,TYR_IGF1R_HUMAN,DFGout,BBAminus,"Type3,Allosteric",5,5,5,5,5,5
3LW0D,3LW0,D,1153,1180,1182,4.570390390264278,27,30,IGF1R,TYR_IGF1R_HUMAN,DFGout,None,"Type3,Allosteric",5,5,5,5,5,5
3LXKA,3LXK,A,967,995,997,4.125042066608678,31,31,JAK3,TYR_JAK3-2_HUMAN,DFGin,ABAminus,Type1,5,5,5,5,5,5
3LXLA,3LXL,A,967,995,997,4.123798816176533,31,31,JAK3,TYR_JAK3-2_HUMAN,DFGin,BLAminus,Type1,5,5,5,5,5,5
3LXNA,3LXN,A,1041,1069,1071,4.147149100274036,27,31,TYK2,TYR_TYK2-2_HUMAN,DFGin,ABAminus,Type1,5,5,5,5,5,5
3LXPA,3LXP,A,1041,1069,1071,3.994570024474453,27,31,TYK2,TYR_TYK2-2_HUMAN,DFGin,BLAminus,Type1,5,5,5,5,5,5
3M1SA,3M1S,A,200,224,226,5.502390838858495,27,27,GSK3B,CMGC_GSK3B_HUMAN,DFGin,BLAminus,Type1,5,5,5,5,5,5
3M1SB,3M1S,B,200,224,226,5.493440459217378,27,27,GSK3B,CMGC_GSK3B_HUMAN,DFGin,BLAminus,Type1,5,5,5,5,5,5
3MA6B,3MA6,B,178,202,204,7.642604524841095,27,27,CDPK1,CAMK_CDPK1_TOXGO,DFGin,BLBplus,Type1,5,5,5,5,5,5
3MA6A,3MA6,A,178,202,204,7.53912789710094,26,27,CDPK1,CAMK_CDPK1_TOXGO,None,None,Type1,5,5,5,5,5,5
3MBLA,3MBL,A,208,231,233,6.6995244307729065,26,26,MAP2K1,STE_MAP2K1_HUMAN,DFGin,BLBplus,"ATPlike,Type3",5,5,5,5,5,5
3MFRA,3MFR,A,162,187,189,7.216636841444422,28,28,CASK,CAMK_CASK_HUMAN,DFGin,BLAminus,ATPlike,5,5,5,5,5,5
3MFSA,3MFS,A,162,187,189,7.238726229845256,28,28,CASK,CAMK_CASK_HUMAN,DFGin,BLAminus,ATPlike,5,5,5,5,5,5
3MFTA,3MFT,A,162,187,189,7.2229549988433535,28,28,CASK,CAMK_CASK_HUMAN,DFGin,BLAminus,No_ligand,5,5,5,5,5,5
3MFUA,3MFU,A,162,187,189,7.271872596256731,28,28,CASK,CAMK_CASK_HUMAN,DFGin,BLAminus,ATPlike,5,5,5,5,5,5
3MJ2A,3MJ2,A,500,526,528,4.434691113837252,29,29,ITK,TYR_ITK_HUMAN,DFGin,BLBplus,Type1,5,5,5,5,5,5
3MN3A,3MN3,A,195,219,221,4.4277171607907775,20,27,SNF1,CAMK_SNF1_YEAST,DFGinter,None,No_ligand,5,5,5,5,5,5
3MPMA,3MPM,A,382,408,410,4.249414276721585,25,29,LCK,TYR_LCK_HUMAN,DFGin,BLBplus,Type1,5,5,5,5,5,5
3MPTA,3MPT,A,168,190,192,4.583673434545163,23,25,MAPK14,CMGC_MAPK14_HUMAN,DFGin,BLBplus,Type1,5,5,5,5,5,5
3MS9A,3MS9,A,381,407,409,4.415321537728906,27,29,ABL1,TYR_ABL1_MOUSE,DFGout,BBAminus,"Type2,Allosteric",5,5,5,5,5,5
3MS9B,3MS9,B,381,407,409,4.363554840565851,29,29,ABL1,TYR_ABL1_MOUSE,DFGout,BBAminus,"Type2,Allosteric",5,5,5,5,5,5
3MSSA,3MSS,A,381,407,409,4.420216734019145,28,29,ABL1,TYR_ABL1_MOUSE,DFGout,BBAminus,"Type2,Allosteric",5,5,5,5,5,5
3MSSB,3MSS,B,381,407,409,4.377426336944795,28,29,ABL1,TYR_ABL1_MOUSE,DFGout,BBAminus,"Type2,Allosteric",5,5,5,5,5,5
3MSSC,3MSS,C,381,407,409,4.423703985785819,28,29,ABL1,TYR_ABL1_MOUSE,DFGout,BBAminus,"Type2,Allosteric",5,5,5,5,5,5
3MSSD,3MSS,D,381,407,409,4.383503732945584,28,29,ABL1,TYR_ABL1_MOUSE,DFGout,BBAminus,"Type2,Allosteric",5,5,5,5,5,5
3MTFA,3MTF,A,354,383,385,8.225052292750219,32,32,ACVR1,TKL_ACVR1_HUMAN,DFGin,BLAminus,Type1,5,5,5,5,5,5
3MTFB,3MTF,B,354,383,385,8.261432511426568,32,32,ACVR1,TKL_ACVR1_HUMAN,DFGin,BLAminus,Type1,5,5,5,5,5,5
3MV5A,3MV5,A,292,317,319,5.284905083064479,27,28,AKT1,AGC_AKT1_HUMAN,DFGin,BLAminus,Type1,5,5,5,5,5,5
3MVHA,3MVH,A,292,317,319,5.255084872746898,27,28,AKT1,AGC_AKT1_HUMAN,DFGin,BLAminus,Type1,5,5,5,5,5,5
3MVJB,3MVJ,B,184,206,208,4.871109853104708,24,25,PRKACA,AGC_PRKACA_HUMAN,DFGin,BLAminus,No_ligand,5,5,5,5,5,5
3MVJA,3MVJ,A,184,206,208,4.854330321513186,24,25,PRKACA,AGC_PRKACA_HUMAN,DFGin,BLAminus,Type1,5,5,5,5,5,5
3MVJE,3MVJ,E,184,206,208,4.829359543808999,24,25,PRKACA,AGC_PRKACA_HUMAN,DFGin,BLAminus,Type1,5,5,5,5,5,5
3MW1A,3MW1,A,168,190,192,4.6102443826919215,23,25,MAPK14,CMGC_MAPK14_HUMAN,DFGin,BLBminus,Type1,5,5,5,5,5,5
3MWUA,3MWU,A,219,243,245,7.365488529810578,23,27,CDPK1,CAMK_CDPK1_CRYPI,DFGin,BLBplus,Type1,5,5,5,5,5,5
3MY0A,3MY0,A,348,377,379,8.126313047486901,32,32,ACVRL1,TKL_ACVRL1_HUMAN,DFGin,BLAminus,Type1,5,5,5,5,5,5
3MY0B,3MY0,B,348,377,379,8.168437417383373,32,32,ACVRL1,TKL_ACVRL1_HUMAN,DFGin,BLAminus,Type1,5,5,5,5,5,5
3MY0C,3MY0,C,348,377,379,8.149473182117505,32,32,ACVRL1,TKL_ACVRL1_HUMAN,DFGin,BLAminus,Type1,5,5,5,5,5,5
3MY0D,3MY0,D,348,377,379,8.115795184773699,32,32,ACVRL1,TKL_ACVRL1_HUMAN,DFGin,BLAminus,Type1,5,5,5,5,5,5
3MY0E,3MY0,E,348,377,379,8.163721484376367,32,32,ACVRL1,TKL_ACVRL1_HUMAN,DFGin,BLAminus,Type1,5,5,5,5,5,5
3MY0F,3MY0,F,348,377,379,8.19934124866027,32,32,ACVRL1,TKL_ACVRL1_HUMAN,DFGin,BLAminus,Type1,5,5,5,5,5,5
3MY0G,3MY0,G,348,377,379,8.180240104988163,32,32,ACVRL1,TKL_ACVRL1_HUMAN,DFGin,BLAminus,Type1,5,5,5,5,5,5
3MY0H,3MY0,H,348,377,379,8.112850997471073,32,32,ACVRL1,TKL_ACVRL1_HUMAN,DFGin,BLAminus,Type1,5,5,5,5,5,5
3MY0I,3MY0,I,348,377,379,8.166714118559591,32,32,ACVRL1,TKL_ACVRL1_HUMAN,DFGin,BLAminus,Type1,5,5,5,5,5,5
3MY0K,3MY0,K,348,377,379,6.87396811805984,23,32,ACVRL1,TKL_ACVRL1_HUMAN,DFGin,BLAminus,Type1,5,5,5,5,5,5
3MY0L,3MY0,L,348,377,379,8.153777362904464,32,32,ACVRL1,TKL_ACVRL1_HUMAN,DFGin,BLAminus,Type1,5,5,5,5,5,5
3MY0M,3MY0,M,348,377,379,8.162613309469187,32,32,ACVRL1,TKL_ACVRL1_HUMAN,DFGin,BLAminus,Type1,5,5,5,5,5,5
3MY0N,3MY0,N,348,377,379,8.134054242079532,32,32,ACVRL1,TKL_ACVRL1_HUMAN,DFGin,BLAminus,Type1,5,5,5,5,5,5
3MY0O,3MY0,O,348,377,379,8.136052582357054,32,32,ACVRL1,TKL_ACVRL1_HUMAN,DFGin,BLAminus,Type1,5,5,5,5,5,5
3MY0P,3MY0,P,348,377,379,7.974347901722693,32,32,ACVRL1,TKL_ACVRL1_HUMAN,DFGin,BLAminus,Type1,5,5,5,5,5,5
3MY0Q,3MY0,Q,348,377,379,8.165027317160556,32,32,ACVRL1,TKL_ACVRL1_HUMAN,DFGin,BLAminus,Type1,5,5,5,5,5,5
3MY0R,3MY0,R,348,377,379,8.196022308024364,32,32,ACVRL1,TKL_ACVRL1_HUMAN,DFGin,BLAminus,Type1,5,5,5,5,5,5
3MY0S,3MY0,S,348,377,379,8.041063000894352,32,32,ACVRL1,TKL_ACVRL1_HUMAN,DFGin,BLAminus,Type1,5,5,5,5,5,5
3MY0T,3MY0,T,348,377,379,8.133646252683395,32,32,ACVRL1,TKL_ACVRL1_HUMAN,DFGin,BLAminus,Type1,5,5,5,5,5,5
3MY0U,3MY0,U,348,377,379,6.778337547006612,32,32,ACVRL1,TKL_ACVRL1_HUMAN,DFGin,BLAminus,Type1,5,5,5,5,5,5
3MY0V,3MY0,V,348,377,379,7.645692699138289,24,32,ACVRL1,TKL_ACVRL1_HUMAN,DFGin,BLAminus,Type1,5,5,5,5,5,5
3MY0W,3MY0,W,348,377,379,7.690726622903546,24,32,ACVRL1,TKL_ACVRL1_HUMAN,DFGin,BLAminus,Type1,5,5,5,5,5,5
3MY5A,3MY5,A,145,170,172,4.7203817037419675,27,28,CDK2,CMGC_CDK2_HUMAN,DFGin,BLAminus,Type1,5,5,5,5,5,5
3MY5C,3MY5,C,145,170,172,4.644409895041829,27,28,CDK2,CMGC_CDK2_HUMAN,DFGin,BLAminus,Type1,5,5,5,5,5,5
3N51A,3N51,A,195,219,221,7.5103598835994205,27,27,CDPK1,CAMK_CDPK1_TOXGO,None,None,Type1,5,5,5,5,5,5
3NAXA,3NAX,A,223,250,252,4.859288489365198,23,30,PDPK1,AGC_PDPK1_HUMAN,DFGout,BBAminus,Type2,5,5,5,5,5,5
3NAYA,3NAY,A,223,250,252,4.941755648900743,21,30,PDPK1,AGC_PDPK1_HUMAN,DFGin,BLAminus,Type1,5,5,5,5,5,5
3NAYB,3NAY,B,223,250,252,4.942543725365547,21,30,PDPK1,AGC_PDPK1_HUMAN,DFGin,BLAminus,Type1,5,5,5,5,5,5
3NCGA,3NCG,A,219,243,245,7.354874100577321,22,27,CDPK1,CAMK_CDPK1_CRYPI,DFGin,BLBplus,Type1,5,5,5,5,5,5
3NCZA,3NCZ,A,216,242,244,2.787719268990188,29,29,ROCK1,AGC_ROCK1_HUMAN,DFGin,ABAminus,Type1,5,5,5,5,5,5
3NCZB,3NCZ,B,216,242,244,2.568287169150469,27,29,ROCK1,AGC_ROCK1_HUMAN,DFGin,ABAminus,Type1,5,5,5,5,5,5
3NCZC,3NCZ,C,216,242,244,2.64355367398777,28,29,ROCK1,AGC_ROCK1_HUMAN,DFGin,ABAminus,Type1,5,5,5,5,5,5
3NCZD,3NCZ,D,216,242,244,2.85074680328511,29,29,ROCK1,AGC_ROCK1_HUMAN,DFGin,ABAminus,Type1,5,5,5,5,5,5
3NDMA,3NDM,A,216,242,244,2.5824451623633813,29,29,ROCK1,AGC_ROCK1_HUMAN,DFGin,ABAminus,No_ligand,5,5,5,5,5,5
3NDMB,3NDM,B,216,242,244,2.7747834201300376,29,29,ROCK1,AGC_ROCK1_HUMAN,DFGin,ABAminus,Type1,5,5,5,5,5,5
3NDMC,3NDM,C,216,242,244,2.470980437141645,24,29,ROCK1,AGC_ROCK1_HUMAN,DFGin,ABAminus,Type1,5,5,5,5,5,5
3NDMD,3NDM,D,216,242,244,2.7844976915371284,29,29,ROCK1,AGC_ROCK1_HUMAN,DFGin,ABAminus,Type1,5,5,5,5,5,5
3NLBA,3NLB,A,148,175,177,5.120514338786699,30,30,CHEK1,CAMK_CHEK1_HUMAN,DFGin,BLAminus,Type1,5,5,5,5,5,5
3NNUA,3NNU,A,168,190,192,4.6462292839718105,25,25,MAPK14,CMGC_MAPK14_HUMAN,DFGout,None,Type2,5,5,5,5,5,5
3NNVA,3NNV,A,168,190,192,4.636913691909168,25,25,MAPK14,CMGC_MAPK14_HUMAN,DFGout,BBAminus,Type3,5,5,5,5,5,5
3NNWA,3NNW,A,168,190,192,4.617670566160905,25,25,MAPK14,CMGC_MAPK14_HUMAN,DFGout,None,Type2,5,5,5,5,5,5
3NPCA,3NPC,A,169,193,195,5.3651117246392355,27,27,MAPK9,CMGC_MAPK9_HUMAN,DFGout,None,Type2,5,5,5,5,5,5
3NPCB,3NPC,B,169,193,195,5.3956523175992634,27,27,MAPK9,CMGC_MAPK9_HUMAN,DFGout,None,Type2,5,5,5,5,5,5
3NS9A,3NS9,A,145,170,172,4.732206883749574,28,28,CDK2,CMGC_CDK2_HUMAN,DFGin,BLBtrans,Type1,5,5,5,5,5,5
3NW5A,3NW5,A,1123,1150,1152,4.527539526124663,30,30,IGF1R,TYR_IGF1R_HUMAN,DFGin,None,Type1,5,5,5,5,5,5
3NW6A,3NW6,A,1123,1150,1152,4.548099679712912,30,30,IGF1R,TYR_IGF1R_HUMAN,DFGin,None,Type1,5,5,5,5,5,5
3NW7A,3NW7,A,1123,1150,1152,4.565224103123086,27,30,IGF1R,TYR_IGF1R_HUMAN,DFGin,None,Type1,5,5,5,5,5,5
3NX8A,3NX8,A,184,206,208,4.815348467359709,24,25,PRKACA,AGC_PRKACA_HUMAN,DFGin,BLAminus,No_ligand,5,5,5,5,5,5
3NYNA,3NYN,A,329,353,355,4.088642365723314,27,27,GRK6,AGC_GRK6_HUMAN,DFGin,BLAminus,Type1,5,5,5,5,5,5
3NYNB,3NYN,B,329,353,355,4.14325202776852,27,27,GRK6,AGC_GRK6_HUMAN,DFGin,BLAminus,Type1,5,5,5,5,5,5
3NYOA,3NYO,A,329,353,355,4.0777852392251965,27,27,GRK6,AGC_GRK6_HUMAN,DFGin,BLAminus,ATPlike,5,5,5,5,5,5
3NYOB,3NYO,B,329,353,355,4.125605776058203,27,27,GRK6,AGC_GRK6_HUMAN,DFGin,BLAminus,ATPlike,5,5,5,5,5,5
3NYVA,3NYV,A,195,219,221,7.60456634990846,26,27,CDPK1,CAMK_CDPK1_TOXGO,None,None,Type1,5,5,5,5,5,5
3NYXA,3NYX,A,1041,1069,1071,4.101576838712624,31,31,TYK2,TYR_TYK2-2_HUMAN,DFGin,BLAminus,Type1.5_Back,5,5,5,5,5,5
3NZ0A,3NZ0,A,1041,1069,1071,4.170158116681184,31,31,TYK2,TYR_TYK2-2_HUMAN,DFGin,BLAminus,Type1,5,5,5,5,5,5
3O17A,3O17,A,169,193,195,5.314434122148513,27,27,MAPK8,CMGC_MAPK8_HUMAN,DFGin,BLAminus,No_ligand,5,5,5,5,5,5
3O17B,3O17,B,169,193,195,5.277238726788129,27,27,MAPK8,CMGC_MAPK8_HUMAN,DFGin,BLAminus,No_ligand,5,5,5,5,5,5
3O23A,3O23,A,1153,1180,1182,4.609910796552601,30,30,IGF1R,TYR_IGF1R_HUMAN,DFGout,None,Type2,5,5,5,5,5,5
3O2MA,3O2M,A,169,193,195,5.283391957326247,27,27,MAPK8,CMGC_MAPK8_HUMAN,DFGin,BLAminus,Allosteric,5,5,5,5,5,5
3O2MB,3O2M,B,169,193,195,5.277800806418859,27,27,MAPK8,CMGC_MAPK8_HUMAN,DFGin,BLAminus,Allosteric,5,5,5,5,5,5
3O71A,3O71,A,165,193,195,4.814104555447752,26,31,MAPK1,CMGC_MAPK1_RAT,DFGin,BLAminus,No_ligand,5,5,5,5,5,5
3O7LB,3O7L,B,184,206,208,4.825150658331327,24,25,PRKACA,AGC_PRKACA_MOUSE,DFGin,BLAminus,ATPlike,5,5,5,5,5,5
3O7LD,3O7L,D,184,206,208,4.698139054529292,24,25,PRKACA,AGC_PRKACA_MOUSE,DFGin,BLAminus,No_ligand,5,5,5,5,5,5
3OCBA,3OCB,A,292,317,319,5.245336759331587,27,28,AKT1,AGC_AKT1_HUMAN,DFGin,BLAminus,Type1,5,5,5,5,5,5
3OCBB,3OCB,B,292,317,319,5.240211208752468,27,28,AKT1,AGC_AKT1_HUMAN,DFGin,BLAminus,Type1,5,5,5,5,5,5
3OD6X,3OD6,X,168,190,192,4.551907011775538,25,25,MAPK14,CMGC_MAPK14_HUMAN,DFGin,None,No_ligand,5,5,5,5,5,5
3OOGA,3OOG,A,184,206,208,4.8346079412897485,24,25,PRKACA,AGC_PRKACA_HUMAN,DFGin,BLAminus,Type1,5,5,5,5,5,5
3OOMA,3OOM,A,354,383,385,8.261605767277857,32,32,ACVR1,TKL_ACVR1_HUMAN,DFGin,BLAminus,Type1,5,5,5,5,5,5
3ORNA,3ORN,A,208,231,233,5.167058769819982,26,26,MAP2K1,STE_MAP2K1_HUMAN,DFGin,BLBplus,"ATPlike,Type3",5,5,5,5,5,5
3OROA,3ORO,A,156,184,186,5.064331555096819,23,31,PKNB,OTHER_PKNB_MYCTU,DFGin,BLBminus,"ATPlike,Allosteric",5,5,5,5,5,5
3ORXA,3ORX,A,223,250,252,4.903030072530633,28,30,PDPK1,AGC_PDPK1_HUMAN,DFGin,BLAminus,Allosteric,5,5,5,5,5,5
3ORXB,3ORX,B,223,250,252,4.899941366562242,27,30,PDPK1,AGC_PDPK1_HUMAN,DFGin,BLAminus,Allosteric,5,5,5,5,5,5
3ORXC,3ORX,C,223,250,252,4.9037118650516875,28,30,PDPK1,AGC_PDPK1_HUMAN,DFGin,BLAminus,Allosteric,5,5,5,5,5,5
3ORXD,3ORX,D,223,250,252,4.903521537984914,28,30,PDPK1,AGC_PDPK1_HUMAN,DFGin,BLAminus,Allosteric,5,5,5,5,5,5
3ORZB,3ORZ,B,223,250,252,4.966535730485357,21,30,PDPK1,AGC_PDPK1_HUMAN,DFGin,BLAminus,"Allosteric,Type1",5,5,5,5,5,5
3ORZD,3ORZ,D,223,250,252,4.963647685545023,21,30,PDPK1,AGC_PDPK1_HUMAN,DFGin,BLAminus,"Allosteric,Type1",5,5,5,5,5,5
3OS3A,3OS3,A,208,231,233,4.956763829567779,26,26,MAP2K1,STE_MAP2K1_HUMAN,DFGin,BLBplus,"ATPlike,Type3",5,5,5,5,5,5
3OT3A,3OT3,A,148,175,177,5.144670469468523,30,30,CHEK1,CAMK_CHEK1_HUMAN,DFGin,BLAminus,Type1,5,5,5,5,5,5
3OT8A,3OT8,A,148,175,177,5.105246805953233,30,30,CHEK1,CAMK_CHEK1_HUMAN,DFGin,BLAminus,Type1,5,5,5,5,5,5
3OTUA,3OTU,A,223,250,252,4.963233222917689,24,30,PDPK1,AGC_PDPK1_HUMAN,DFGin,BLAminus,"Allosteric,Type1.5_Front",5,5,5,5,5,5
3OVVA,3OVV,A,184,206,208,4.830368141343013,24,25,PRKACA,AGC_PRKACA_HUMAN,DFGin,BLAminus,Type1,5,5,5,5,5,5
3OW3A,3OW3,A,184,206,208,4.848966150083893,24,25,PRKACA,AGC_PRKACA_MOUSE,DFGin,BLAminus,Type1,5,5,5,5,5,5
3OW4A,3OW4,A,292,317,319,5.295733719318598,27,28,AKT1,AGC_AKT1_HUMAN,DFGin,BLAminus,Type1,5,5,5,5,5,5
3OW4B,3OW4,B,292,317,319,5.226327015755009,27,28,AKT1,AGC_AKT1_HUMAN,DFGin,BLAminus,Type1,5,5,5,5,5,5
3OWPA,3OWP,A,184,206,208,4.823322954763155,24,25,PRKACA,AGC_PRKACA_HUMAN,DFGin,BLAminus,Type1,5,5,5,5,5,5
3OXTA,3OXT,A,184,206,208,4.863639419131408,24,25,PRKACA,AGC_PRKACA_HUMAN,DFGin,BLAminus,Type1,5,5,5,5,5,5
3OY3A,3OY3,A,381,407,409,4.380647005558494,29,29,ABL1,TYR_ABL1_MOUSE,DFGout,BBAminus,Type2,5,5,5,5,5,5
3OY3B,3OY3,B,381,407,409,4.38862920949422,29,29,ABL1,TYR_ABL1_MOUSE,DFGout,BBAminus,Type2,5,5,5,5,5,5
3P0MA,3P0M,A,184,206,208,4.838857518702274,24,25,PRKACA,AGC_PRKACA_HUMAN,DFGin,BLAminus,Type1,5,5,5,5,5,5
3P1AA,3P1A,A,251,275,277,6.573984659274464,21,27,PKMYT1,OTHER_PKMYT1_HUMAN,DFGin,BLAminus,No_ligand,5,5,5,5,5,5
3PA3A,3PA3,A,148,175,177,5.1555483831668365,30,30,CHEK1,CAMK_CHEK1_HUMAN,DFGin,BLAminus,Type1,5,5,5,5,5,5
3PA4A,3PA4,A,148,175,177,5.155715659602593,30,30,CHEK1,CAMK_CHEK1_HUMAN,DFGin,BLAminus,Type1,5,5,5,5,5,5
3PA5A,3PA5,A,148,175,177,5.1641536973584135,30,30,CHEK1,CAMK_CHEK1_HUMAN,DFGin,BLAminus,Type1,5,5,5,5,5,5
3PFQA,3PFQ,A,484,509,511,4.896080154608513,27,28,PRKCB,AGC_PRKCB_RAT,DFGin,BLAminus,ATPlike,5,5,5,5,5,5
3PJ8A,3PJ8,A,145,170,172,4.73138265628981,20,28,CDK2,CMGC_CDK2_HUMAN,DFGin,BLBtrans,Type1,5,5,5,5,5,5
3PJCA,3PJC,A,967,995,997,4.1996150006310256,31,31,JAK3,TYR_JAK3-2_HUMAN,DFGin,BLAminus,Type1,5,5,5,5,5,5
3POOA,3POO,A,184,206,208,4.84009168215561,24,25,PRKACA,AGC_PRKACA_HUMAN,DFGin,BLAminus,Type1,5,5,5,5,5,5
3PP1A,3PP1,A,208,231,233,6.737793034903234,26,26,MAP2K1,STE_MAP2K1_HUMAN,DFGin,BLBplus,"ATPlike,Type3",5,5,5,5,5,5
3PPZB,3PPZ,B,694,719,721,5.323729541459588,25,28,CTR1,TKL_CTR1_ARATH,DFGin,BLAminus,No_ligand,5,5,5,5,5,5
3PPZA,3PPZ,A,694,719,721,5.4245020441808185,25,28,CTR1,TKL_CTR1_ARATH,DFGin,BLAminus,Type1,5,5,5,5,5,5
3PSCA,3PSC,A,335,358,360,4.053446064634464,26,26,GRK2,AGC_GRK2_BOVIN,DFGin,None,No_ligand,5,5,5,5,5,5
3PUPA,3PUP,A,200,224,226,5.5040915518729125,27,27,GSK3B,CMGC_GSK3B_HUMAN,DFGin,BLAminus,Type1,5,5,5,5,5,5
3PUPB,3PUP,B,200,224,226,5.498558734602937,27,27,GSK3B,CMGC_GSK3B_HUMAN,DFGin,BLAminus,Type1,5,5,5,5,5,5
3PVBA,3PVB,A,184,206,208,4.877845449069806,24,25,PRKACA,AGC_PRKACA_MOUSE,DFGin,BLAminus,ATPlike,5,5,5,5,5,5
3PVUA,3PVU,A,335,358,360,4.0479447866805955,26,26,GRK2,AGC_GRK2_BOVIN,DFGin,None,Type1,5,5,5,5,5,5
3PVWA,3PVW,A,335,358,360,4.053083550799234,26,26,GRK2,AGC_GRK2_BOVIN,DFGin,None,Type1,5,5,5,5,5,5
3PWYA,3PWY,A,223,250,252,4.846936373058069,22,30,PDPK1,AGC_PDPK1_HUMAN,DFGin,BLAminus,Type1,5,5,5,5,5,5
3PXFA,3PXF,A,145,170,172,4.761708934082117,28,28,CDK2,CMGC_CDK2_HUMAN,DFGin,BLBminus,"Allosteric,Type3",5,5,5,5,5,5
3PXQA,3PXQ,A,145,170,172,4.772298302378419,28,28,CDK2,CMGC_CDK2_HUMAN,DFGin,BLBminus,"Type1,Allosteric,Type3",5,5,5,5,5,5
3PXRA,3PXR,A,145,170,172,4.705542949227249,28,28,CDK2,CMGC_CDK2_HUMAN,None,None,No_ligand,5,5,5,5,5,5
3PXYA,3PXY,A,145,170,172,4.67817592053415,28,28,CDK2,CMGC_CDK2_HUMAN,DFGin,BLBminus,Type1,5,5,5,5,5,5
3PXZA,3PXZ,A,145,170,172,4.760440897803716,28,28,CDK2,CMGC_CDK2_HUMAN,DFGin,BLBminus,"Allosteric,Type3,Type1",5,5,5,5,5,5
3PY0A,3PY0,A,145,170,172,4.697203155683145,28,28,CDK2,CMGC_CDK2_HUMAN,DFGin,BLBminus,Type1,5,5,5,5,5,5
3PY1A,3PY1,A,145,170,172,4.7725300633195955,28,28,CDK2,CMGC_CDK2_HUMAN,DFGin,BLBminus,"Type1,Allosteric,Type3",5,5,5,5,5,5
3PY3A,3PY3,A,168,190,192,4.553803785082701,23,25,MAPK14,CMGC_MAPK14_MOUSE,DFGin,BLAminus,No_ligand,5,5,5,5,5,5
3PYYA,3PYY,A,400,426,428,4.344656115435026,29,29,ABL1,TYR_ABL1_HUMAN,DFGout,BBAminus,"Type2,Allosteric",5,5,5,5,5,5
3Q32A,3Q32,A,994,1022,1024,4.2153352807955615,29,31,JAK2,TYR_JAK2-2_HUMAN,DFGin,ABAminus,Type1,5,5,5,5,5,5
3Q32B,3Q32,B,994,1022,1024,4.161409448612019,29,31,JAK2,TYR_JAK2-2_HUMAN,DFGin,ABAminus,Type1,5,5,5,5,5,5
3Q3BA,3Q3B,A,200,224,226,5.512301955533582,27,27,GSK3B,CMGC_GSK3B_HUMAN,DFGin,BLAminus,Type1,5,5,5,5,5,5
3Q3BB,3Q3B,B,200,224,226,5.5084564549514745,27,27,GSK3B,CMGC_GSK3B_HUMAN,DFGin,BLAminus,Type1,5,5,5,5,5,5
3Q4TA,3Q4T,A,340,367,369,8.475217197910833,30,30,ACVR2A,TKL_ACVR2A_HUMAN,DFGin,BLAminus,Type1,5,5,5,5,5,5
3Q4TB,3Q4T,B,340,367,369,8.599594751086572,28,30,ACVR2A,TKL_ACVR2A_HUMAN,DFGin,BLAminus,Type1,5,5,5,5,5,5
3Q4UA,3Q4U,A,354,383,385,8.231688591731325,32,32,ACVR1,TKL_ACVR1_HUMAN,DFGin,BLAminus,Type1,5,5,5,5,5,5
3Q4UB,3Q4U,B,354,383,385,8.24605964368874,32,32,ACVR1,TKL_ACVR1_HUMAN,DFGin,BLAminus,Type1,5,5,5,5,5,5
3Q4UC,3Q4U,C,354,383,385,8.193929717116472,32,32,ACVR1,TKL_ACVR1_HUMAN,DFGin,BLAminus,Type1,5,5,5,5,5,5
3Q4UD,3Q4U,D,354,383,385,8.215282644252767,32,32,ACVR1,TKL_ACVR1_HUMAN,DFGin,BLAminus,Type1,5,5,5,5,5,5
3Q4ZA,3Q4Z,A,407,432,434,4.826500625353851,28,28,PAK1,STE_PAK1_HUMAN,DFGin,BLAminus,ATPlike,5,5,5,5,5,5
3Q52A,3Q52,A,407,432,434,4.8579915873859365,27,28,PAK1,STE_PAK1_HUMAN,DFGin,BLAminus,No_ligand,5,5,5,5,5,5
3Q53A,3Q53,A,407,432,434,4.8389781942126975,27,28,PAK1,STE_PAK1_HUMAN,DFGin,BLAminus,ATPlike,5,5,5,5,5,5
3Q5IA,3Q5I,A,211,235,237,7.469533307488403,27,27,CDPK1,CAMK_CDPK1_PLABA,DFGin,BLAminus,ATPlike,5,5,5,5,5,5
3QA8A,3QA8,A,166,190,192,7.237935937185896,27,27,IKBKBL,OTHER_IKBKBL_XENLA,DFGout,None,No_ligand,5,5,5,5,5,5
3QA8B,3QA8,B,166,190,192,7.237462637052192,27,27,IKBKBL,OTHER_IKBKBL_XENLA,DFGout,None,No_ligand,5,5,5,5,5,5
3QA8C,3QA8,C,166,190,192,7.222147946679744,27,27,IKBKBL,OTHER_IKBKBL_XENLA,DFGout,None,No_ligand,5,5,5,5,5,5
3QA8D,3QA8,D,166,190,192,7.220245424203347,27,27,IKBKBL,OTHER_IKBKBL_XENLA,DFGout,None,No_ligand,5,5,5,5,5,5
3QA8E,3QA8,E,166,190,192,7.207811860148172,27,27,IKBKBL,OTHER_IKBKBL_XENLA,DFGout,None,No_ligand,5,5,5,5,5,5
3QA8F,3QA8,F,166,190,192,7.237351638279505,27,27,IKBKBL,OTHER_IKBKBL_XENLA,DFGout,None,No_ligand,5,5,5,5,5,5
3QA8G,3QA8,G,166,190,192,7.253411612230765,27,27,IKBKBL,OTHER_IKBKBL_XENLA,DFGout,None,No_ligand,5,5,5,5,5,5
3QA8H,3QA8,H,166,190,192,7.255639423347353,27,27,IKBKBL,OTHER_IKBKBL_XENLA,DFGout,None,No_ligand,5,5,5,5,5,5
3QALE,3QAL,E,184,206,208,4.8030751610144655,24,25,PRKACA,AGC_PRKACA_MOUSE,DFGin,BLAminus,ATPlike,5,5,5,5,5,5
3QC4A,3QC4,A,223,250,252,4.9533404893781325,22,30,PDPK1,AGC_PDPK1_HUMAN,DFGout,BBAminus,Type2,5,5,5,5,5,5
3QC4B,3QC4,B,223,250,252,4.933086065637988,22,30,PDPK1,AGC_PDPK1_HUMAN,DFGout,None,Type2,5,5,5,5,5,5
3QC9A,3QC9,A,332,357,359,4.316822825277353,28,28,GRK1,AGC_GRK1_BOVIN,DFGin,BLAminus,ATPlike,5,5,5,5,5,5
3QC9B,3QC9,B,332,357,359,4.315852278624936,28,28,GRK1,AGC_GRK1_BOVIN,DFGin,BLAminus,ATPlike,5,5,5,5,5,5
3QC9C,3QC9,C,332,357,359,4.317348926311348,28,28,GRK1,AGC_GRK1_BOVIN,DFGin,BLAminus,ATPlike,5,5,5,5,5,5
3QC9D,3QC9,D,332,357,359,4.3153100018903565,28,28,GRK1,AGC_GRK1_BOVIN,DFGin,BLAminus,ATPlike,5,5,5,5,5,5
3QFVA,3QFV,A,218,244,246,3.72926223993516,29,29,CDC42BPB,AGC_CDC42BPB_HUMAN,DFGin,BLAminus,Type1,5,5,5,5,5,5
3QFVB,3QFV,B,218,244,246,3.7331021190645592,29,29,CDC42BPB,AGC_CDC42BPB_HUMAN,DFGin,BLAminus,Type1,5,5,5,5,5,5
3QHRA,3QHR,A,145,170,172,4.6720622164399765,27,28,CDK2,CMGC_CDK2_HUMAN,DFGin,BLAminus,ATPlike,5,5,5,5,5,5
3QHRC,3QHR,C,145,170,172,4.668382143931011,27,28,CDK2,CMGC_CDK2_HUMAN,DFGin,BLAminus,ATPlike,5,5,5,5,5,5
3QHWA,3QHW,A,145,170,172,4.6626212719703375,27,28,CDK2,CMGC_CDK2_HUMAN,DFGin,BLAminus,ATPlike,5,5,5,5,5,5
3QHWC,3QHW,C,145,170,172,4.651782190883421,27,28,CDK2,CMGC_CDK2_HUMAN,DFGin,BLAminus,ATPlike,5,5,5,5,5,5
3QKKA,3QKK,A,292,317,319,5.275968222228154,27,28,AKT1,AGC_AKT1_HUMAN,DFGin,BLAminus,Type1.5_Front,5,5,5,5,5,5
3QKLA,3QKL,A,292,317,319,5.277874221472665,27,28,AKT1,AGC_AKT1_HUMAN,DFGin,BLAminus,Type1,5,5,5,5,5,5
3QKMA,3QKM,A,292,317,319,5.3085566764176235,27,28,AKT1,AGC_AKT1_HUMAN,DFGin,BLAminus,Type1,5,5,5,5,5,5
3QL8A,3QL8,A,145,170,172,4.695452311492784,28,28,CDK2,CMGC_CDK2_HUMAN,DFGin,None,Type1,5,5,5,5,5,5
3QQFA,3QQF,A,145,170,172,4.703631307423215,28,28,CDK2,CMGC_CDK2_HUMAN,None,None,Type1,5,5,5,5,5,5
3QQGA,3QQG,A,145,170,172,4.664122270967621,28,28,CDK2,CMGC_CDK2_HUMAN,DFGin,BLBminus,Type1,5,5,5,5,5,5
3QQHA,3QQH,A,145,170,172,4.6748670410405975,28,28,CDK2,CMGC_CDK2_HUMAN,DFGin,BLBminus,Type1,5,5,5,5,5,5
3QQJA,3QQJ,A,145,170,172,4.670649346459029,28,28,CDK2,CMGC_CDK2_HUMAN,None,None,Type1,5,5,5,5,5,5
3QQKA,3QQK,A,145,170,172,4.725775641384749,28,28,CDK2,CMGC_CDK2_HUMAN,DFGin,BLBminus,Type1,5,5,5,5,5,5
3QQLA,3QQL,A,145,170,172,4.698100096398407,28,28,CDK2,CMGC_CDK2_HUMAN,DFGin,BLBtrans,Type1,5,5,5,5,5,5
3QQUC,3QQU,C,1150,1177,1179,4.488179341493417,30,30,IGF1R,TYR_IGF1R_HUMAN,DFGin,BLAminus,Type1,5,5,5,5,5,5
3QQUA,3QQU,A,1150,1177,1179,4.497485902325599,30,30,IGF1R,TYR_IGF1R_HUMAN,DFGin,BLBminus,Type1,5,5,5,5,5,5
3QQUB,3QQU,B,1150,1177,1179,4.532354865807705,30,30,IGF1R,TYR_IGF1R_HUMAN,DFGin,None,Type1,5,5,5,5,5,5
3QQUD,3QQU,D,1150,1177,1179,4.483906078330501,30,30,IGF1R,TYR_IGF1R_HUMAN,DFGin,None,Type1,5,5,5,5,5,5
3QRIA,3QRI,A,381,407,409,4.330661897069353,29,29,ABL1,TYR_ABL1_HUMAN,DFGout,BBAminus,Type2,5,5,5,5,5,5
3QRIB,3QRI,B,381,407,409,4.313992212039695,29,29,ABL1,TYR_ABL1_HUMAN,DFGout,BBAminus,Type2,5,5,5,5,5,5
3QRJA,3QRJ,A,381,407,409,4.315005600923914,29,29,ABL1,TYR_ABL1_HUMAN,DFGout,BBAminus,Type2,5,5,5,5,5,5
3QRJB,3QRJ,B,381,407,409,4.370676165855165,29,29,ABL1,TYR_ABL1_HUMAN,DFGout,BBAminus,Type2,5,5,5,5,5,5
3QRKA,3QRK,A,381,407,409,4.317379854088687,29,29,ABL1,TYR_ABL1_HUMAN,DFGout,BBAminus,Type3,5,5,5,5,5,5
3QRTA,3QRT,A,145,170,172,4.714810044432375,28,28,CDK2,CMGC_CDK2_HUMAN,DFGin,BLBminus,Type1,5,5,5,5,5,5
3QRUA,3QRU,A,145,170,172,4.719516908325859,28,28,CDK2,CMGC_CDK2_HUMAN,DFGin,BLBminus,Type1,5,5,5,5,5,5
3QTQA,3QTQ,A,145,170,172,4.713367609914994,28,28,CDK2,CMGC_CDK2_HUMAN,DFGin,BLBminus,Type1,5,5,5,5,5,5
3QTRA,3QTR,A,145,170,172,4.726876876982229,20,28,CDK2,CMGC_CDK2_HUMAN,DFGin,BLBminus,Type1,5,5,5,5,5,5
3QTSA,3QTS,A,145,170,172,4.709181920800168,20,28,CDK2,CMGC_CDK2_HUMAN,None,None,Type1,5,5,5,5,5,5
3QTUA,3QTU,A,145,170,172,4.711630515879734,28,28,CDK2,CMGC_CDK2_HUMAN,DFGin,BLBminus,Type1,5,5,5,5,5,5
3QTWA,3QTW,A,145,170,172,4.720592157692825,28,28,CDK2,CMGC_CDK2_HUMAN,DFGin,BLAminus,Type1,5,5,5,5,5,5
3QTXA,3QTX,A,145,170,172,4.711314733845627,28,28,CDK2,CMGC_CDK2_HUMAN,DFGin,BLBminus,Type1,5,5,5,5,5,5
3QTZA,3QTZ,A,145,170,172,4.722240883497428,28,28,CDK2,CMGC_CDK2_HUMAN,DFGin,BLBminus,Type1,5,5,5,5,5,5
3QU0A,3QU0,A,145,170,172,4.708647772103471,28,28,CDK2,CMGC_CDK2_HUMAN,DFGin,BLAminus,Type1,5,5,5,5,5,5
3QUDA,3QUD,A,168,190,192,4.627234744410967,19,25,MAPK14,CMGC_MAPK14_HUMAN,DFGin,None,Type1,5,5,5,5,5,5
3QUEA,3QUE,A,168,190,192,4.606876239632027,19,25,MAPK14,CMGC_MAPK14_HUMAN,DFGin,None,Type1,5,5,5,5,5,5
3QWJA,3QWJ,A,145,170,172,4.706680119662733,28,28,CDK2,CMGC_CDK2_HUMAN,DFGin,None,Type1,5,5,5,5,5,5
3QWKA,3QWK,A,145,170,172,4.704234929563123,28,28,CDK2,CMGC_CDK2_HUMAN,DFGin,BLBminus,Type1,5,5,5,5,5,5
3QX2A,3QX2,A,145,170,172,4.706575263392219,28,28,CDK2,CMGC_CDK2_HUMAN,None,None,Type1,5,5,5,5,5,5
3QX4A,3QX4,A,145,170,172,4.70799399781969,28,28,CDK2,CMGC_CDK2_HUMAN,DFGin,None,Type1,5,5,5,5,5,5
3QXOA,3QXO,A,145,170,172,4.714146129813093,28,28,CDK2,CMGC_CDK2_HUMAN,None,None,Type1,5,5,5,5,5,5
3QXPA,3QXP,A,145,170,172,4.716221667656803,28,28,CDK2,CMGC_CDK2_HUMAN,DFGin,BLBminus,Type1,5,5,5,5,5,5
3QYWA,3QYW,A,165,193,195,4.697486630001273,31,31,MAPK1,CMGC_MAPK1_RAT,DFGin,BLAminus,Type1,5,5,5,5,5,5
3QYZA,3QYZ,A,165,193,195,4.695095180926697,31,31,MAPK1,CMGC_MAPK1_RAT,DFGin,BLAminus,Type1,5,5,5,5,5,5
3QZFA,3QZF,A,145,170,172,4.701618888823232,28,28,CDK2,CMGC_CDK2_HUMAN,DFGin,BLBtrans,Type1,5,5,5,5,5,5
3QZGA,3QZG,A,145,170,172,4.68834396331696,28,28,CDK2,CMGC_CDK2_HUMAN,None,None,Type1,5,5,5,5,5,5
3QZHA,3QZH,A,145,170,172,4.702490989196779,28,28,CDK2,CMGC_CDK2_HUMAN,None,None,Type1,5,5,5,5,5,5
3QZIA,3QZI,A,145,170,172,4.708562742322481,28,28,CDK2,CMGC_CDK2_HUMAN,None,None,Type1,5,5,5,5,5,5
3R1QA,3R1Q,A,145,170,172,4.705002808826352,28,28,CDK2,CMGC_CDK2_HUMAN,None,None,Type1,5,5,5,5,5,5
3R1SA,3R1S,A,145,170,172,4.704993635408519,28,28,CDK2,CMGC_CDK2_HUMAN,None,None,Type1,5,5,5,5,5,5
3R1YA,3R1Y,A,145,170,172,4.706813533876048,28,28,CDK2,CMGC_CDK2_HUMAN,None,None,Type1,5,5,5,5,5,5
3R28A,3R28,A,145,170,172,4.696679750382625,28,28,CDK2,CMGC_CDK2_HUMAN,None,None,Type1,5,5,5,5,5,5
3R63A,3R63,A,165,193,195,4.8082480012510835,31,31,MAPK1,CMGC_MAPK1_RAT,DFGin,BLAminus,No_ligand,5,5,5,5,5,5
3R6XA,3R6X,A,145,170,172,4.709138871203316,28,28,CDK2,CMGC_CDK2_HUMAN,None,None,Type1,5,5,5,5,5,5
3R71A,3R71,A,145,170,172,4.72419343395449,28,28,CDK2,CMGC_CDK2_HUMAN,None,None,Type1,5,5,5,5,5,5
3R73A,3R73,A,145,170,172,4.713178334511503,28,28,CDK2,CMGC_CDK2_HUMAN,None,None,Type1,5,5,5,5,5,5
3R7EA,3R7E,A,145,170,172,4.710922614253204,28,28,CDK2,CMGC_CDK2_HUMAN,None,None,Type1,5,5,5,5,5,5
3R7IA,3R7I,A,145,170,172,4.697650020890763,20,28,CDK2,CMGC_CDK2_HUMAN,None,None,Type1,5,5,5,5,5,5
3R7UA,3R7U,A,145,170,172,4.7189981771188165,20,28,CDK2,CMGC_CDK2_HUMAN,None,None,Type1,5,5,5,5,5,5
3R7VA,3R7V,A,145,170,172,4.703184161047166,28,28,CDK2,CMGC_CDK2_HUMAN,None,None,Type1,5,5,5,5,5,5
3R7YA,3R7Y,A,145,170,172,4.713908632949661,28,28,CDK2,CMGC_CDK2_HUMAN,None,None,Type1,5,5,5,5,5,5
3R83A,3R83,A,145,170,172,4.709897688686905,28,28,CDK2,CMGC_CDK2_HUMAN,None,None,Type1,5,5,5,5,5,5
3R8LA,3R8L,A,145,170,172,4.707635776114524,28,28,CDK2,CMGC_CDK2_HUMAN,DFGin,BLBtrans,Type1,5,5,5,5,5,5
3R8MA,3R8M,A,145,170,172,4.6853302535530865,20,28,CDK2,CMGC_CDK2_HUMAN,DFGin,BLBminus,Type1,5,5,5,5,5,5
3R8PA,3R8P,A,145,170,172,4.7015247831768665,28,28,CDK2,CMGC_CDK2_HUMAN,DFGin,BLBtrans,Type1,5,5,5,5,5,5
3R8UA,3R8U,A,145,170,172,4.71262682846572,28,28,CDK2,CMGC_CDK2_HUMAN,None,None,Type1,5,5,5,5,5,5
3R8VA,3R8V,A,145,170,172,4.692971426754434,28,28,CDK2,CMGC_CDK2_HUMAN,None,None,Type1,5,5,5,5,5,5
3R8ZA,3R8Z,A,145,170,172,4.703137515798534,24,28,CDK2,CMGC_CDK2_HUMAN,DFGin,BLBminus,Type1,5,5,5,5,5,5
3R9DA,3R9D,A,145,170,172,4.735403800330292,28,28,CDK2,CMGC_CDK2_HUMAN,DFGin,BLAminus,Type1,5,5,5,5,5,5
3R9HA,3R9H,A,145,170,172,4.734061382906787,28,28,CDK2,CMGC_CDK2_HUMAN,DFGin,None,Type1,5,5,5,5,5,5
3R9NA,3R9N,A,145,170,172,4.699651285819466,20,28,CDK2,CMGC_CDK2_HUMAN,None,None,Type1,5,5,5,5,5,5
3R9OA,3R9O,A,145,170,172,4.72721965338495,20,28,CDK2,CMGC_CDK2_HUMAN,DFGin,BLAminus,Type1,5,5,5,5,5,5
3RAHA,3RAH,A,145,170,172,4.708890340151284,20,28,CDK2,CMGC_CDK2_HUMAN,None,None,Type1,5,5,5,5,5,5
3RAIA,3RAI,A,145,170,172,4.709812981591281,28,28,CDK2,CMGC_CDK2_HUMAN,None,None,Type1,5,5,5,5,5,5
3RCJA,3RCJ,A,223,250,252,4.9171832416619115,29,30,PDPK1,AGC_PDPK1_HUMAN,DFGin,BLAminus,Type1,5,5,5,5,5,5
3RHXA,3RHX,A,641,668,670,4.351990538054272,30,30,FGFR1,TYR_FGFR1_HUMAN,DFGin,BLAplus,Type1.5_Back,5,5,5,5,5,5
3RHXB,3RHX,B,641,668,670,4.401107919005928,24,30,FGFR1,TYR_FGFR1_HUMAN,DFGin,BLAplus,Type1.5_Back,5,5,5,5,5,5
3RI1B,3RI1,B,644,671,673,4.256515727990982,30,30,FGFR2,TYR_FGFR2_HUMAN,DFGin,BLAminus,Type1,5,5,5,5,5,5
3RI1A,3RI1,A,644,671,673,4.219052439933569,30,30,FGFR2,TYR_FGFR2_HUMAN,DFGin,BLAminus,Type1.5_Back,5,5,5,5,5,5
3RINA,3RIN,A,168,190,192,4.621199401297491,25,25,MAPK14,CMGC_MAPK14_HUMAN,DFGin,BLBplus,Type1,5,5,5,5,5,5
3RJCA,3RJC,A,145,170,172,4.714142403344333,28,28,CDK2,CMGC_CDK2_HUMAN,DFGin,BLBminus,Type1,5,5,5,5,5,5
3RK5A,3RK5,A,145,170,172,4.725232268770476,28,28,CDK2,CMGC_CDK2_HUMAN,DFGin,None,Type1,5,5,5,5,5,5
3RK7A,3RK7,A,145,170,172,4.719767546466839,28,28,CDK2,CMGC_CDK2_HUMAN,DFGin,None,Type1,5,5,5,5,5,5
3RK9A,3RK9,A,145,170,172,4.720635854589815,28,28,CDK2,CMGC_CDK2_HUMAN,DFGin,BLBminus,Type1,5,5,5,5,5,5
3RKBA,3RKB,A,145,170,172,4.730273320016657,28,28,CDK2,CMGC_CDK2_HUMAN,DFGin,None,Type1,5,5,5,5,5,5
3RM6A,3RM6,A,145,170,172,4.7148909557555285,28,28,CDK2,CMGC_CDK2_HUMAN,DFGin,None,Type1,5,5,5,5,5,5
3RM7A,3RM7,A,145,170,172,4.705671494893159,28,28,CDK2,CMGC_CDK2_HUMAN,None,None,Type1,5,5,5,5,5,5
3RNIA,3RNI,A,145,170,172,4.70322420781713,28,28,CDK2,CMGC_CDK2_HUMAN,DFGin,BLBminus,Type1,5,5,5,5,5,5
3ROYA,3ROY,A,145,170,172,4.70517089728668,28,28,CDK2,CMGC_CDK2_HUMAN,None,None,Type1,5,5,5,5,5,5
3RPOA,3RPO,A,145,170,172,4.7156358757624925,28,28,CDK2,CMGC_CDK2_HUMAN,None,None,Type1,5,5,5,5,5,5
3RPRA,3RPR,A,145,170,172,4.701708442878578,20,28,CDK2,CMGC_CDK2_HUMAN,None,None,Type1,5,5,5,5,5,5
3RPVA,3RPV,A,145,170,172,4.729314558332241,28,28,CDK2,CMGC_CDK2_HUMAN,DFGin,BLBminus,Type1,5,5,5,5,5,5
3RVGA,3RVG,A,994,1022,1024,4.172759120524746,24,31,JAK2,TYR_JAK2-2_HUMAN,DFGin,ABAminus,Type1,5,5,5,5,5,5
3RWQA,3RWQ,A,223,250,252,4.896570003194668,25,30,PDPK1,AGC_PDPK1_HUMAN,DFGin,BLAminus,Type1,5,5,5,5,5,5
3RZBA,3RZB,A,145,170,172,4.74024984922138,20,28,CDK2,CMGC_CDK2_HUMAN,DFGin,BLAminus,Type1,5,5,5,5,5,5
3RZFA,3RZF,A,166,190,192,6.973589125761008,27,27,IKBKBL,OTHER_IKBKBL_XENLA,DFGin,BLAminus,Type1,5,5,5,5,5,5
3S00A,3S00,A,145,170,172,4.697823841453565,28,28,CDK2,CMGC_CDK2_HUMAN,None,None,Type1,5,5,5,5,5,5
3S3IA,3S3I,A,168,190,192,4.65157846760553,25,25,MAPK14,CMGC_MAPK14_HUMAN,DFGin,BLBplus,Type1,5,5,5,5,5,5
3SA0A,3SA0,A,167,195,197,4.863482766403028,31,31,MAPK1,CMGC_MAPK1_HUMAN,DFGin,BLAminus,Type1,5,5,5,5,5,5
3SAYA,3SAY,A,200,224,226,5.5612763120227475,26,27,GSK3B,CMGC_GSK3B_HUMAN,DFGin,BLAminus,Type1,5,5,5,5,5,5
3SAYB,3SAY,B,200,224,226,5.558694314468199,26,27,GSK3B,CMGC_GSK3B_HUMAN,DFGin,BLAminus,Type1,5,5,5,5,5,5
3SC1A,3SC1,A,223,250,252,4.899105395240837,21,30,PDPK1,AGC_PDPK1_HUMAN,DFGin,BLAminus,Type1,5,5,5,5,5,5
3SD0A,3SD0,A,200,224,226,5.505129915251877,27,27,GSK3B,CMGC_GSK3B_HUMAN,DFGin,BLAminus,Type1,5,5,5,5,5,5
3SD0B,3SD0,B,200,224,226,5.526496074449467,27,27,GSK3B,CMGC_GSK3B_HUMAN,DFGin,BLAminus,Type1,5,5,5,5,5,5
3SKCB,3SKC,B,594,621,623,1.2862400512593695,30,30,BRAF,TKL_BRAF_HUMAN,DFGin,BLAplus,Type1,5,5,5,5,5,5
3SLSA,3SLS,A,208,231,233,4.944731830504138,20,26,MAP2K1,STE_MAP2K1_HUMAN,DFGin,BLBplus,"ATPlike,Type3",5,5,5,5,5,5
3SLSB,3SLS,B,208,231,233,5.054177504140088,21,26,MAP2K1,STE_MAP2K1_HUMAN,DFGin,BLBplus,"ATPlike,Type3",5,5,5,5,5,5
3SOAA,3SOA,A,156,181,183,7.103266456927099,28,28,CAMK2A,CAMK_CAMK2A_HUMAN,DFGinter,None,Type1,5,5,5,5,5,5
3SOCA,3SOC,A,340,367,369,8.48714484611911,30,30,ACVR2A,TKL_ACVR2A_HUMAN,DFGin,BLAminus,Type1,5,5,5,5,5,5
3SOCB,3SOC,B,340,367,369,8.653800672240763,28,30,ACVR2A,TKL_ACVR2A_HUMAN,DFGin,BLAminus,Type1,5,5,5,5,5,5
3SQQA,3SQQ,A,145,170,172,4.724518609742682,22,28,CDK2,CMGC_CDK2_HUMAN,DFGin,BLBminus,Type1,5,5,5,5,5,5
3SRVA,3SRV,A,512,540,542,4.563620891600967,30,31,SYK,TYR_SYK_HUMAN,DFGin,BLAminus,Type1,5,5,5,5,5,5
3SRVB,3SRV,B,512,540,542,4.594036426641163,31,31,SYK,TYR_SYK_HUMAN,DFGin,BLAminus,Type1,5,5,5,5,5,5
3SX9A,3SX9,A,195,219,221,7.588532307855934,27,27,CDPK1,CAMK_CDPK1_TOXGO,None,None,Type1,5,5,5,5,5,5
3SXFA,3SXF,A,195,219,221,7.529346246417627,27,27,CDPK1,CAMK_CDPK1_TOXGO,None,None,Type1,5,5,5,5,5,5
3SXRA,3SXR,A,554,580,582,4.331456470094858,29,29,BMX,TYR_BMX_HUMAN,DFGinter,BABtrans,Type1,5,5,5,5,5,5
3SXRB,3SXR,B,554,580,582,4.310507609990029,29,29,BMX,TYR_BMX_HUMAN,DFGinter,BABtrans,Type1,5,5,5,5,5,5
3SXSA,3SXS,A,554,580,582,4.280119532101368,29,29,BMX,TYR_BMX_HUMAN,DFGinter,BABtrans,Type1,5,5,5,5,5,5
3T3UA,3T3U,A,195,219,221,7.520253905181832,27,27,CDPK1,CAMK_CDPK1_TOXGO,None,None,Type1,5,5,5,5,5,5
3T3VA,3T3V,A,195,219,221,7.565871525610431,27,27,CDPK1,CAMK_CDPK1_TOXGO,None,None,Type1,5,5,5,5,5,5
3T8OA,3T8O,A,332,357,359,4.2344265404003805,28,28,GRK1,AGC_GRK1_BOVIN,DFGin,BLAminus,ATPlike,5,5,5,5,5,5
3T9TA,3T9T,A,500,526,528,4.489511241192672,29,29,ITK,TYR_ITK_HUMAN,DFGin,BLBplus,Type1,5,5,5,5,5,5
3TEIA,3TEI,A,167,195,197,4.636344688929338,24,31,MAPK1,CMGC_MAPK1_HUMAN,DFGin,BLAminus,ATPlike,5,5,5,5,5,5
3THBA,3THB,A,194,219,221,4.704470473915213,28,28,PLK1,CAMK_PLK1_HUMAN,DFGin,BLAminus,Type1,5,5,5,5,5,5
3TI1A,3TI1,A,145,170,172,4.704698507512669,28,28,CDK2,CMGC_CDK2_HUMAN,DFGin,BLBminus,Type1,5,5,5,5,5,5
3TIYA,3TIY,A,145,170,172,4.702361387290898,28,28,CDK2,CMGC_CDK2_HUMAN,DFGin,BLAminus,Type1,5,5,5,5,5,5
3TIZA,3TIZ,A,145,170,172,4.687859736294364,28,28,CDK2,CMGC_CDK2_HUMAN,DFGin,BLBminus,Type1,5,5,5,5,5,5
3TJCA,3TJC,A,994,1022,1024,4.1720715594604485,29,31,JAK2,TYR_JAK2-2_HUMAN,DFGin,ABAminus,Type1,5,5,5,5,5,5
3TJCB,3TJC,B,994,1022,1024,4.175937060216105,29,31,JAK2,TYR_JAK2-2_HUMAN,DFGin,ABAminus,Type1,5,5,5,5,5,5
3TJDA,3TJD,A,994,1022,1024,4.165830825536522,29,31,JAK2,TYR_JAK2-2_HUMAN,DFGin,ABAminus,Type1,5,5,5,5,5,5
3TJDB,3TJD,B,994,1022,1024,4.165923932582016,29,31,JAK2,TYR_JAK2-2_HUMAN,DFGin,ABAminus,Type1,5,5,5,5,5,5
3TKHA,3TKH,A,148,175,177,5.155669770259471,30,30,CHEK1,CAMK_CHEK1_HUMAN,DFGin,BLAminus,Type1,5,5,5,5,5,5
3TKIA,3TKI,A,148,175,177,5.17594021266208,30,30,CHEK1,CAMK_CHEK1_HUMAN,DFGin,BLAminus,Type1,5,5,5,5,5,5
3TKUA,3TKU,A,218,244,246,3.7777024493480407,29,29,CDC42BPB,AGC_CDC42BPB_HUMAN,DFGin,BLAminus,"Type1,Allosteric",5,5,5,5,5,5
3TKUB,3TKU,B,218,244,246,3.7448311226184487,29,29,CDC42BPB,AGC_CDC42BPB_HUMAN,DFGin,BLAminus,"Type1,Allosteric",5,5,5,5,5,5
3TL8A,3TL8,A,434,460,462,5.524029364492884,26,29,BAK1,TKL_BAK1_ARATH,DFGin,ABAminus,No_ligand,5,5,5,5,5,5
3TL8D,3TL8,D,434,460,462,5.268573834607818,26,29,BAK1,TKL_BAK1_ARATH,DFGin,ABAminus,No_ligand,5,5,5,5,5,5
3TL8H,3TL8,H,434,460,462,5.577863074512703,26,29,BAK1,TKL_BAK1_ARATH,DFGin,ABAminus,No_ligand,5,5,5,5,5,5
3TL8G,3TL8,G,434,460,462,5.449053618338713,26,29,BAK1,TKL_BAK1_ARATH,DFGin,None,No_ligand,5,5,5,5,5,5
3TNPC,3TNP,C,184,206,208,4.857929465687026,24,25,PRKACA,AGC_PRKACA_MOUSE,DFGin,ABAminus,No_ligand,5,5,5,5,5,5
3TNPF,3TNP,F,184,206,208,4.857935171841748,24,25,PRKACA,AGC_PRKACA_MOUSE,DFGin,ABAminus,No_ligand,5,5,5,5,5,5
3TNQB,3TNQ,B,184,206,208,4.82033410496705,24,25,PRKACA,AGC_PRKACA_RAT,DFGin,ABAminus,ATPlike,5,5,5,5,5,5
3TNWA,3TNW,A,145,170,172,4.729089681909507,27,28,CDK2,CMGC_CDK2_HUMAN,DFGin,BLAminus,Type1,5,5,5,5,5,5
3TNWC,3TNW,C,145,170,172,4.685948980885013,27,28,CDK2,CMGC_CDK2_HUMAN,DFGin,BLAminus,Type1,5,5,5,5,5,5
3TT0A,3TT0,A,641,668,670,4.446814802486362,30,30,FGFR1,TYR_FGFR1_HUMAN,DFGin,BLAplus,Type1.5_Back,5,5,5,5,5,5
3TTIA,3TTI,A,207,231,233,5.436864932880209,22,27,MAPK10,CMGC_MAPK10_HUMAN,DFGin,ABAminus,Type1,5,5,5,5,5,5
3TV4B,3TV4,B,594,621,623,1.2111445764884452,30,30,BRAF,TKL_BRAF_HUMAN,DFGin,BLAplus,Type1.5_Back,5,5,5,5,5,5
3TV6A,3TV6,A,594,621,623,1.3345285281188584,22,30,BRAF,TKL_BRAF_HUMAN,DFGin,BLAplus,Type1.5_Back,5,5,5,5,5,5
3TV6B,3TV6,B,594,621,623,1.2293671750092678,30,30,BRAF,TKL_BRAF_HUMAN,DFGin,BLAplus,Type1.5_Back,5,5,5,5,5,5
3TV7A,3TV7,A,216,242,244,2.9765211670112754,29,29,ROCK1,AGC_ROCK1_HUMAN,DFGin,BLAminus,Type1,5,5,5,5,5,5
3TV7B,3TV7,B,216,242,244,3.0265636092393597,29,29,ROCK1,AGC_ROCK1_HUMAN,DFGin,BLAminus,Type1,5,5,5,5,5,5
3TV7C,3TV7,C,216,242,244,2.982113683832291,29,29,ROCK1,AGC_ROCK1_HUMAN,DFGin,BLAminus,Type1,5,5,5,5,5,5
3TV7D,3TV7,D,216,242,244,3.0194309005733757,29,29,ROCK1,AGC_ROCK1_HUMAN,DFGin,BLAminus,Type1,5,5,5,5,5,5
3TWJA,3TWJ,A,216,242,244,3.0654636095905503,29,29,ROCK1,AGC_ROCK1_HUMAN,DFGin,BLAminus,Type1.5_Back,5,5,5,5,5,5
3TWJC,3TWJ,C,216,242,244,2.922543459523805,29,29,ROCK1,AGC_ROCK1_HUMAN,DFGin,None,Type1,5,5,5,5,5,5
3TWJB,3TWJ,B,216,242,244,3.11919810904954,29,29,ROCK1,AGC_ROCK1_HUMAN,DFGinter,None,No_ligand,5,5,5,5,5,5
3TWJD,3TWJ,D,216,242,244,3.001054250081364,29,29,ROCK1,AGC_ROCK1_HUMAN,DFGinter,None,No_ligand,5,5,5,5,5,5
3TZMA,3TZM,A,351,380,382,8.2715979855212,30,32,TGFBR1,TKL_TGFBR1_HUMAN,DFGin,BLAminus,Type1,5,5,5,5,5,5
3U4WA,3U4W,A,404,430,432,4.579016291749665,29,29,SRC,TYR_SRC_CHICK,DFGin,BLBtrans,No_ligand,5,5,5,5,5,5
3U6JA,3U6J,A,1046,1073,1075,4.411549985242855,30,30,KDR,TYR_KDR_HUMAN,DFGout,BBAminus,Type2,5,5,5,5,5,5
3U8WA,3U8W,A,168,190,192,4.649368615059281,25,25,MAPK14,CMGC_MAPK14_HUMAN,DFGin,BLBplus,Type1,5,5,5,5,5,5
3U9NA,3U9N,A,148,175,177,5.155329494715325,30,30,CHEK1,CAMK_CHEK1_HUMAN,DFGin,BLAminus,Type1,5,5,5,5,5,5
3UBDA,3UBD,A,211,236,238,5.062931482504702,23,28,RPS6KA3,AGC_RPS6KA3-1_MOUSE,DFGout,None,Type1,5,5,5,5,5,5
3UE4A,3UE4,A,381,407,409,4.395169916612424,29,29,ABL1,TYR_ABL1_HUMAN,DFGout,None,Type1,5,5,5,5,5,5
3UE4B,3UE4,B,381,407,409,4.379869314147111,29,29,ABL1,TYR_ABL1_HUMAN,DFGout,None,Type1,5,5,5,5,5,5
3UIMA,3UIM,A,434,460,462,5.77570555921706,25,29,BAK1,TKL_BAK1_ARATH,DFGin,BLAminus,ATPlike,5,5,5,5,5,5
3UJGA,3UJG,A,160,184,186,5.266699103168991,27,27,SRK2E,CAMK_SRK2E_ARATH,DFGinter,None,No_ligand,5,5,5,5,5,5
3ULIA,3ULI,A,145,170,172,4.757852644532502,21,28,CDK2,CMGC_CDK2_HUMAN,DFGin,BLBtrans,Type1,5,5,5,5,5,5
3ULZA,3ULZ,A,434,460,462,5.80887470677834,25,29,BAK1,TKL_BAK1_ARATH,DFGin,BLAminus,No_ligand,5,5,5,5,5,5
3UNJA,3UNJ,A,145,170,172,4.694470782877688,28,28,CDK2,CMGC_CDK2_HUMAN,DFGin,BLBminus,Type1,5,5,5,5,5,5
3UNKA,3UNK,A,145,170,172,4.665874399291396,28,28,CDK2,CMGC_CDK2_HUMAN,DFGin,BLBminus,Type1,5,5,5,5,5,5
3UPXA,3UPX,A,195,219,221,7.580130061794625,27,27,CDPK1,CAMK_CDPK1_TOXGO,None,None,Type1,5,5,5,5,5,5
3UPZA,3UPZ,A,195,219,221,7.579777037084154,27,27,CDPK1,CAMK_CDPK1_TOXGO,None,None,Type1,5,5,5,5,5,5
3UTOB,3UTO,B,297,321,323,6.2159891243305925,27,27,TWITCHIN,CAMK_TWITCHIN_CAEEL,DFGin,ABAminus,Allosteric,5,5,5,5,5,5
3UTOA,3UTO,A,297,321,323,6.245895862560556,27,27,TWITCHIN,CAMK_TWITCHIN_CAEEL,DFGin,ABAminus,No_ligand,5,5,5,5,5,5
3UZSA,3UZS,A,335,358,360,3.976244869912264,26,26,GRK2,AGC_GRK2_BOVIN,DFGin,None,No_ligand,5,5,5,5,5,5
3UZTA,3UZT,A,335,358,360,5.4661007961903145,26,26,GRK2,AGC_GRK2_BOVIN,DFGin,None,No_ligand,5,5,5,5,5,5
3V01A,3V01,A,208,231,233,6.708399165515354,23,26,MAP2K1,STE_MAP2K1_HUMAN,DFGin,BLBplus,"Type3,ATPlike",5,5,5,5,5,5
3V04A,3V04,A,208,231,233,6.70944065244362,23,26,MAP2K1,STE_MAP2K1_HUMAN,DFGin,BLBplus,"Type3,ATPlike",5,5,5,5,5,5
3V3VA,3V3V,A,169,193,195,5.266450614543541,23,27,MAPK8,CMGC_MAPK8_HUMAN,DFGin,BLAminus,Type1,5,5,5,5,5,5
3V51A,3V51,A,195,219,221,7.589391251318092,27,27,CDPK1,CAMK_CDPK1_TOXGO,None,None,Type1.5_Back,5,5,5,5,5,5
3V5PA,3V5P,A,195,219,221,7.554335511589476,27,27,CDPK1,CAMK_CDPK1_TOXGO,None,None,Type1,5,5,5,5,5,5
3V5TA,3V5T,A,195,219,221,7.601100324378205,27,27,CDPK1,CAMK_CDPK1_TOXGO,None,None,Type1,5,5,5,5,5,5
3V5WA,3V5W,A,335,358,360,3.9459391778133504,26,26,GRK2,AGC_GRK2_HUMAN,DFGin,BLAminus,Type1,5,5,5,5,5,5
3V6RA,3V6R,A,207,231,233,5.370503345675553,23,27,MAPK10,CMGC_MAPK10_HUMAN,DFGin,ABAminus,Type1,5,5,5,5,5,5
3V6RB,3V6R,B,207,231,233,5.352270341534184,21,27,MAPK10,CMGC_MAPK10_HUMAN,DFGin,ABAminus,Type1,5,5,5,5,5,5
3V6SA,3V6S,A,207,231,233,5.332740306515956,22,27,MAPK10,CMGC_MAPK10_HUMAN,DFGin,ABAminus,Type1,5,5,5,5,5,5
3V8SA,3V8S,A,216,242,244,2.90733989043244,29,29,ROCK1,AGC_ROCK1_HUMAN,DFGin,BLAminus,Type1,5,5,5,5,5,5
3V8SB,3V8S,B,216,242,244,3.037183789832302,29,29,ROCK1,AGC_ROCK1_HUMAN,DFGin,BLAminus,Type1,5,5,5,5,5,5
3V8SC,3V8S,C,216,242,244,2.9446130050235757,29,29,ROCK1,AGC_ROCK1_HUMAN,DFGin,BLAminus,Type1,5,5,5,5,5,5
3V8SD,3V8S,D,216,242,244,3.014003089728933,29,29,ROCK1,AGC_ROCK1_HUMAN,DFGin,BLAminus,Type1,5,5,5,5,5,5
3VF8A,3VF8,A,512,540,542,4.562669987230294,31,31,SYK,TYR_SYK_HUMAN,DFGin,BLAminus,Type1,5,5,5,5,5,5
3VF9A,3VF9,A,512,540,542,4.571524995658869,31,31,SYK,TYR_SYK_HUMAN,DFGin,BLAminus,Type1,5,5,5,5,5,5
3VHEA,3VHE,A,1046,1073,1075,4.421395590399728,28,30,KDR,TYR_KDR_HUMAN,DFGout,BBAminus,Type2,5,5,5,5,5,5
3VHKA,3VHK,A,1046,1073,1075,4.371178759185029,28,30,KDR,TYR_KDR_HUMAN,DFGout,BBAminus,Type2,5,5,5,5,5,5
3VN9A,3VN9,A,197,221,223,3.2335516583782735,27,27,MAP2K6,STE_MAP2K6_HUMAN,None,None,Type1,5,5,5,5,5,5
3VNTA,3VNT,A,1046,1073,1075,4.384043072362402,30,30,KDR,TYR_KDR_HUMAN,DFGout,None,Type2,5,5,5,5,5,5
3VO3A,3VO3,A,1046,1073,1075,4.39726269742319,30,30,KDR,TYR_KDR_HUMAN,DFGout,None,Type2,5,5,5,5,5,5
3VQHA,3VQH,A,184,206,208,4.824646091266156,24,25,PRKACA,AGC_PRKACA_HUMAN,DFGin,BLAminus,Type1,5,5,5,5,5,5
3VUDA,3VUD,A,169,193,195,5.251495647557971,24,27,MAPK8,CMGC_MAPK8_HUMAN,DFGin,BLAminus,No_ligand,5,5,5,5,5,5
3VUGA,3VUG,A,169,193,195,5.23333220343927,24,27,MAPK8,CMGC_MAPK8_HUMAN,DFGin,BLAminus,No_ligand,5,5,5,5,5,5
3VUHA,3VUH,A,169,193,195,5.213377469416252,24,27,MAPK8,CMGC_MAPK8_HUMAN,DFGin,BLAminus,No_ligand,5,5,5,5,5,5
3VUIA,3VUI,A,169,193,195,5.214664944880869,24,27,MAPK8,CMGC_MAPK8_HUMAN,DFGin,BLAminus,No_ligand,5,5,5,5,5,5
3VUKA,3VUK,A,169,193,195,5.270705369874953,24,27,MAPK8,CMGC_MAPK8_HUMAN,DFGin,BLAminus,No_ligand,5,5,5,5,5,5
3VVHA,3VVH,A,208,231,233,6.691620098507553,21,26,MAP2K1,STE_MAP2K1_HUMAN,DFGin,BLBplus,"ATPlike,Type3",5,5,5,5,5,5
3VVHB,3VVH,B,208,231,233,6.846233659652381,26,26,MAP2K1,STE_MAP2K1_HUMAN,DFGin,BLBplus,"ATPlike,Type3",5,5,5,5,5,5
3VVHC,3VVH,C,208,231,233,5.295526895735165,26,26,MAP2K1,STE_MAP2K1_HUMAN,DFGin,BLBplus,"ATPlike,Type3",5,5,5,5,5,5
3VW6A,3VW6,A,822,847,849,4.129494165842074,20,28,MAP3K5,STE_MAP3K5_HUMAN,DFGin,BLAminus,Type1,5,5,5,5,5,5
3W8QA,3W8Q,A,208,231,233,8.39481917277883,26,26,MAP2K1,STE_MAP2K1_HUMAN,None,None,ATPlike,5,5,5,5,5,5
3WE4A,3WE4,A,236,261,263,4.9806484556673984,24,28,RPS6KB1,AGC_RPS6KB1_HUMAN,DFGin,ABAminus,Type1,5,5,5,5,5,5
3WF5A,3WF5,A,236,261,263,4.985689932226408,27,28,RPS6KB1,AGC_RPS6KB1_HUMAN,DFGin,ABAminus,Type1,5,5,5,5,5,5
3WF6A,3WF6,A,236,261,263,4.996760891937808,27,28,RPS6KB1,AGC_RPS6KB1_HUMAN,DFGin,ABAminus,Type1,5,5,5,5,5,5
3WF7A,3WF7,A,236,261,263,4.998675533591574,24,28,RPS6KB1,AGC_RPS6KB1_HUMAN,DFGin,None,Type1,5,5,5,5,5,5
3WF8A,3WF8,A,236,261,263,4.797743610713571,27,28,RPS6KB1,AGC_RPS6KB1_HUMAN,DFGin,BLAminus,Type1,5,5,5,5,5,5
3WF9A,3WF9,A,236,261,263,4.810924857065815,27,28,RPS6KB1,AGC_RPS6KB1_HUMAN,DFGin,BLAminus,Type1,5,5,5,5,5,5
3WIGA,3WIG,A,209,232,234,5.1884065520799725,26,26,MAP2K1,STE_MAP2K1_HUMAN,DFGin,BLBplus,"ATPlike,Type3",5,5,5,5,5,5
3WZEA,3WZE,A,1046,1073,1075,4.402851123371902,29,30,KDR,TYR_KDR_HUMAN,DFGout,BBAminus,Type2,5,5,5,5,5,5
3X2UA,3X2U,A,184,206,208,4.831321485403993,24,25,PRKACA,AGC_PRKACA_MOUSE,DFGin,BLAminus,ATPlike,5,5,5,5,5,5
3X2VA,3X2V,A,184,206,208,4.809372147778764,24,25,PRKACA,AGC_PRKACA_MOUSE,DFGin,BLAminus,ATPlike,5,5,5,5,5,5
3X2WA,3X2W,A,184,206,208,4.853405964926559,24,25,PRKACA,AGC_PRKACA_MOUSE,DFGin,BLAminus,ATPlike,5,5,5,5,5,5
3ZC6A,3ZC6,A,967,995,997,4.094661606520489,25,31,JAK3,TYR_JAK3-2_HUMAN,DFGin,BLAminus,Type1,5,5,5,5,5,5
3ZC6B,3ZC6,B,967,995,997,4.116439434434006,25,31,JAK3,TYR_JAK3-2_HUMAN,DFGin,BLAminus,Type1,5,5,5,5,5,5
3ZC6C,3ZC6,C,967,995,997,4.06085624718589,25,31,JAK3,TYR_JAK3-2_HUMAN,DFGin,BLAminus,Type1,5,5,5,5,5,5
3ZC6D,3ZC6,D,967,995,997,4.118315739185947,24,31,JAK3,TYR_JAK3-2_HUMAN,DFGin,BLAminus,Type1,5,5,5,5,5,5
3ZDIA,3ZDI,A,200,224,226,5.531996531427776,26,27,GSK3B,CMGC_GSK3B_HUMAN,DFGin,BLAminus,Type1,5,5,5,5,5,5
3ZDUA,3ZDU,A,143,168,170,4.562165525846623,23,28,CDKL3,CMGC_CDKL3_HUMAN,DFGin,BLAminus,Type1,5,5,5,5,5,5
3ZEPA,3ZEP,A,967,995,997,4.075644974495821,29,31,JAK3,TYR_JAK3-2_HUMAN,DFGin,BLAminus,Type1,5,5,5,5,5,5
3ZEPB,3ZEP,B,967,995,997,4.170240205250599,25,31,JAK3,TYR_JAK3-2_HUMAN,DFGin,BLAminus,Type1,5,5,5,5,5,5
3ZEPC,3ZEP,C,967,995,997,4.086083059436397,27,31,JAK3,TYR_JAK3-2_HUMAN,DFGin,BLAminus,Type1,5,5,5,5,5,5
3ZEPD,3ZEP,D,967,995,997,4.085930236916326,26,31,JAK3,TYR_JAK3-2_HUMAN,DFGin,BLAminus,Type1,5,5,5,5,5,5
3ZEWA,3ZEW,A,758,788,790,4.349009280949341,26,33,EPHB4,TYR_EPHB4_HUMAN,DFGin,BLAminus,Type1,5,5,5,5,5,5
3ZFYA,3ZFY,A,776,806,808,4.4153894998212575,25,33,EPHB3,TYR_EPHB3_HUMAN,DFGin,None,No_ligand,5,5,5,5,5,5
3ZFYB,3ZFY,B,776,806,808,4.422262504589531,25,33,EPHB3,TYR_EPHB3_HUMAN,DFGin,None,No_ligand,5,5,5,5,5,5
3ZH8A,3ZH8,A,387,412,414,4.321434412534622,27,28,PRKCI,AGC_PRKCI_HUMAN,DFGin,BLAminus,Type1,5,5,5,5,5,5
3ZH8B,3ZH8,B,387,412,414,4.307387456519403,27,28,PRKCI,AGC_PRKCI_HUMAN,DFGin,BLAminus,Type1,5,5,5,5,5,5
3ZH8C,3ZH8,C,387,412,414,4.335040859866928,27,28,PRKCI,AGC_PRKCI_HUMAN,DFGin,BLAminus,Type1,5,5,5,5,5,5
3ZHPC,3ZHP,C,162,187,189,4.717861243687204,25,28,STK24,STE_STK24_HUMAN,DFGin,BLBminus,No_ligand,5,5,5,5,5,5
3ZHPD,3ZHP,D,162,187,189,4.719142829151666,22,28,STK24,STE_STK24_HUMAN,DFGin,BLBminus,No_ligand,5,5,5,5,5,5
3ZLSA,3ZLS,A,208,231,233,6.766979276228274,26,26,MAP2K1,STE_MAP2K1_HUMAN,DFGin,BLBplus,Type1,5,5,5,5,5,5
3ZLWA,3ZLW,A,208,231,233,6.7331792523655345,23,26,MAP2K1,STE_MAP2K1_HUMAN,DFGin,BLBplus,Type1,5,5,5,5,5,5
3ZLXA,3ZLX,A,208,231,233,6.777274258713271,23,26,MAP2K1,STE_MAP2K1_HUMAN,DFGin,BLBplus,Type1,5,5,5,5,5,5
3ZLYA,3ZLY,A,208,231,233,6.746411332762244,23,26,MAP2K1,STE_MAP2K1_HUMAN,DFGin,BLBplus,Type1,5,5,5,5,5,5
3ZM4A,3ZM4,A,208,231,233,6.793907451115979,22,26,MAP2K1,STE_MAP2K1_HUMAN,DFGin,BLBplus,Type1,5,5,5,5,5,5
3ZMMA,3ZMM,A,994,1022,1024,4.16196480192703,25,31,JAK2,TYR_JAK2-2_HUMAN,DFGin,ABAminus,Type1,5,5,5,5,5,5
3ZMMB,3ZMM,B,994,1022,1024,4.158868294476106,29,31,JAK2,TYR_JAK2-2_HUMAN,DFGin,ABAminus,Type1,5,5,5,5,5,5
3ZO1A,3ZO1,A,184,206,208,4.8175185247812085,24,25,PRKACA,AGC_PRKACA_BOVIN,DFGin,BLAminus,Type1,5,5,5,5,5,5
3ZO2A,3ZO2,A,184,206,208,4.816548791482146,24,25,PRKACA,AGC_PRKACA_BOVIN,DFGin,ABAminus,Type1,5,5,5,5,5,5
3ZO3A,3ZO3,A,184,206,208,4.826806161271507,24,25,PRKACA,AGC_PRKACA_BOVIN,DFGin,ABAminus,Type1,5,5,5,5,5,5
3ZO4A,3ZO4,A,184,206,208,4.8227188124803435,24,25,PRKACA,AGC_PRKACA_BOVIN,DFGin,BLAminus,Type1,5,5,5,5,5,5
3ZRKA,3ZRK,A,200,224,226,5.48497729790058,26,27,GSK3B,CMGC_GSK3B_HUMAN,DFGin,BLAminus,Type1,5,5,5,5,5,5
3ZRKB,3ZRK,B,200,224,226,5.483685444154039,26,27,GSK3B,CMGC_GSK3B_HUMAN,DFGin,BLAminus,Type1,5,5,5,5,5,5
3ZRLA,3ZRL,A,200,224,226,5.487389264312716,26,27,GSK3B,CMGC_GSK3B_HUMAN,DFGin,BLAminus,Type1,5,5,5,5,5,5
3ZRLB,3ZRL,B,200,224,226,5.482505257204823,26,27,GSK3B,CMGC_GSK3B_HUMAN,DFGin,BLAminus,Type1,5,5,5,5,5,5
3ZRMA,3ZRM,A,200,224,226,5.479489542846161,26,27,GSK3B,CMGC_GSK3B_HUMAN,DFGin,BLAminus,Type1,5,5,5,5,5,5
3ZRMB,3ZRM,B,200,224,226,5.482641018115013,26,27,GSK3B,CMGC_GSK3B_HUMAN,DFGin,BLAminus,Type1,5,5,5,5,5,5
3ZU7A,3ZU7,A,165,193,195,4.550516839925948,31,31,MAPK1,CMGC_MAPK1_RAT,DFGin,BLAminus,No_ligand,5,5,5,5,5,5
3ZUVA,3ZUV,A,165,193,195,4.693489554102177,29,31,MAPK1,CMGC_MAPK1_RAT,DFGin,BLAminus,No_ligand,5,5,5,5,5,5
3ZUVC,3ZUV,C,165,193,195,4.677685515279583,29,31,MAPK1,CMGC_MAPK1_RAT,DFGin,BLAminus,No_ligand,5,5,5,5,5,5
3ZZWA,3ZZW,A,633,660,662,4.365976287249487,30,30,ROR2,TYR_ROR2_HUMAN,DFGinter,None,No_ligand,5,5,5,5,5,5
3ZZWB,3ZZW,B,633,660,662,4.34730784025966,30,30,ROR2,TYR_ROR2_HUMAN,DFGout,None,No_ligand,5,5,5,5,5,5
4A06A,4A06,A,223,250,252,4.895275291492723,29,30,PDPK1,AGC_PDPK1_HUMAN,DFGin,BLAminus,"ATPlike,Allosteric",5,5,5,5,5,5
4A07A,4A07,A,223,250,252,4.888942944530147,29,30,PDPK1,AGC_PDPK1_HUMAN,DFGin,BLAminus,"ATPlike,Allosteric,Allosteric",5,5,5,5,5,5
4A4LA,4A4L,A,194,219,221,4.717462224814665,28,28,PLK1,CAMK_PLK1_HUMAN,DFGin,BLAminus,Type1,5,5,5,5,5,5
4A4OA,4A4O,A,194,219,221,4.720363448419217,28,28,PLK1,CAMK_PLK1_HUMAN,DFGin,BLAminus,Type1,5,5,5,5,5,5
4A9RA,4A9R,A,368,392,394,6.9381780866336324,27,27,CHEK2,CAMK_CHEK2_HUMAN,DFGin,BLAminus,Type1,5,5,5,5,5,5
4A9SA,4A9S,A,368,392,394,6.994590537159385,25,27,CHEK2,CAMK_CHEK2_HUMAN,DFGin,BLAminus,Type1,5,5,5,5,5,5
4A9TA,4A9T,A,368,392,394,6.92574762522081,27,27,CHEK2,CAMK_CHEK2_HUMAN,DFGin,BLAminus,Type1,5,5,5,5,5,5
4A9UA,4A9U,A,368,392,394,6.9618899427713306,25,27,CHEK2,CAMK_CHEK2_HUMAN,DFGin,BLAminus,Type1,5,5,5,5,5,5
4AA4A,4AA4,A,168,190,192,4.835036542210825,25,25,MAPK14,CMGC_MAPK14_HUMAN,DFGin,BLBplus,Type1,5,5,5,5,5,5
4AA5A,4AA5,A,168,190,192,4.905856678950958,22,25,MAPK14,CMGC_MAPK14_HUMAN,DFGin,BLBplus,Type1,5,5,5,5,5,5
4AACA,4AAC,A,168,190,192,4.834662332334235,25,25,MAPK14,CMGC_MAPK14_HUMAN,DFGin,BLBplus,Type1,5,5,5,5,5,5
4ACCA,4ACC,A,200,224,226,5.555706231895843,27,27,GSK3B,CMGC_GSK3B_HUMAN,DFGin,BLAminus,Type1,5,5,5,5,5,5
4ACCB,4ACC,B,200,224,226,5.554069985036209,27,27,GSK3B,CMGC_GSK3B_HUMAN,DFGin,BLAminus,Type1,5,5,5,5,5,5
4ACDA,4ACD,A,200,224,226,5.562235690338911,27,27,GSK3B,CMGC_GSK3B_HUMAN,DFGin,BLAminus,Type1,5,5,5,5,5,5
4ACDB,4ACD,B,200,224,226,5.565124659773845,27,27,GSK3B,CMGC_GSK3B_HUMAN,DFGin,BLAminus,Type1,5,5,5,5,5,5
4ACGA,4ACG,A,200,224,226,5.543081706810201,27,27,GSK3B,CMGC_GSK3B_HUMAN,DFGin,BLAminus,Type1,5,5,5,5,5,5
4ACGB,4ACG,B,200,224,226,5.542222632501218,27,27,GSK3B,CMGC_GSK3B_HUMAN,DFGin,BLAminus,Type1,5,5,5,5,5,5
4ACHA,4ACH,A,200,224,226,5.5611270100723855,27,27,GSK3B,CMGC_GSK3B_HUMAN,DFGin,BLAminus,Type1,5,5,5,5,5,5
4ACHB,4ACH,B,200,224,226,5.563576544510213,27,27,GSK3B,CMGC_GSK3B_HUMAN,DFGin,BLAminus,Type1,5,5,5,5,5,5
4AE6A,4AE6,A,184,206,208,4.835587343144769,24,25,PRKACA,AGC_PRKACA_HUMAN,DFGin,ABAminus,No_ligand,5,5,5,5,5,5
4AE6B,4AE6,B,184,206,208,4.902777529215798,24,25,PRKACA,AGC_PRKACA_HUMAN,DFGin,ABAminus,No_ligand,5,5,5,5,5,5
4AE9A,4AE9,A,184,206,208,4.844449442106202,24,25,PRKACA,AGC_PRKACA_HUMAN,DFGin,ABAminus,No_ligand,5,5,5,5,5,5
4AE9B,4AE9,B,184,206,208,4.913724616906396,24,25,PRKACA,AGC_PRKACA_HUMAN,DFGin,ABAminus,No_ligand,5,5,5,5,5,5
4AFJA,4AFJ,A,200,224,226,5.495882427816657,26,27,GSK3B,CMGC_GSK3B_HUMAN,DFGin,BLAminus,Type1,5,5,5,5,5,5
4AFJB,4AFJ,B,200,224,226,5.521824704737295,26,27,GSK3B,CMGC_GSK3B_HUMAN,DFGin,BLAminus,Type1,5,5,5,5,5,5
4AG8A,4AG8,A,1046,1073,1075,4.397336460678878,30,30,KDR,TYR_KDR_HUMAN,DFGout,BBAminus,Type1,5,5,5,5,5,5
4AGCA,4AGC,A,1046,1073,1075,4.412209286891941,30,30,KDR,TYR_KDR_HUMAN,DFGout,BBAminus,Type1.5_Back,5,5,5,5,5,5
4AGDA,4AGD,A,1046,1073,1075,4.390573579248921,30,30,KDR,TYR_KDR_HUMAN,DFGout,BBAminus,Type1,5,5,5,5,5,5
4AN2A,4AN2,A,208,231,233,4.694214230748806,26,26,MAP2K1,STE_MAP2K1_HUMAN,DFGin,BLBplus,"Type3,ATPlike",5,5,5,5,5,5
4AN3A,4AN3,A,208,231,233,4.751012646870824,24,26,MAP2K1,STE_MAP2K1_HUMAN,DFGin,BLBplus,"ATPlike,Type3",5,5,5,5,5,5
4AN9A,4AN9,A,208,231,233,4.720241840762004,25,26,MAP2K1,STE_MAP2K1_HUMAN,DFGin,BLBplus,"ATPlike,Type3",5,5,5,5,5,5
4ANBA,4ANB,A,208,231,233,4.713009152227272,26,26,MAP2K1,STE_MAP2K1_HUMAN,DFGin,BLBplus,"Type3,ATPlike",5,5,5,5,5,5
4APCA,4APC,A,146,171,173,4.957892239163365,28,28,NEK1,NEK_NEK1_HUMAN,DFGinter,BABtrans,No_ligand,5,5,5,5,5,5
4APCB,4APC,B,146,171,173,4.9083828017080045,28,28,NEK1,NEK_NEK1_HUMAN,DFGinter,BABtrans,No_ligand,5,5,5,5,5,5
4APPA,4APP,A,458,483,485,4.861878633385544,27,28,PAK4,STE_PAK4_HUMAN,DFGin,BLAminus,Type1,5,5,5,5,5,5
4AQCA,4AQC,A,994,1022,1024,4.175328247852527,29,31,JAK2,TYR_JAK2-2_HUMAN,DFGin,ABAminus,Type1,5,5,5,5,5,5
4AQCB,4AQC,B,994,1022,1024,4.135516767540895,29,31,JAK2,TYR_JAK2-2_HUMAN,DFGin,ABAminus,Type1,5,5,5,5,5,5
4ARKA,4ARK,A,208,231,233,6.695876329973377,26,26,MAP2K1,STE_MAP2K1_HUMAN,DFGin,BLBplus,"ATPlike,Type3",5,5,5,5,5,5
4ASDA,4ASD,A,1046,1073,1075,4.398754481452125,30,30,KDR,TYR_KDR_HUMAN,DFGout,BBAminus,Type2,5,5,5,5,5,5
4ASEA,4ASE,A,1046,1073,1075,4.400861058541983,30,30,KDR,TYR_KDR_HUMAN,DFGout,BBAminus,Type2,5,5,5,5,5,5
4ASXA,4ASX,A,340,367,369,8.6514346623487,29,30,ACVR2A,TKL_ACVR2A_HUMAN,DFGin,BLAminus,Type1,5,5,5,5,5,5
4ASXB,4ASX,B,340,367,369,8.486596869074429,30,30,ACVR2A,TKL_ACVR2A_HUMAN,DFGin,BLAminus,Type1,5,5,5,5,5,5
4AW0A,4AW0,A,223,250,252,4.927409329871367,29,30,PDPK1,AGC_PDPK1_HUMAN,DFGin,BLAminus,"ATPlike,Allosteric",5,5,5,5,5,5
4AW1A,4AW1,A,223,250,252,4.9216579716197435,23,30,PDPK1,AGC_PDPK1_HUMAN,DFGin,BLAminus,"ATPlike,Allosteric",5,5,5,5,5,5
4AW2A,4AW2,A,219,245,247,3.8428659863470966,29,29,CDC42BPA,AGC_CDC42BPA_RAT,DFGin,BLAminus,Allosteric,5,5,5,5,5,5
4AWIA,4AWI,A,169,193,195,5.430887783936458,22,27,MAPK8,CMGC_MAPK8_HUMAN,DFGin,ABAminus,Type1,5,5,5,5,5,5
4AXAA,4AXA,A,184,206,208,4.808206641124884,24,25,PRKACA,AGC_PRKACA_BOVIN,DFGin,ABAminus,Type1,5,5,5,5,5,5
4AZEA,4AZE,A,307,329,331,7.117597849623329,24,25,DYRK1A,CMGC_DYRK1A_HUMAN,DFGin,BLAminus,Type1,5,5,5,5,5,5
4AZEB,4AZE,B,307,329,331,7.119005690760518,24,25,DYRK1A,CMGC_DYRK1A_HUMAN,DFGin,BLAminus,Type1,5,5,5,5,5,5
4AZEC,4AZE,C,307,329,331,7.119892981926653,24,25,DYRK1A,CMGC_DYRK1A_HUMAN,DFGin,BLAminus,Type1,5,5,5,5,5,5
4AZFA,4AZF,A,295,317,319,6.646071962924784,24,25,DYRK2,CMGC_DYRK2_HUMAN,DFGin,BLAminus,Type1,5,5,5,5,5,5
4B4LA,4B4L,A,161,185,187,7.721008066758918,27,27,DAPK1,CAMK_DAPK1_HUMAN,DFGin,BLAminus,No_ligand,5,5,5,5,5,5
4B6LA,4B6L,A,203,228,230,4.997088292117815,28,28,PLK3,CAMK_PLK3_HUMAN,DFGin,BLAminus,Type1,5,5,5,5,5,5
4B7TA,4B7T,A,200,224,226,5.592911715514662,27,27,GSK3B,CMGC_GSK3B_HUMAN,DFGin,BLAminus,Type1,5,5,5,5,5,5
4B99A,4B99,A,200,229,231,4.461571547801164,25,32,MAPK7,CMGC_MAPK7_HUMAN,DFGin,BLAminus,Type1,5,5,5,5,5,5
4B9DA,4B9D,A,146,171,173,4.910715300413906,28,28,NEK1,NEK_NEK1_HUMAN,DFGinter,BABtrans,Type1,5,5,5,5,5,5
4B9DB,4B9D,B,146,171,173,4.918327073808901,28,28,NEK1,NEK_NEK1_HUMAN,DFGinter,BABtrans,Type1,5,5,5,5,5,5
4BBEA,4BBE,A,994,1022,1024,4.169695643146816,31,31,JAK2,TYR_JAK2-2_HUMAN,DFGin,BLAminus,Type1,5,5,5,5,5,5
4BBEB,4BBE,B,994,1022,1024,4.175767122137678,31,31,JAK2,TYR_JAK2-2_HUMAN,DFGin,BLAminus,Type1,5,5,5,5,5,5
4BBEC,4BBE,C,994,1022,1024,4.178153743847726,31,31,JAK2,TYR_JAK2-2_HUMAN,DFGin,BLAminus,Type1,5,5,5,5,5,5
4BBED,4BBE,D,994,1022,1024,4.17921558713797,31,31,JAK2,TYR_JAK2-2_HUMAN,DFGin,BLAminus,Type1,5,5,5,5,5,5
4BBFA,4BBF,A,994,1022,1024,4.143112224996927,31,31,JAK2,TYR_JAK2-2_HUMAN,DFGin,BLAminus,Type1,5,5,5,5,5,5
4BBFB,4BBF,B,994,1022,1024,4.165222295479153,31,31,JAK2,TYR_JAK2-2_HUMAN,DFGin,BLAminus,Type1,5,5,5,5,5,5
4BBFC,4BBF,C,994,1022,1024,4.168914101964602,31,31,JAK2,TYR_JAK2-2_HUMAN,DFGin,BLAminus,Type1,5,5,5,5,5,5
4BBFD,4BBF,D,994,1022,1024,4.1381090188285,31,31,JAK2,TYR_JAK2-2_HUMAN,DFGin,BLAminus,Type1,5,5,5,5,5,5
4BBMB,4BBM,B,144,169,171,4.695042718829363,28,28,CDKL2,CMGC_CDKL2_HUMAN,DFGin,BLAplus,Type1,5,5,5,5,5,5
4BBMA,4BBM,A,144,169,171,4.687720417809439,28,28,CDKL2,CMGC_CDKL2_HUMAN,DFGin,None,Type1,5,5,5,5,5,5
4BC6A,4BC6,A,175,200,202,4.271567395568235,20,28,STK10,STE_STK10_HUMAN,DFGin,BLAminus,Type1,5,5,5,5,5,5
4BCKA,4BCK,A,145,170,172,4.75900091433028,27,28,CDK2,CMGC_CDK2_HUMAN,DFGin,BLAminus,Type1,5,5,5,5,5,5
4BCKC,4BCK,C,145,170,172,4.755255433807071,27,28,CDK2,CMGC_CDK2_HUMAN,DFGin,BLAminus,Type1,5,5,5,5,5,5
4BCMA,4BCM,A,145,170,172,4.722547577564985,27,28,CDK2,CMGC_CDK2_HUMAN,DFGin,BLAminus,Type1,5,5,5,5,5,5
4BCMC,4BCM,C,145,170,172,4.707871226176192,27,28,CDK2,CMGC_CDK2_HUMAN,DFGin,BLAminus,Type1,5,5,5,5,5,5
4BCNA,4BCN,A,145,170,172,4.715045567437685,27,28,CDK2,CMGC_CDK2_HUMAN,DFGin,BLAminus,Type1,5,5,5,5,5,5
4BCNC,4BCN,C,145,170,172,4.702170229328173,27,28,CDK2,CMGC_CDK2_HUMAN,DFGin,BLAminus,Type1,5,5,5,5,5,5
4BCOA,4BCO,A,145,170,172,4.715453568449022,27,28,CDK2,CMGC_CDK2_HUMAN,DFGin,BLAminus,Type1,5,5,5,5,5,5
4BCOC,4BCO,C,145,170,172,4.653699039573752,27,28,CDK2,CMGC_CDK2_HUMAN,DFGin,BLAminus,Type1,5,5,5,5,5,5
4BCPA,4BCP,A,145,170,172,4.719150627295126,27,28,CDK2,CMGC_CDK2_HUMAN,DFGin,BLAminus,Type1,5,5,5,5,5,5
4BCPC,4BCP,C,145,170,172,4.655484005091185,27,28,CDK2,CMGC_CDK2_HUMAN,DFGin,BLAminus,Type1,5,5,5,5,5,5
4BCQA,4BCQ,A,145,170,172,4.727932707057612,27,28,CDK2,CMGC_CDK2_HUMAN,DFGin,BLAminus,Type1,5,5,5,5,5,5
4BCQC,4BCQ,C,145,170,172,4.65803325639552,27,28,CDK2,CMGC_CDK2_HUMAN,DFGin,BLAminus,Type1,5,5,5,5,5,5
4BDAA,4BDA,A,368,392,394,6.963892129089319,26,27,CHEK2,CAMK_CHEK2_HUMAN,DFGin,BLAminus,Type1,5,5,5,5,5,5
4BDBA,4BDB,A,368,392,394,6.955935027710175,26,27,CHEK2,CAMK_CHEK2_HUMAN,DFGin,BLAminus,Type1,5,5,5,5,5,5
4BDCA,4BDC,A,368,392,394,6.94581601714552,26,27,CHEK2,CAMK_CHEK2_HUMAN,DFGin,BLAminus,Type1,5,5,5,5,5,5
4BDDA,4BDD,A,368,392,394,6.94880747227644,25,27,CHEK2,CAMK_CHEK2_HUMAN,DFGin,BLAminus,Type1,5,5,5,5,5,5
4BDEA,4BDE,A,368,392,394,6.983695301135832,25,27,CHEK2,CAMK_CHEK2_HUMAN,DFGin,BLAminus,Type1,5,5,5,5,5,5
4BDFA,4BDF,A,368,392,394,6.959188418254723,27,27,CHEK2,CAMK_CHEK2_HUMAN,DFGin,BLAminus,Type1,5,5,5,5,5,5
4BDGA,4BDG,A,368,392,394,6.905107185088011,27,27,CHEK2,CAMK_CHEK2_HUMAN,DFGin,BLAminus,Type1,5,5,5,5,5,5
4BDHA,4BDH,A,368,392,394,6.955557766752866,27,27,CHEK2,CAMK_CHEK2_HUMAN,DFGin,BLAminus,Type1,5,5,5,5,5,5
4BDIA,4BDI,A,368,392,394,6.892494090811344,27,27,CHEK2,CAMK_CHEK2_HUMAN,DFGin,BLAminus,Type1,5,5,5,5,5,5
4BDJA,4BDJ,A,368,392,394,6.914384276178322,26,27,CHEK2,CAMK_CHEK2_HUMAN,DFGin,BLAminus,Type1,5,5,5,5,5,5
4BDKA,4BDK,A,368,392,394,6.928668170827012,27,27,CHEK2,CAMK_CHEK2_HUMAN,DFGin,BLAminus,Type1,5,5,5,5,5,5
4BF2A,4BF2,A,822,847,849,4.131304797849406,22,28,MAP3K5,STE_MAP3K5_HUMAN,DFGin,BLAminus,Type1,5,5,5,5,5,5
4BGGA,4BGG,A,354,383,385,8.24257381803826,32,32,ACVR1,TKL_ACVR1_HUMAN,DFGin,BLAminus,Type1,5,5,5,5,5,5
4BGGB,4BGG,B,354,383,385,7.964458759762989,32,32,ACVR1,TKL_ACVR1_HUMAN,DFGin,BLAminus,Type1,5,5,5,5,5,5
4BGGC,4BGG,C,354,383,385,5.805485925515007,29,32,ACVR1,TKL_ACVR1_HUMAN,DFGin,BLAminus,Type1,5,5,5,5,5,5
4BGGD,4BGG,D,354,383,385,7.966719139898953,32,32,ACVR1,TKL_ACVR1_HUMAN,DFGin,BLAminus,Type1,5,5,5,5,5,5
4BHNA,4BHN,A,822,847,849,4.157802442400943,20,28,MAP3K5,STE_MAP3K5_HUMAN,DFGin,BLAminus,Type1,5,5,5,5,5,5
4BHNB,4BHN,B,822,847,849,4.207649201807909,20,28,MAP3K5,STE_MAP3K5_HUMAN,DFGin,BLAminus,Type1,5,5,5,5,5,5
4BIBA,4BIB,A,822,847,849,4.161981973041164,20,28,MAP3K5,STE_MAP3K5_HUMAN,DFGin,BLAminus,Type1,5,5,5,5,5,5
4BICA,4BIC,A,822,847,849,4.170553369532959,22,28,MAP3K5,STE_MAP3K5_HUMAN,DFGin,BLAminus,Type1,5,5,5,5,5,5
4BIDA,4BID,A,822,847,849,4.154558781914858,20,28,MAP3K5,STE_MAP3K5_HUMAN,DFGin,BLAminus,Type1,5,5,5,5,5,5
4BIEA,4BIE,A,822,847,849,4.136432781608099,22,28,MAP3K5,STE_MAP3K5_HUMAN,DFGin,BLAminus,Type1,5,5,5,5,5,5
4BIEB,4BIE,B,822,847,849,4.205602950299945,20,28,MAP3K5,STE_MAP3K5_HUMAN,DFGin,BLAminus,Type1,5,5,5,5,5,5
4C02A,4C02,A,354,383,385,8.246489410152686,29,32,ACVR1,TKL_ACVR1_HUMAN,DFGin,BLAminus,Type1,5,5,5,5,5,5
4C0TA,4C0T,A,382,416,418,4.910146017293281,36,37,PKH2,AGC_PKH2_CANAL,DFGin,BLAminus,No_ligand,5,5,5,5,5,5
4C33A,4C33,A,184,206,208,4.798015012844773,24,25,PRKACA,AGC_PRKACA_BOVIN,DFGin,BLAminus,No_ligand,5,5,5,5,5,5
4C34A,4C34,A,184,206,208,4.874730279659952,24,25,PRKACA,AGC_PRKACA_BOVIN,DFGin,ABAminus,Type1,5,5,5,5,5,5
4C35A,4C35,A,184,206,208,4.861135575533094,24,25,PRKACA,AGC_PRKACA_BOVIN,DFGin,None,Type1.5_Back,5,5,5,5,5,5
4C36A,4C36,A,184,206,208,4.81051901138874,24,25,PRKACA,AGC_PRKACA_BOVIN,DFGin,BLAminus,Type1,5,5,5,5,5,5
4C37A,4C37,A,184,206,208,4.808540054531926,24,25,PRKACA,AGC_PRKACA_BOVIN,DFGin,ABAminus,Type1,5,5,5,5,5,5
4C38A,4C38,A,184,206,208,4.804426025715301,24,25,PRKACA,AGC_PRKACA_BOVIN,DFGin,BLAminus,Type1,5,5,5,5,5,5
4C3FA,4C3F,A,382,408,410,4.228593194499899,25,29,LCK,TYR_LCK_HUMAN,DFGin,BLBplus,Type1,5,5,5,5,5,5
4C61A,4C61,A,994,1022,1024,4.163008412900648,25,31,JAK2,TYR_JAK2-2_HUMAN,DFGin,ABAminus,Type1,5,5,5,5,5,5
4C61B,4C61,B,994,1022,1024,4.1875101184311445,29,31,JAK2,TYR_JAK2-2_HUMAN,DFGin,ABAminus,Type1,5,5,5,5,5,5
4C62A,4C62,A,994,1022,1024,4.158376128333639,25,31,JAK2,TYR_JAK2-2_HUMAN,DFGin,ABAminus,Type1,5,5,5,5,5,5
4C62B,4C62,B,994,1022,1024,4.167229375723869,29,31,JAK2,TYR_JAK2-2_HUMAN,DFGin,ABAminus,Type1,5,5,5,5,5,5
4CFEA,4CFE,A,157,181,183,4.354664683686279,26,27,PRKAA2,CAMK_PRKAA2_HUMAN,DFGin,BLAminus,"Type1,Allosteric",5,5,5,5,5,5
4CFEC,4CFE,C,157,181,183,4.362939605108422,26,27,PRKAA2,CAMK_PRKAA2_HUMAN,DFGin,BLAminus,"Type1,Allosteric",5,5,5,5,5,5
4CFFA,4CFF,A,157,181,183,4.342172347728827,26,27,PRKAA2,CAMK_PRKAA2_HUMAN,DFGin,BLAminus,Type1,5,5,5,5,5,5
4CFFC,4CFF,C,157,181,183,4.358061407233241,26,27,PRKAA2,CAMK_PRKAA2_HUMAN,DFGin,None,"Type1,Allosteric",5,5,5,5,5,5
4CFHA,4CFH,A,157,181,183,4.312110305339835,26,27,PRKAA1,CAMK_PRKAA1_RAT,DFGin,None,Type1,5,5,5,5,5,5
4CFMA,4CFM,A,145,170,172,4.716803687737007,27,28,CDK2,CMGC_CDK2_HUMAN,DFGin,BLAminus,Type1,5,5,5,5,5,5
4CFMC,4CFM,C,145,170,172,4.7185418030802735,27,28,CDK2,CMGC_CDK2_HUMAN,DFGin,BLAminus,Type1,5,5,5,5,5,5
4CFNA,4CFN,A,145,170,172,4.725317643345324,27,28,CDK2,CMGC_CDK2_HUMAN,DFGin,BLAminus,Type1,5,5,5,5,5,5
4CFNC,4CFN,C,145,170,172,4.6945860412337845,27,28,CDK2,CMGC_CDK2_HUMAN,DFGin,BLAminus,Type1,5,5,5,5,5,5
4CFUA,4CFU,A,145,170,172,4.730465116434875,27,28,CDK2,CMGC_CDK2_HUMAN,DFGin,BLAminus,Type1,5,5,5,5,5,5
4CFUC,4CFU,C,145,170,172,4.643130288812955,27,28,CDK2,CMGC_CDK2_HUMAN,DFGin,BLAminus,Type1,5,5,5,5,5,5
4CFVA,4CFV,A,145,170,172,4.729324296022884,27,28,CDK2,CMGC_CDK2_HUMAN,DFGin,BLAminus,Type1,5,5,5,5,5,5
4CFVC,4CFV,C,145,170,172,4.6386996234575655,27,28,CDK2,CMGC_CDK2_HUMAN,DFGin,BLAminus,Type1,5,5,5,5,5,5
4CFWA,4CFW,A,145,170,172,4.711854278097655,27,28,CDK2,CMGC_CDK2_HUMAN,DFGin,BLAminus,Type1,5,5,5,5,5,5
4CFWC,4CFW,C,145,170,172,4.678530659996499,27,28,CDK2,CMGC_CDK2_HUMAN,DFGin,BLAminus,Type1,5,5,5,5,5,5
4CFXA,4CFX,A,145,170,172,4.685851389438238,27,28,CDK2,CMGC_CDK2_HUMAN,DFGin,BLAminus,Type1,5,5,5,5,5,5
4CFXC,4CFX,C,145,170,172,4.6893147707077585,27,28,CDK2,CMGC_CDK2_HUMAN,DFGin,BLAminus,Type1,5,5,5,5,5,5
4CI6B,4CI6,B,286,306,308,6.263266326509999,23,23,YOPO,OTHER_YOPO_YEREN,None,None,No_ligand,5,5,5,5,5,5
4CRSA,4CRS,A,800,825,827,4.833709404022272,27,28,PKN2,AGC_PKN2_HUMAN,DFGin,BLAminus,ATPlike,5,5,5,5,5,5
4CT1A,4CT1,A,223,250,252,4.925153962016137,29,30,PDPK1,AGC_PDPK1_HUMAN,DFGin,BLAminus,"ATPlike,Allosteric",5,5,5,5,5,5
4CT2A,4CT2,A,223,250,252,4.925335727795568,29,30,PDPK1,AGC_PDPK1_HUMAN,DFGin,BLAminus,ATPlike,5,5,5,5,5,5
4CZTA,4CZT,A,172,199,201,4.3874533944378635,30,30,CIPK23,CAMK_CIPK23_ARATH,DFGin,BLBminus,Type1,5,5,5,5,5,5
4CZTB,4CZT,B,172,199,201,4.5661910944220985,30,30,CIPK23,CAMK_CIPK23_ARATH,DFGin,BLBminus,Type1,5,5,5,5,5,5
4CZTC,4CZT,C,172,199,201,4.468011492490368,30,30,CIPK23,CAMK_CIPK23_ARATH,DFGin,BLBminus,"Type1,Allosteric",5,5,5,5,5,5
4CZTD,4CZT,D,172,199,201,4.362142612743981,30,30,CIPK23,CAMK_CIPK23_ARATH,DFGin,BLBminus,"Type1,Allosteric,Allosteric",5,5,5,5,5,5
4CZUA,4CZU,A,172,199,201,4.4148470606885715,30,30,CIPK23,CAMK_CIPK23_ARATH,DFGin,BLBminus,Type1,5,5,5,5,5,5
4CZUB,4CZU,B,172,199,201,4.50944103877542,30,30,CIPK23,CAMK_CIPK23_ARATH,DFGin,BLBminus,"Type1,Allosteric",5,5,5,5,5,5
4CZUC,4CZU,C,172,199,201,4.445725938506973,30,30,CIPK23,CAMK_CIPK23_ARATH,DFGin,BLBminus,"Type1,Allosteric",5,5,5,5,5,5
4CZUD,4CZU,D,172,199,201,4.390653229677625,30,30,CIPK23,CAMK_CIPK23_ARATH,DFGin,BLBminus,"Type1,Allosteric",5,5,5,5,5,5
4D0WA,4D0W,A,994,1022,1024,4.164470005157125,29,31,JAK2,TYR_JAK2-2_HUMAN,DFGin,ABAminus,Type1,5,5,5,5,5,5
4D0XA,4D0X,A,994,1022,1024,4.16706337721368,29,31,JAK2,TYR_JAK2-2_HUMAN,DFGin,ABAminus,Type1,5,5,5,5,5,5
4D1SA,4D1S,A,994,1022,1024,4.073587511715069,24,31,JAK2,TYR_JAK2-2_HUMAN,DFGin,BLAminus,Type1,5,5,5,5,5,5
4D28C,4D28,C,152,177,179,4.322770079944676,24,28,CIPK24,CAMK_CIPK24_ARATH,DFGin,BLBminus,No_ligand,5,5,5,5,5,5
4D28A,4D28,A,152,177,179,4.286915111066512,25,28,CIPK24,CAMK_CIPK24_ARATH,DFGin,BLBtrans,No_ligand,5,5,5,5,5,5
4D28B,4D28,B,152,177,179,4.371981949621194,22,28,CIPK24,CAMK_CIPK24_ARATH,DFGin,BLBtrans,No_ligand,5,5,5,5,5,5
4D28D,4D28,D,152,177,179,4.328806585268969,23,28,CIPK24,CAMK_CIPK24_ARATH,DFGin,BLBtrans,No_ligand,5,5,5,5,5,5
4D2PB,4D2P,B,150,176,178,4.351444086372313,23,29,MELK,CAMK_MELK_HUMAN,DFGin,BLAminus,Type1.5_Back,5,5,5,5,5,5
4D2PD,4D2P,D,150,176,178,4.406723839827961,22,29,MELK,CAMK_MELK_HUMAN,DFGin,BLAminus,Type1.5_Back,5,5,5,5,5,5
4D2RA,4D2R,A,1153,1180,1182,4.577103813792002,28,30,IGF1R,TYR_IGF1R_HUMAN,DFGin,None,Type1,5,5,5,5,5,5
4D2TB,4D2T,B,150,176,178,4.425352577482574,23,29,MELK,CAMK_MELK_HUMAN,DFGin,BLAminus,Type1,5,5,5,5,5,5
4D2TD,4D2T,D,150,176,178,4.428743825510277,21,29,MELK,CAMK_MELK_HUMAN,DFGin,BLAminus,Type1,5,5,5,5,5,5
4D2VB,4D2V,B,150,176,178,4.346956003538387,23,29,MELK,CAMK_MELK_HUMAN,DFGin,BLAminus,Type1,5,5,5,5,5,5
4D2VD,4D2V,D,150,176,178,4.362684489730543,21,29,MELK,CAMK_MELK_HUMAN,DFGin,BLAminus,Type1,5,5,5,5,5,5
4D2WB,4D2W,B,150,176,178,4.34674346872882,23,29,MELK,CAMK_MELK_HUMAN,DFGin,BLAminus,Type1,5,5,5,5,5,5
4D2WD,4D2W,D,150,176,178,4.4113871905870266,22,29,MELK,CAMK_MELK_HUMAN,DFGin,BLAminus,Type1,5,5,5,5,5,5
4D4RB,4D4R,B,564,590,592,4.470409726835059,26,29,PTK2,TYR_PTK2_CHICK,DFGin,None,No_ligand,5,5,5,5,5,5
4D9TA,4D9T,A,561,586,588,8.207884200559173,28,28,RPS6KA3,CAMK_RPS6KA3-2_HUMAN,DFGin,ABAminus,Type1,5,5,5,5,5,5
4D9UA,4D9U,A,561,586,588,8.211248525149408,28,28,RPS6KA3,CAMK_RPS6KA3-2_HUMAN,DFGin,ABAminus,Type1,5,5,5,5,5,5
4DAWA,4DAW,A,407,432,434,4.886394828048125,27,28,PAK1,STE_PAK1_HUMAN,DFGin,BLAminus,Type1,5,5,5,5,5,5
4DC2A,4DC2,A,386,411,413,4.2417252720612,28,28,PRKCI,AGC_PRKCI_MOUSE,DFGin,BLAminus,Type1,5,5,5,5,5,5
4DFLA,4DFL,A,512,540,542,4.558324740211162,31,31,SYK,TYR_SYK_HUMAN,DFGin,BLAminus,Type1,5,5,5,5,5,5
4DFNA,4DFN,A,512,540,542,4.586304965369835,31,31,SYK,TYR_SYK_HUMAN,DFGin,BLAminus,Type1,5,5,5,5,5,5
4DFXE,4DFX,E,184,206,208,4.807488887786955,24,25,PRKACA,AGC_PRKACA_MOUSE,DFGin,BLAminus,ATPlike,5,5,5,5,5,5
4DFZE,4DFZ,E,184,206,208,4.829550944102593,24,25,PRKACA,AGC_PRKACA_MOUSE,DFGin,BLAminus,No_ligand,5,5,5,5,5,5
4DG0E,4DG0,E,184,206,208,4.8452078241161765,24,25,PRKACA,AGC_PRKACA_MOUSE,DFGin,BLAminus,ATPlike,5,5,5,5,5,5
4DG2E,4DG2,E,184,206,208,4.831505432356467,24,25,PRKACA,AGC_PRKACA_MOUSE,DFGin,BLAminus,No_ligand,5,5,5,5,5,5
4DG3E,4DG3,E,184,206,208,4.8156326558585,24,25,PRKACA,AGC_PRKACA_MOUSE,DFGin,BLAminus,ATPlike,5,5,5,5,5,5
4DH1A,4DH1,A,184,206,208,4.8272069566294675,24,25,PRKACA,AGC_PRKACA_MOUSE,DFGin,BLAminus,ATPlike,5,5,5,5,5,5
4DH3A,4DH3,A,184,206,208,4.842441798245686,24,25,PRKACA,AGC_PRKACA_MOUSE,DFGin,BLAminus,ATPlike,5,5,5,5,5,5
4DH5A,4DH5,A,184,206,208,4.831871155607262,24,25,PRKACA,AGC_PRKACA_MOUSE,DFGin,BLAminus,ATPlike,5,5,5,5,5,5
4DH7A,4DH7,A,184,206,208,4.809599180020341,24,25,PRKACA,AGC_PRKACA_MOUSE,DFGin,BLAminus,ATPlike,5,5,5,5,5,5
4DH8A,4DH8,A,184,206,208,4.806936650563029,24,25,PRKACA,AGC_PRKACA_MOUSE,DFGin,BLAminus,ATPlike,5,5,5,5,5,5
4DINA,4DIN,A,184,206,208,4.963825152873828,24,25,PRKACA,AGC_PRKACA_MOUSE,DFGin,BLAminus,ATPlike,5,5,5,5,5,5
4DITA,4DIT,A,200,224,226,5.524672841632724,22,27,GSK3B,CMGC_GSK3B_HUMAN,DFGin,BLAminus,Type1,5,5,5,5,5,5
4DYMA,4DYM,A,354,383,385,8.181593970484917,32,32,ACVR1,TKL_ACVR1_HUMAN,DFGin,BLAminus,Type1,5,5,5,5,5,5
4E1ZA,4E1Z,A,1037,1065,1067,4.034314272693271,31,31,TYK2,TYR_TYK2-2_MOUSE,DFGin,ABAminus,Type1,5,5,5,5,5,5
4E20A,4E20,A,1037,1065,1067,4.232506509594185,31,31,TYK2,TYR_TYK2-2_MOUSE,DFGin,ABAminus,Type1,5,5,5,5,5,5
4E26A,4E26,A,594,621,623,1.2465602253570596,24,30,BRAF,TKL_BRAF_HUMAN,DFGin,BLAminus,Type1,5,5,5,5,5,5
4E3CB,4E3C,B,166,190,192,6.856055282883442,27,27,IKBKB,OTHER_IKBKB_HUMAN,DFGin,BLAminus,No_ligand,5,5,5,5,5,5
4E3CC,4E3C,C,166,190,192,6.862065910922034,27,27,IKBKB,OTHER_IKBKB_HUMAN,DFGin,BLAminus,No_ligand,5,5,5,5,5,5
4E3CD,4E3C,D,166,190,192,6.928266999445618,27,27,IKBKB,OTHER_IKBKB_HUMAN,DFGin,BLAminus,No_ligand,5,5,5,5,5,5
4E3CF,4E3C,F,166,190,192,6.964461901877795,27,27,IKBKB,OTHER_IKBKB_HUMAN,DFGin,BLAminus,No_ligand,5,5,5,5,5,5
4E3CA,4E3C,A,166,190,192,6.879028040701879,27,27,IKBKB,OTHER_IKBKB_HUMAN,DFGin,None,No_ligand,5,5,5,5,5,5
4E3CE,4E3C,E,166,190,192,6.9894536869246755,27,27,IKBKB,OTHER_IKBKB_HUMAN,DFGin,None,No_ligand,5,5,5,5,5,5
4E4LE,4E4L,E,1021,1049,1051,4.247955219122011,29,31,JAK1,TYR_JAK1-2_HUMAN,DFGin,ABAminus,No_ligand,5,5,5,5,5,5
4E4LA,4E4L,A,1021,1049,1051,4.226474917790121,29,31,JAK1,TYR_JAK1-2_HUMAN,DFGin,ABAminus,Type1,5,5,5,5,5,5
4E4LB,4E4L,B,1021,1049,1051,4.256627902040397,29,31,JAK1,TYR_JAK1-2_HUMAN,DFGin,ABAminus,Type1,5,5,5,5,5,5
4E4LD,4E4L,D,1021,1049,1051,4.242826711952054,29,31,JAK1,TYR_JAK1-2_HUMAN,DFGin,ABAminus,Type1,5,5,5,5,5,5
4E4MA,4E4M,A,994,1022,1024,4.141613664672524,29,31,JAK2,TYR_JAK2-2_HUMAN,DFGin,BLAminus,Type1,5,5,5,5,5,5
4E4MB,4E4M,B,994,1022,1024,4.192541586766454,29,31,JAK2,TYR_JAK2-2_HUMAN,DFGin,BLAminus,Type1,5,5,5,5,5,5
4E4MD,4E4M,D,994,1022,1024,4.196859728597785,29,31,JAK2,TYR_JAK2-2_HUMAN,DFGin,BLAminus,Type1,5,5,5,5,5,5
4E4ME,4E4M,E,994,1022,1024,4.150217488898972,29,31,JAK2,TYR_JAK2-2_HUMAN,DFGin,BLAminus,Type1,5,5,5,5,5,5
4E4NA,4E4N,A,1021,1049,1051,4.252790735566913,29,31,JAK1,TYR_JAK1-2_HUMAN,DFGin,ABAminus,Type1,5,5,5,5,5,5
4E4NB,4E4N,B,1021,1049,1051,4.255383580314842,29,31,JAK1,TYR_JAK1-2_HUMAN,DFGin,ABAminus,Type1,5,5,5,5,5,5
4E4XA,4E4X,A,594,621,623,1.2226154846282329,23,30,BRAF,TKL_BRAF_HUMAN,DFGin,BLAplus,Type1.5_Back,5,5,5,5,5,5
4E4XB,4E4X,B,594,621,623,1.2221716774398745,30,30,BRAF,TKL_BRAF_HUMAN,DFGin,BLAplus,Type1.5_Back,5,5,5,5,5,5
4E5WA,4E5W,A,1021,1049,1051,4.220958866465029,29,31,JAK1,TYR_JAK1-2_HUMAN,DFGin,ABAminus,Type1,5,5,5,5,5,5
4E5WB,4E5W,B,1021,1049,1051,4.2212448544784555,27,31,JAK1,TYR_JAK1-2_HUMAN,DFGin,ABAminus,Type1,5,5,5,5,5,5
4E6DA,4E6D,A,994,1022,1024,4.189410152634452,29,31,JAK2,TYR_JAK2-2_HUMAN,DFGin,ABAminus,Type1,5,5,5,5,5,5
4E6DB,4E6D,B,994,1022,1024,4.169850006840876,29,31,JAK2,TYR_JAK2-2_HUMAN,DFGin,ABAminus,Type1,5,5,5,5,5,5
4E6QA,4E6Q,A,994,1022,1024,4.1804641192355865,29,31,JAK2,TYR_JAK2-2_HUMAN,DFGin,ABAminus,Type1,5,5,5,5,5,5
4E6QB,4E6Q,B,994,1022,1024,4.198296924078301,29,31,JAK2,TYR_JAK2-2_HUMAN,DFGin,ABAminus,Type1,5,5,5,5,5,5
4EHEB,4EHE,B,594,621,623,1.2568458627459853,30,30,BRAF,TKL_BRAF_HUMAN,DFGin,BLAplus,Type1.5_Back,5,5,5,5,5,5
4EHZA,4EHZ,A,1021,1049,1051,4.2564858950006546,29,31,JAK1,TYR_JAK1-2_HUMAN,DFGin,ABAminus,Type1,5,5,5,5,5,5
4EHZB,4EHZ,B,1021,1049,1051,4.256489083666555,29,31,JAK1,TYR_JAK1-2_HUMAN,DFGin,ABAminus,Type1,5,5,5,5,5,5
4EHZC,4EHZ,C,1021,1049,1051,4.238582762107765,29,31,JAK1,TYR_JAK1-2_HUMAN,DFGin,ABAminus,Type1,5,5,5,5,5,5
4EHZD,4EHZ,D,1021,1049,1051,4.210685615247684,29,31,JAK1,TYR_JAK1-2_HUMAN,DFGin,ABAminus,Type1,5,5,5,5,5,5
4EI4A,4EI4,A,1021,1049,1051,4.253988160088333,29,31,JAK1,TYR_JAK1-2_HUMAN,DFGin,ABAminus,Type1,5,5,5,5,5,5
4EI4B,4EI4,B,1021,1049,1051,4.242234958703615,29,31,JAK1,TYR_JAK1-2_HUMAN,DFGin,ABAminus,Type1,5,5,5,5,5,5
4EJNA,4EJN,A,292,317,319,5.334262805857512,23,28,AKT1,AGC_AKT1_HUMAN,DFGout,BBAminus,Type1,5,5,5,5,5,5
4EK3A,4EK3,A,145,170,172,4.735917829988162,28,28,CDK2,CMGC_CDK2_HUMAN,DFGin,BLBtrans,No_ligand,5,5,5,5,5,5
4EK4A,4EK4,A,145,170,172,4.714354054978662,28,28,CDK2,CMGC_CDK2_HUMAN,DFGin,BLBtrans,Type1,5,5,5,5,5,5
4EK5A,4EK5,A,145,170,172,4.7290720654033525,28,28,CDK2,CMGC_CDK2_HUMAN,DFGin,BLBtrans,Type1,5,5,5,5,5,5
4EKKA,4EKK,A,292,317,319,5.242239104368236,27,28,AKT1,AGC_AKT1_HUMAN,DFGin,BLAminus,ATPlike,5,5,5,5,5,5
4EKKB,4EKK,B,292,317,319,5.241864961104121,27,28,AKT1,AGC_AKT1_HUMAN,DFGin,BLAminus,ATPlike,5,5,5,5,5,5
4EKLA,4EKL,A,292,317,319,5.280980453235152,27,28,AKT1,AGC_AKT1_HUMAN,DFGin,BLAminus,Type1,5,5,5,5,5,5
4EL9A,4EL9,A,211,236,238,5.088646861493715,25,28,RPS6KA3,AGC_RPS6KA3-1_MOUSE,DFGout,None,Type1,5,5,5,5,5,5
4EOIA,4EOI,A,145,170,172,4.751364442297206,27,28,CDK2,CMGC_CDK2_HUMAN,DFGin,BLAminus,Type1,5,5,5,5,5,5
4EOIC,4EOI,C,145,170,172,4.702221972779255,27,28,CDK2,CMGC_CDK2_HUMAN,DFGin,BLAminus,Type1,5,5,5,5,5,5
4EOJA,4EOJ,A,145,170,172,4.758336627319612,27,28,CDK2,CMGC_CDK2_HUMAN,DFGin,BLAminus,ATPlike,5,5,5,5,5,5
4EOJC,4EOJ,C,145,170,172,4.6492406775891695,27,28,CDK2,CMGC_CDK2_HUMAN,DFGin,BLAminus,ATPlike,5,5,5,5,5,5
4EOKA,4EOK,A,145,170,172,4.7167665350901204,27,28,CDK2,CMGC_CDK2_HUMAN,DFGin,BLAminus,Type1,5,5,5,5,5,5
4EOKC,4EOK,C,145,170,172,4.72731694128813,27,28,CDK2,CMGC_CDK2_HUMAN,DFGin,BLAminus,Type1,5,5,5,5,5,5
4EOLA,4EOL,A,145,170,172,4.716927472479917,27,28,CDK2,CMGC_CDK2_HUMAN,DFGin,BLAminus,Type1,5,5,5,5,5,5
4EOLC,4EOL,C,145,170,172,4.693789445066155,27,28,CDK2,CMGC_CDK2_HUMAN,DFGin,BLAminus,Type1,5,5,5,5,5,5
4EOMA,4EOM,A,145,170,172,4.760409503540084,27,28,CDK2,CMGC_CDK2_HUMAN,DFGin,BLAminus,ATPlike,5,5,5,5,5,5
4EOMC,4EOM,C,145,170,172,4.657944802731468,27,28,CDK2,CMGC_CDK2_HUMAN,DFGin,BLAminus,ATPlike,5,5,5,5,5,5
4EONA,4EON,A,145,170,172,4.711206788489165,27,28,CDK2,CMGC_CDK2_HUMAN,DFGin,BLAminus,Type1,5,5,5,5,5,5
4EONC,4EON,C,145,170,172,4.736559610079849,27,28,CDK2,CMGC_CDK2_HUMAN,DFGin,BLAminus,Type1,5,5,5,5,5,5
4EOOA,4EOO,A,145,170,172,4.733761404784488,27,28,CDK2,CMGC_CDK2_HUMAN,DFGin,BLAminus,ATPlike,5,5,5,5,5,5
4EOOC,4EOO,C,145,170,172,4.650097724433778,27,28,CDK2,CMGC_CDK2_HUMAN,DFGin,BLAminus,ATPlike,5,5,5,5,5,5
4EOPA,4EOP,A,145,170,172,4.725719202205307,27,28,CDK2,CMGC_CDK2_HUMAN,DFGin,BLAminus,Type1,5,5,5,5,5,5
4EOPC,4EOP,C,145,170,172,4.702856784762049,27,28,CDK2,CMGC_CDK2_HUMAN,DFGin,BLAminus,Type1,5,5,5,5,5,5
4EOQA,4EOQ,A,145,170,172,4.747159387210171,27,28,CDK2,CMGC_CDK2_HUMAN,DFGin,BLAminus,ATPlike,5,5,5,5,5,5
4EOQC,4EOQ,C,145,170,172,4.644497270421878,27,28,CDK2,CMGC_CDK2_HUMAN,DFGin,BLAminus,ATPlike,5,5,5,5,5,5
4EORA,4EOR,A,145,170,172,4.762399137360657,27,28,CDK2,CMGC_CDK2_HUMAN,DFGin,BLAminus,Type1,5,5,5,5,5,5
4EORC,4EOR,C,145,170,172,4.642990508524329,27,28,CDK2,CMGC_CDK2_HUMAN,DFGin,BLAminus,Type1,5,5,5,5,5,5
4EOSA,4EOS,A,145,170,172,4.745670984469858,27,28,CDK2,CMGC_CDK2_HUMAN,DFGin,BLAminus,Type1,5,5,5,5,5,5
4EOSC,4EOS,C,145,170,172,4.709432843640988,27,28,CDK2,CMGC_CDK2_HUMAN,DFGin,BLAminus,Type1,5,5,5,5,5,5
4EQCA,4EQC,A,407,432,434,4.926801702815392,27,28,PAK1,STE_PAK1_HUMAN,DFGin,BLAminus,Type1.5_Back,5,5,5,5,5,5
4EQUB,4EQU,B,175,200,202,4.227091734985518,20,28,STK10,STE_STK10_HUMAN,DFGout,None,Type2,5,5,5,5,5,5
4ERKA,4ERK,A,165,193,195,4.768007586763,31,31,MAPK1,CMGC_MAPK1_RAT,DFGin,BLAminus,Type1,5,5,5,5,5,5
4ERWA,4ERW,A,145,170,172,4.725029955404652,28,28,CDK2,CMGC_CDK2_HUMAN,DFGin,BLBminus,Type1,5,5,5,5,5,5
4EWHA,4EWH,A,270,298,300,4.736238315568441,30,31,TNK2,TYR_TNK2_HUMAN,DFGin,ABAminus,Type1,5,5,5,5,5,5
4EWHB,4EWH,B,270,298,300,4.781418818896393,30,31,TNK2,TYR_TNK2_HUMAN,DFGin,ABAminus,Type1,5,5,5,5,5,5
4EZ3A,4EZ3,A,145,170,172,4.7379257385286175,28,28,CDK2,CMGC_CDK2_HUMAN,DFGin,BLBminus,Type1,5,5,5,5,5,5
4EZ7A,4EZ7,A,145,170,172,4.796175845451715,28,28,CDK2,CMGC_CDK2_HUMAN,DFGin,BLBminus,"Type1,Type3,Allosteric",5,5,5,5,5,5
4F08A,4F08,A,994,1022,1024,4.165857407080583,29,31,JAK2,TYR_JAK2-2_HUMAN,DFGin,ABAminus,Type1,5,5,5,5,5,5
4F08B,4F08,B,994,1022,1024,4.161682710091819,29,31,JAK2,TYR_JAK2-2_HUMAN,DFGin,ABAminus,Type1,5,5,5,5,5,5
4F09A,4F09,A,994,1022,1024,4.204602581649282,29,31,JAK2,TYR_JAK2-2_HUMAN,DFGin,ABAminus,Type1,5,5,5,5,5,5
4F0FA,4F0F,A,1177,1199,1201,7.650197047758513,25,25,ROCO4,TKL_ROCO4_DICDI,DFGin,BLAminus,ATPlike,5,5,5,5,5,5
4F1OA,4F1O,A,1177,1199,1201,7.639407954132049,25,25,ROCO4,TKL_ROCO4_DICDI,DFGin,BLAminus,ATPlike,5,5,5,5,5,5
4F1TA,4F1T,A,1177,1199,1201,7.810029793852356,25,25,ROCO4,TKL_ROCO4_DICDI,DFGin,BLAminus,"Type1,Allosteric",5,5,5,5,5,5
4F4PA,4F4P,A,512,540,542,4.540540182475446,31,31,SYK,TYR_SYK_HUMAN,DFGin,BLAminus,Type1,5,5,5,5,5,5
4F63A,4F63,A,641,668,670,4.39035835595312,30,30,FGFR1,TYR_FGFR1_HUMAN,DFGin,BLAplus,Type1,5,5,5,5,5,5
4F63B,4F63,B,641,668,670,4.390798691241729,21,30,FGFR1,TYR_FGFR1_HUMAN,DFGin,BLAplus,Type1,5,5,5,5,5,5
4F64A,4F64,A,641,668,670,4.3978226060128325,30,30,FGFR1,TYR_FGFR1_HUMAN,DFGin,BLAplus,Type1,5,5,5,5,5,5
4F64B,4F64,B,641,668,670,4.42155131030063,21,30,FGFR1,TYR_FGFR1_HUMAN,DFGin,BLAplus,Type1,5,5,5,5,5,5
4FG7A,4FG7,A,162,186,188,6.916490800063036,19,27,CAMK1,CAMK_CAMK1_HUMAN,DFGin,BLAminus,ATPlike,5,5,5,5,5,5
4FG8B,4FG8,B,162,186,188,7.005612372408775,20,27,CAMK1,CAMK_CAMK1_HUMAN,None,None,ATPlike,5,5,5,5,5,5
4FGBA,4FGB,A,162,186,188,6.823282196214983,27,27,CAMK1,CAMK_CAMK1_HUMAN,DFGinter,None,No_ligand,5,5,5,5,5,5
4FIEA,4FIE,A,458,483,485,4.803532985631816,27,28,PAK4,STE_PAK4_HUMAN,DFGin,BLAminus,ATPlike,5,5,5,5,5,5
4FIEB,4FIE,B,458,483,485,4.803718072507168,27,28,PAK4,STE_PAK4_HUMAN,DFGin,BLAminus,ATPlike,5,5,5,5,5,5
4FIFA,4FIF,A,458,483,485,4.877816820714151,27,28,PAK4,STE_PAK4_HUMAN,DFGin,BLAminus,ATPlike,5,5,5,5,5,5
4FIFB,4FIF,B,458,483,485,4.8723101912016595,27,28,PAK4,STE_PAK4_HUMAN,DFGin,BLAminus,ATPlike,5,5,5,5,5,5
4FIGA,4FIG,A,458,483,485,4.829033103011462,27,28,PAK4,STE_PAK4_HUMAN,DFGin,BLAminus,ATPlike,5,5,5,5,5,5
4FIGB,4FIG,B,458,483,485,4.833367732399332,27,28,PAK4,STE_PAK4_HUMAN,DFGin,None,ATPlike,5,5,5,5,5,5
4FIHA,4FIH,A,458,483,485,4.850055594631475,27,28,PAK4,STE_PAK4_HUMAN,DFGin,BLAminus,No_ligand,5,5,5,5,5,5
4FIIA,4FII,A,458,483,485,4.84878364700114,27,28,PAK4,STE_PAK4_HUMAN,DFGin,BLAminus,No_ligand,5,5,5,5,5,5
4FIJA,4FIJ,A,458,483,485,4.851409104975491,27,28,PAK4,STE_PAK4_HUMAN,DFGin,BLAminus,No_ligand,5,5,5,5,5,5
4FK6A,4FK6,A,1021,1049,1051,4.238378048874845,29,31,JAK1,TYR_JAK1-2_HUMAN,DFGin,ABAminus,Type1,5,5,5,5,5,5
4FK6B,4FK6,B,1021,1049,1051,4.237154664850246,29,31,JAK1,TYR_JAK1-2_HUMAN,DFGin,ABAminus,Type1,5,5,5,5,5,5
4FKGA,4FKG,A,145,170,172,4.736447671974738,25,28,CDK2,CMGC_CDK2_HUMAN,DFGin,BLBtrans,Type1,5,5,5,5,5,5
4FKIA,4FKI,A,145,170,172,4.725237715417593,25,28,CDK2,CMGC_CDK2_HUMAN,DFGin,BLBtrans,Type1,5,5,5,5,5,5
4FKLA,4FKL,A,145,170,172,4.719049863256176,28,28,CDK2,CMGC_CDK2_HUMAN,DFGin,BLBtrans,Type1,5,5,5,5,5,5
4FKOA,4FKO,A,145,170,172,4.742165996566094,28,28,CDK2,CMGC_CDK2_HUMAN,DFGin,BLBminus,Type1,5,5,5,5,5,5
4FKUA,4FKU,A,145,170,172,4.772610768634635,28,28,CDK2,CMGC_CDK2_HUMAN,DFGin,BLBplus,"Allosteric,Type1",5,5,5,5,5,5
4FL1A,4FL1,A,512,540,542,4.595169856110078,31,31,SYK,TYR_SYK_HUMAN,DFGin,BLAminus,ATPlike,5,5,5,5,5,5
4FL2A,4FL2,A,512,540,542,4.57649835403391,31,31,SYK,TYR_SYK_HUMAN,DFGin,BLBplus,ATPlike,5,5,5,5,5,5
4FMQA,4FMQ,A,167,195,197,4.618851804747375,31,31,MAPK1,CMGC_MAPK1_HUMAN,DFGin,BLAminus,ATPlike,5,5,5,5,5,5
4FSMA,4FSM,A,148,175,177,5.200107680392752,30,30,CHEK1,CAMK_CHEK1_HUMAN,DFGin,BLAminus,Type1,5,5,5,5,5,5
4FSNA,4FSN,A,148,175,177,5.176218737685155,30,30,CHEK1,CAMK_CHEK1_HUMAN,DFGin,BLAminus,Type1,5,5,5,5,5,5
4FSQA,4FSQ,A,148,175,177,5.19714755122522,30,30,CHEK1,CAMK_CHEK1_HUMAN,DFGin,BLAminus,Type1.5_Back,5,5,5,5,5,5
4FSRA,4FSR,A,148,175,177,5.208008447874016,30,30,CHEK1,CAMK_CHEK1_HUMAN,DFGin,BLAminus,Type1,5,5,5,5,5,5
4FSTA,4FST,A,148,175,177,5.168871699032425,29,30,CHEK1,CAMK_CHEK1_HUMAN,DFGin,BLAminus,Type1.5_Back,5,5,5,5,5,5
4FSUA,4FSU,A,148,175,177,5.19416846975061,30,30,CHEK1,CAMK_CHEK1_HUMAN,DFGin,BLAminus,Type1,5,5,5,5,5,5
4FSWA,4FSW,A,148,175,177,5.167092280825696,29,30,CHEK1,CAMK_CHEK1_HUMAN,DFGin,BLAminus,Type1,5,5,5,5,5,5
4FSYA,4FSY,A,148,175,177,5.188053648656431,30,30,CHEK1,CAMK_CHEK1_HUMAN,DFGin,BLAminus,Type1,5,5,5,5,5,5
4FSZA,4FSZ,A,148,175,177,5.181265300077674,29,30,CHEK1,CAMK_CHEK1_HUMAN,DFGin,BLAminus,Type1,5,5,5,5,5,5
4FT0A,4FT0,A,148,175,177,5.179997391673678,30,30,CHEK1,CAMK_CHEK1_HUMAN,DFGin,BLAminus,Type1,5,5,5,5,5,5
4FT3A,4FT3,A,148,175,177,5.135728735959605,29,30,CHEK1,CAMK_CHEK1_HUMAN,DFGin,BLAminus,Type1,5,5,5,5,5,5
4FT5A,4FT5,A,148,175,177,5.184780567478571,30,30,CHEK1,CAMK_CHEK1_HUMAN,DFGin,BLAminus,Type1,5,5,5,5,5,5
4FT7A,4FT7,A,148,175,177,5.17513410583945,30,30,CHEK1,CAMK_CHEK1_HUMAN,DFGin,BLAminus,Type1,5,5,5,5,5,5
4FT9A,4FT9,A,148,175,177,5.174941791668996,30,30,CHEK1,CAMK_CHEK1_HUMAN,DFGin,BLAminus,Type1,5,5,5,5,5,5
4FTAA,4FTA,A,148,175,177,5.186310874316846,29,30,CHEK1,CAMK_CHEK1_HUMAN,DFGin,BLAminus,Type1,5,5,5,5,5,5
4FTCA,4FTC,A,148,175,177,5.181260621460893,29,30,CHEK1,CAMK_CHEK1_HUMAN,DFGin,BLAminus,Type1,5,5,5,5,5,5
4FTIA,4FTI,A,148,175,177,5.1820139185365255,30,30,CHEK1,CAMK_CHEK1_HUMAN,DFGin,BLAminus,Type1,5,5,5,5,5,5
4FTJA,4FTJ,A,148,175,177,5.186136003412809,30,30,CHEK1,CAMK_CHEK1_HUMAN,DFGin,BLAminus,Type1,5,5,5,5,5,5
4FTKA,4FTK,A,148,175,177,5.165336584216941,30,30,CHEK1,CAMK_CHEK1_HUMAN,DFGin,BLAminus,Type1.5_Back,5,5,5,5,5,5
4FTLA,4FTL,A,148,175,177,5.200917537114727,30,30,CHEK1,CAMK_CHEK1_HUMAN,DFGin,BLAminus,Type1.5_Back,5,5,5,5,5,5
4FTMA,4FTM,A,148,175,177,5.1621211021820645,30,30,CHEK1,CAMK_CHEK1_HUMAN,DFGin,BLAminus,Type1.5_Back,5,5,5,5,5,5
4FTNA,4FTN,A,148,175,177,5.176733657598707,29,30,CHEK1,CAMK_CHEK1_HUMAN,DFGin,BLAminus,Type1.5_Back,5,5,5,5,5,5
4FTOA,4FTO,A,148,175,177,5.19815416108481,30,30,CHEK1,CAMK_CHEK1_HUMAN,DFGin,BLAminus,Type1,5,5,5,5,5,5
4FTQA,4FTQ,A,148,175,177,5.179484438018466,29,30,CHEK1,CAMK_CHEK1_HUMAN,DFGin,BLAminus,Type1,5,5,5,5,5,5
4FTRA,4FTR,A,148,175,177,5.175300281037957,30,30,CHEK1,CAMK_CHEK1_HUMAN,DFGin,BLAminus,Type1,5,5,5,5,5,5
4FTTA,4FTT,A,148,175,177,5.177559945698951,30,30,CHEK1,CAMK_CHEK1_HUMAN,DFGin,BLAminus,Type1,5,5,5,5,5,5
4FTUA,4FTU,A,148,175,177,5.180496588243087,30,30,CHEK1,CAMK_CHEK1_HUMAN,DFGin,BLAminus,Type1,5,5,5,5,5,5
4FUXA,4FUX,A,165,193,195,4.813542612108786,31,31,MAPK1,CMGC_MAPK1_HUMAN,DFGin,BLAminus,Type1,5,5,5,5,5,5
4FUYA,4FUY,A,165,193,195,4.860786565987476,31,31,MAPK1,CMGC_MAPK1_HUMAN,DFGin,BLAminus,Type1,5,5,5,5,5,5
4FV0A,4FV0,A,165,193,195,4.8664931228457045,31,31,MAPK1,CMGC_MAPK1_HUMAN,DFGin,BLAminus,Type1,5,5,5,5,5,5
4FV1A,4FV1,A,165,193,195,4.827014482881463,31,31,MAPK1,CMGC_MAPK1_HUMAN,DFGin,BLAminus,Type1,5,5,5,5,5,5
4FV2A,4FV2,A,165,193,195,4.826180705943561,31,31,MAPK1,CMGC_MAPK1_HUMAN,DFGin,BLAminus,Type1,5,5,5,5,5,5
4FV3A,4FV3,A,165,193,195,4.835412169698869,31,31,MAPK1,CMGC_MAPK1_HUMAN,DFGin,BLAminus,Type1,5,5,5,5,5,5
4FV7A,4FV7,A,165,193,195,4.816822710389809,31,31,MAPK1,CMGC_MAPK1_HUMAN,DFGin,BLAminus,Type1,5,5,5,5,5,5
4FX3A,4FX3,A,145,170,172,4.702517740793068,28,28,CDK2,CMGC_CDK2_HUMAN,DFGin,BLAminus,Type1,5,5,5,5,5,5
4FX3C,4FX3,C,145,170,172,4.707358704430006,28,28,CDK2,CMGC_CDK2_HUMAN,DFGin,BLAminus,Type1,5,5,5,5,5,5
4FYNA,4FYN,A,512,540,542,4.539694947083819,27,31,SYK,TYR_SYK_HUMAN,DFGin,BLAminus,Type1,5,5,5,5,5,5
4FYOA,4FYO,A,512,540,542,4.52628637327312,27,31,SYK,TYR_SYK_HUMAN,DFGin,BLAminus,Type1,5,5,5,5,5,5
4FZ6A,4FZ6,A,512,540,542,4.543362394444635,27,31,SYK,TYR_SYK_HUMAN,DFGin,BLAminus,Type1,5,5,5,5,5,5
4FZ7A,4FZ7,A,512,540,542,4.578144795948649,27,31,SYK,TYR_SYK_HUMAN,DFGin,BLAminus,Type1,5,5,5,5,5,5
4G3CB,4G3C,B,536,566,568,5.72074452513904,33,33,MAP3K14,STE_MAP3K14_MOUSE,DFGin,BLAminus,No_ligand,5,5,5,5,5,5
4G3DA,4G3D,A,534,564,566,5.423489950911134,33,33,MAP3K14,STE_MAP3K14_HUMAN,DFGin,BLAminus,No_ligand,5,5,5,5,5,5
4G3DB,4G3D,B,534,564,566,5.50885138327452,33,33,MAP3K14,STE_MAP3K14_HUMAN,DFGin,BLAminus,No_ligand,5,5,5,5,5,5
4G3EB,4G3E,B,536,566,568,5.57341189991244,33,33,MAP3K14,STE_MAP3K14_MOUSE,DFGin,BLAminus,Type1.5_Back,5,5,5,5,5,5
4G6NA,4G6N,A,165,193,195,4.821984895203522,31,31,MAPK1,CMGC_MAPK1_HUMAN,DFGin,BLAminus,Type1,5,5,5,5,5,5
4G6OA,4G6O,A,165,193,195,4.8320344745601185,31,31,MAPK1,CMGC_MAPK1_HUMAN,DFGin,BLAminus,Type1,5,5,5,5,5,5
4GCJA,4GCJ,A,145,170,172,4.721621142140849,28,28,CDK2,CMGC_CDK2_HUMAN,DFGin,BLBminus,Type1,5,5,5,5,5,5
4GFGA,4GFG,A,512,540,542,4.5273655544902525,31,31,SYK,TYR_SYK_HUMAN,DFGin,BLAminus,Type1,5,5,5,5,5,5
4GFMA,4GFM,A,994,1022,1024,4.197301654994101,29,31,JAK2,TYR_JAK2-2_HUMAN,DFGin,ABAminus,Type1,5,5,5,5,5,5
4GFOA,4GFO,A,1041,1069,1071,4.171139242352679,31,31,TYK2,TYR_TYK2-2_HUMAN,DFGin,BLAminus,Type1,5,5,5,5,5,5
4GH2A,4GH2,A,148,175,177,5.150730002596183,29,30,CHEK1,CAMK_CHEK1_HUMAN,DFGin,BLAminus,Type1,5,5,5,5,5,5
4GIHA,4GIH,A,1041,1069,1071,4.137470792931357,31,31,TYK2,TYR_TYK2-2_HUMAN,DFGin,BLAminus,Type1,5,5,5,5,5,5
4GIIA,4GII,A,1041,1069,1071,4.163364547181349,31,31,TYK2,TYR_TYK2-2_HUMAN,DFGin,None,Type1,5,5,5,5,5,5
4GJ2A,4GJ2,A,1041,1069,1071,4.16603657107932,31,31,TYK2,TYR_TYK2-2_HUMAN,DFGin,ABAminus,Type1,5,5,5,5,5,5
4GJ3A,4GJ3,A,1041,1069,1071,4.162263695598145,31,31,TYK2,TYR_TYK2-2_HUMAN,DFGin,ABAminus,Type1,5,5,5,5,5,5
4GL9A,4GL9,A,994,1022,1024,4.108556242732801,29,31,JAK2,TYR_JAK2-2_MOUSE,DFGin,BLAminus,Type1,5,5,5,5,5,5
4GL9B,4GL9,B,994,1022,1024,3.7264305363254535,29,31,JAK2,TYR_JAK2-2_MOUSE,DFGin,BLAminus,Type1,5,5,5,5,5,5
4GL9C,4GL9,C,994,1022,1024,4.096723706304221,29,31,JAK2,TYR_JAK2-2_MOUSE,DFGin,BLAminus,Type1,5,5,5,5,5,5
4GL9D,4GL9,D,994,1022,1024,4.065045285810958,29,31,JAK2,TYR_JAK2-2_MOUSE,DFGin,BLAminus,Type1,5,5,5,5,5,5
4GMYA,4GMY,A,994,1022,1024,4.157649907234714,29,31,JAK2,TYR_JAK2-2_HUMAN,DFGin,BLAminus,Type1,5,5,5,5,5,5
4GSBA,4GSB,A,165,193,195,4.82145872463627,31,31,MAPK1,CMGC_MAPK1_RAT,DFGin,BLAminus,No_ligand,5,5,5,5,5,5
4GT3A,4GT3,A,165,193,195,4.8252561371538265,31,31,MAPK1,CMGC_MAPK1_RAT,DFGin,BLAminus,ATPlike,5,5,5,5,5,5
4GT4A,4GT4,A,633,660,662,4.412980430877882,30,30,ROR2,TYR_ROR2_HUMAN,DFGinter,None,No_ligand,5,5,5,5,5,5
4GT4B,4GT4,B,633,660,662,4.3768675579745056,30,30,ROR2,TYR_ROR2_HUMAN,DFGinter,None,No_ligand,5,5,5,5,5,5
4GU6A,4GU6,A,564,590,592,4.384855848641233,29,29,PTK2,TYR_PTK2_HUMAN,DFGin,None,Type1,5,5,5,5,5,5
4GUEA,4GUE,A,211,236,238,5.075814407760899,23,28,RPS6KA3,AGC_RPS6KA3-1_MOUSE,DFGout,None,Type1,5,5,5,5,5,5
4GV1A,4GV1,A,292,317,319,5.281627051341062,27,28,AKT1,AGC_AKT1_HUMAN,DFGin,BLAminus,Type1,5,5,5,5,5,5
4GVAA,4GVA,A,165,193,195,4.7879234764400795,31,31,MAPK1,CMGC_MAPK1_RAT,DFGin,BLAminus,ATPlike,5,5,5,5,5,5
4GVJA,4GVJ,A,1041,1069,1071,4.132932156885141,31,31,TYK2,TYR_TYK2-2_HUMAN,DFGin,BLAminus,ATPlike,5,5,5,5,5,5
4H36A,4H36,A,207,231,233,5.362591568710239,27,27,MAPK10,CMGC_MAPK10_HUMAN,DFGin,BLBplus,No_ligand,5,5,5,5,5,5
4H3BA,4H3B,A,207,231,233,5.344727551927091,27,27,MAPK10,CMGC_MAPK10_HUMAN,DFGin,BLBplus,No_ligand,5,5,5,5,5,5
4H3BC,4H3B,C,207,231,233,5.342819407538022,27,27,MAPK10,CMGC_MAPK10_HUMAN,DFGin,BLBplus,No_ligand,5,5,5,5,5,5
4H3PA,4H3P,A,167,195,197,4.791122607102343,24,31,MAPK1,CMGC_MAPK1_HUMAN,DFGin,BLAminus,ATPlike,5,5,5,5,5,5
4H3QA,4H3Q,A,167,195,197,4.603387288349202,31,31,MAPK1,CMGC_MAPK1_HUMAN,DFGin,BLAminus,ATPlike,5,5,5,5,5,5
4H58C,4H58,C,593,620,622,1.0396661279540456,30,30,BRAF,TKL_BRAF_HUMAN,DFGout,BBAminus,No_ligand,5,5,5,5,5,5
4HCTA,4HCT,A,500,526,528,4.499462287273827,29,29,ITK,TYR_ITK_HUMAN,DFGin,BLBplus,Type1,5,5,5,5,5,5
4HCUA,4HCU,A,500,526,528,4.500140559740508,29,29,ITK,TYR_ITK_HUMAN,DFGin,BLBplus,Type1,5,5,5,5,5,5
4HCVA,4HCV,A,500,526,528,4.512838122605068,29,29,ITK,TYR_ITK_HUMAN,DFGin,BLBplus,Type1,5,5,5,5,5,5
4HGEA,4HGE,A,994,1022,1024,4.172858108085137,29,31,JAK2,TYR_JAK2-2_HUMAN,DFGin,ABAminus,Type1,5,5,5,5,5,5
4HGEB,4HGE,B,994,1022,1024,4.1414099668098725,29,31,JAK2,TYR_JAK2-2_HUMAN,DFGin,ABAminus,Type1,5,5,5,5,5,5
4HPTE,4HPT,E,184,206,208,4.844082119867387,24,25,PRKACA,AGC_PRKACA_MOUSE,DFGin,BLAminus,ATPlike,5,5,5,5,5,5
4HPUE,4HPU,E,184,206,208,4.815341842302778,24,25,PRKACA,AGC_PRKACA_MOUSE,DFGin,BLAminus,ATPlike,5,5,5,5,5,5
4HVDA,4HVD,A,967,995,997,4.106310753786028,31,31,JAK3,TYR_JAK3-2_HUMAN,DFGin,BLAminus,Type1,5,5,5,5,5,5
4HVGA,4HVG,A,967,995,997,4.159669255389255,31,31,JAK3,TYR_JAK3-2_HUMAN,DFGin,BLAminus,Type1,5,5,5,5,5,5
4HVHA,4HVH,A,967,995,997,4.127145484538142,31,31,JAK3,TYR_JAK3-2_HUMAN,DFGin,BLAminus,Type1,5,5,5,5,5,5
4HVIA,4HVI,A,967,995,997,4.138441226256502,31,31,JAK3,TYR_JAK3-2_HUMAN,DFGin,BLAminus,Type1,5,5,5,5,5,5
4HVSA,4HVS,A,810,837,839,4.376612856978418,30,30,KIT,TYR_KIT_HUMAN,DFGout,BBAminus,Type2,5,5,5,5,5,5
4HW7A,4HW7,A,796,823,825,4.430141693538605,30,30,CSF1R,TYR_CSF1R_HUMAN,DFGout,BBAminus,Type2,5,5,5,5,5,5
4HYHA,4HYH,A,148,175,177,5.1081607317920374,30,30,CHEK1,CAMK_CHEK1_HUMAN,DFGin,BLAminus,Type1,5,5,5,5,5,5
4HYIA,4HYI,A,148,175,177,5.159445528405784,30,30,CHEK1,CAMK_CHEK1_HUMAN,DFGin,BLAminus,Type1,5,5,5,5,5,5
4HZRA,4HZR,A,270,298,300,4.777538530519282,31,31,TNK2,TYR_TNK2_HUMAN,DFGin,ABAminus,No_ligand,5,5,5,5,5,5
4HZRB,4HZR,B,270,298,300,4.803437718039278,31,31,TNK2,TYR_TNK2_HUMAN,DFGin,ABAminus,No_ligand,5,5,5,5,5,5
4I0RA,4I0R,A,512,540,542,4.535527709782598,27,31,SYK,TYR_SYK_HUMAN,DFGin,BLAminus,Type1,5,5,5,5,5,5
4I0SA,4I0S,A,512,540,542,4.5730223587706655,27,31,SYK,TYR_SYK_HUMAN,DFGin,BLAminus,Type1,5,5,5,5,5,5
4I0TA,4I0T,A,512,540,542,4.484913362858351,26,31,SYK,TYR_SYK_HUMAN,DFGin,BLAminus,Type1,5,5,5,5,5,5
4I3ZA,4I3Z,A,145,170,172,4.684410543987434,27,28,CDK2,CMGC_CDK2_HUMAN,DFGin,BLAminus,ATPlike,5,5,5,5,5,5
4I3ZC,4I3Z,C,145,170,172,4.686945576866094,27,28,CDK2,CMGC_CDK2_HUMAN,DFGin,BLAminus,ATPlike,5,5,5,5,5,5
4I5CA,4I5C,A,1021,1049,1051,4.2537448748749895,28,31,JAK1,TYR_JAK1-2_HUMAN,DFGin,ABAminus,Type1,5,5,5,5,5,5
4I5CB,4I5C,B,1021,1049,1051,4.275051932814165,29,31,JAK1,TYR_JAK1-2_HUMAN,DFGin,ABAminus,Type1,5,5,5,5,5,5
4I5HA,4I5H,A,165,193,195,4.691186363112828,24,31,MAPK1,CMGC_MAPK1_RAT,DFGout,None,Type2,5,5,5,5,5,5
4I5PA,4I5P,A,223,248,250,5.26874494453873,28,28,PLK2,CAMK_PLK2_HUMAN,DFGin,BLAminus,Type1,5,5,5,5,5,5
4I6BA,4I6B,A,223,248,250,5.261322130659713,28,28,PLK2,CAMK_PLK2_HUMAN,DFGin,BLAminus,Type1,5,5,5,5,5,5
4I6FA,4I6F,A,223,248,250,5.249360263629376,28,28,PLK2,CAMK_PLK2_HUMAN,DFGin,BLAminus,Type1,5,5,5,5,5,5
4I6HA,4I6H,A,223,248,250,5.2730833082965525,28,28,PLK2,CAMK_PLK2_HUMAN,DFGin,BLBminus,Type1,5,5,5,5,5,5
4I6QA,4I6Q,A,967,995,997,4.122432351059594,31,31,JAK3,TYR_JAK3-2_HUMAN,DFGin,BLAminus,Type1,5,5,5,5,5,5
4IACA,4IAC,A,184,206,208,4.811049800398614,24,25,PRKACA,AGC_PRKACA_MOUSE,DFGin,BLAminus,ATPlike,5,5,5,5,5,5
4IADA,4IAD,A,184,206,208,4.809110268186978,24,25,PRKACA,AGC_PRKACA_MOUSE,DFGin,BLAminus,ATPlike,5,5,5,5,5,5
4IAFA,4IAF,A,184,206,208,4.813987722879079,24,25,PRKACA,AGC_PRKACA_MOUSE,DFGin,BLAminus,ATPlike,5,5,5,5,5,5
4IAIA,4IAI,A,184,206,208,4.8185630821243555,24,25,PRKACA,AGC_PRKACA_MOUSE,DFGin,BLAminus,ATPlike,5,5,5,5,5,5
4IAKA,4IAK,A,184,206,208,4.826326746642589,24,25,PRKACA,AGC_PRKACA_MOUSE,DFGin,BLAminus,ATPlike,5,5,5,5,5,5
4IANA,4IAN,A,834,857,859,6.156977559354304,25,26,PRP4K,CMGC_PRP4K_HUMAN,DFGin,BLAminus,No_ligand,5,5,5,5,5,5
4IANB,4IAN,B,834,857,859,6.17233018974235,25,26,PRP4K,CMGC_PRP4K_HUMAN,DFGin,BLAminus,No_ligand,5,5,5,5,5,5
4IAYA,4IAY,A,184,206,208,4.801352454097324,24,25,PRKACA,AGC_PRKACA_MOUSE,DFGin,BLAminus,ATPlike,5,5,5,5,5,5
4IAZA,4IAZ,A,184,206,208,4.813535269853875,24,25,PRKACA,AGC_PRKACA_MOUSE,DFGin,BLAminus,ATPlike,5,5,5,5,5,5
4IB0A,4IB0,A,184,206,208,4.8193136406378265,24,25,PRKACA,AGC_PRKACA_MOUSE,DFGin,BLAminus,ATPlike,5,5,5,5,5,5
4IB1A,4IB1,A,184,206,208,4.806223892302635,24,25,PRKACA,AGC_PRKACA_MOUSE,DFGin,BLAminus,ATPlike,5,5,5,5,5,5
4IB3A,4IB3,A,184,206,208,4.836339444660753,24,25,PRKACA,AGC_PRKACA_MOUSE,DFGin,BLAminus,ATPlike,5,5,5,5,5,5
4IBMA,4IBM,A,1150,1177,1179,4.622720172610193,30,30,INSR,TYR_INSR_HUMAN,DFGin,None,Type1,5,5,5,5,5,5
4IBMB,4IBM,B,1150,1177,1179,4.632429978894009,30,30,INSR,TYR_INSR_HUMAN,DFGin,None,Type1,5,5,5,5,5,5
4IC7A,4IC7,A,200,229,231,4.500860591882791,32,32,MAPK7,CMGC_MAPK7_HUMAN,DFGin,BLAminus,ATPlike,5,5,5,5,5,5
4IC7D,4IC7,D,200,229,231,4.485536585005513,32,32,MAPK7,CMGC_MAPK7_HUMAN,DFGin,BLAminus,ATPlike,5,5,5,5,5,5
4ID7A,4ID7,A,270,298,300,4.852335327708228,31,31,TNK2,TYR_TNK2_HUMAN,DFGin,ABAminus,Type1.5_Back,5,5,5,5,5,5
4IDTA,4IDT,A,534,564,566,5.457660892808592,24,33,MAP3K14,STE_MAP3K14_HUMAN,DFGin,ABAminus,Type1,5,5,5,5,5,5
4IDTB,4IDT,B,534,564,566,5.454642129045506,24,33,MAP3K14,STE_MAP3K14_HUMAN,DFGin,BLAminus,Type1,5,5,5,5,5,5
4IDVA,4IDV,A,534,564,566,5.440306646589135,33,33,MAP3K14,STE_MAP3K14_HUMAN,DFGin,BLAminus,Type1.5_Back,5,5,5,5,5,5
4IDVB,4IDV,B,534,564,566,5.447632582785277,33,33,MAP3K14,STE_MAP3K14_HUMAN,DFGin,BLAminus,Type1.5_Back,5,5,5,5,5,5
4IDVC,4IDV,C,534,564,566,5.430104492195217,33,33,MAP3K14,STE_MAP3K14_HUMAN,DFGin,BLAminus,Type1.5_Back,5,5,5,5,5,5
4IDVD,4IDV,D,534,564,566,5.454719063969368,33,33,MAP3K14,STE_MAP3K14_HUMAN,DFGin,BLAminus,Type1.5_Back,5,5,5,5,5,5
4IE9A,4IE9,A,184,206,208,4.841698603290307,24,25,PRKACA,AGC_PRKACA_BOVIN,DFGin,BLAminus,Type1,5,5,5,5,5,5
4IEBA,4IEB,A,195,219,221,7.531046439439629,27,27,CDPK1,CAMK_CDPK1_TOXGO,DFGin,BLAminus,ATPlike,5,5,5,5,5,5
4IFCA,4IFC,A,834,857,859,6.192933631517516,25,26,PRP4K,CMGC_PRP4K_HUMAN,DFGin,BLAminus,ATPlike,5,5,5,5,5,5
4IFCB,4IFC,B,834,857,859,6.200137389753799,25,26,PRP4K,CMGC_PRP4K_HUMAN,DFGin,BLAminus,ATPlike,5,5,5,5,5,5
4IFGA,4IFG,A,195,219,221,7.61739572549078,27,27,CDPK1,CAMK_CDPK1_TOXGO,None,None,Type1,5,5,5,5,5,5
4IH8A,4IH8,A,195,219,221,7.665154295838951,27,27,CDPK1,CAMK_CDPK1_TOXGO,None,None,Type1,5,5,5,5,5,5
4IHPA,4IHP,A,195,219,221,7.598749979570633,27,27,CDPK1,CAMK_CDPK1_TOXGO,None,None,Type1,5,5,5,5,5,5
4II5A,4II5,A,145,170,172,4.65691933226056,27,28,CDK2,CMGC_CDK2_HUMAN,DFGin,BLAminus,ATPlike,5,5,5,5,5,5
4II5C,4II5,C,145,170,172,4.656404736769624,27,28,CDK2,CMGC_CDK2_HUMAN,DFGin,BLAminus,ATPlike,5,5,5,5,5,5
4IIRA,4IIR,A,834,857,859,6.213128673847152,25,26,PRP4K,CMGC_PRP4K_HUMAN,DFGin,BLAminus,ATPlike,5,5,5,5,5,5
4IIRB,4IIR,B,834,857,859,6.20452339186544,25,26,PRP4K,CMGC_PRP4K_HUMAN,DFGin,BLAminus,ATPlike,5,5,5,5,5,5
4IJ9A,4IJ9,A,184,206,208,4.841600702755771,24,25,PRKACA,AGC_PRKACA_BOVIN,DFGin,BLAminus,Type1,5,5,5,5,5,5
4IJPA,4IJP,A,834,857,859,6.2230139039653185,25,26,PRP4K,CMGC_PRP4K_HUMAN,DFGin,BLAminus,Type1,5,5,5,5,5,5
4IJPB,4IJP,B,834,857,859,6.231006162871197,25,26,PRP4K,CMGC_PRP4K_HUMAN,DFGin,BLAminus,Type1,5,5,5,5,5,5
4IQ6A,4IQ6,A,200,224,226,5.539278234412111,27,27,GSK3B,CMGC_GSK3B_HUMAN,DFGin,BLAminus,Type1,5,5,5,5,5,5
4IQ6B,4IQ6,B,200,224,226,5.537089803627975,27,27,GSK3B,CMGC_GSK3B_HUMAN,DFGin,BLAminus,Type1.5_Back,5,5,5,5,5,5
4ITHB,4ITH,B,156,194,196,3.2202731802364686,29,41,RIPK1,TKL_RIPK1_HUMAN,DFGout,BBAminus,Type3,5,5,5,5,5,5
4ITIA,4ITI,A,156,194,196,2.951207713499746,31,41,RIPK1,TKL_RIPK1_HUMAN,DFGout,BBAminus,Type3,5,5,5,5,5,5
4ITIB,4ITI,B,156,194,196,3.042326701800097,30,41,RIPK1,TKL_RIPK1_HUMAN,DFGout,BBAminus,Type3,5,5,5,5,5,5
4ITJB,4ITJ,B,156,194,196,3.2428024268597677,29,41,RIPK1,TKL_RIPK1_HUMAN,DFGout,BBAminus,Type2,5,5,5,5,5,5
4IVAA,4IVA,A,994,1022,1024,4.208049603506152,29,31,JAK2,TYR_JAK2-2_HUMAN,DFGin,ABAminus,Type1,5,5,5,5,5,5
4IVBA,4IVB,A,1021,1049,1051,4.2246386539897545,29,31,JAK1,TYR_JAK1-2_HUMAN,DFGin,ABAminus,Type1,5,5,5,5,5,5
4IVBB,4IVB,B,1021,1049,1051,4.223665137906401,29,31,JAK1,TYR_JAK1-2_HUMAN,DFGin,ABAminus,Type1,5,5,5,5,5,5
4IVCA,4IVC,A,1021,1049,1051,4.251115387288815,29,31,JAK1,TYR_JAK1-2_HUMAN,DFGin,ABAminus,Type1,5,5,5,5,5,5
4IVCB,4IVC,B,1021,1049,1051,4.248023267010507,29,31,JAK1,TYR_JAK1-2_HUMAN,DFGin,ABAminus,Type1,5,5,5,5,5,5
4IVDA,4IVD,A,1021,1049,1051,4.241502130234911,29,31,JAK1,TYR_JAK1-2_HUMAN,DFGin,ABAminus,Type1,5,5,5,5,5,5
4IVDB,4IVD,B,1021,1049,1051,4.239842262199343,29,31,JAK1,TYR_JAK1-2_HUMAN,DFGin,ABAminus,Type1,5,5,5,5,5,5
4IZ5A,4IZ5,A,167,195,197,4.548297509550952,31,31,MAPK1,CMGC_MAPK1_HUMAN,DFGin,BLAminus,ATPlike,5,5,5,5,5,5
4IZ5B,4IZ5,B,167,195,197,4.546718289235637,31,31,MAPK1,CMGC_MAPK1_HUMAN,DFGin,BLAminus,ATPlike,5,5,5,5,5,5
4IZ5C,4IZ5,C,167,195,197,4.547116741897292,31,31,MAPK1,CMGC_MAPK1_HUMAN,DFGin,BLAminus,ATPlike,5,5,5,5,5,5
4IZ5D,4IZ5,D,167,195,197,4.547628802997012,31,31,MAPK1,CMGC_MAPK1_HUMAN,DFGin,BLAminus,ATPlike,5,5,5,5,5,5
4IZ7A,4IZ7,A,167,195,197,4.475710319753028,25,31,MAPK1,CMGC_MAPK1_HUMAN,DFGin,BLAminus,No_ligand,5,5,5,5,5,5
4IZ7C,4IZ7,C,167,195,197,4.628547369299252,22,31,MAPK1,CMGC_MAPK1_HUMAN,DFGin,BLAminus,No_ligand,5,5,5,5,5,5
4IZAA,4IZA,A,167,195,197,4.484318903298383,29,31,MAPK1,CMGC_MAPK1_HUMAN,DFGin,BLAminus,No_ligand,5,5,5,5,5,5
4J1RA,4J1R,A,200,224,226,5.567676031902775,26,27,GSK3B,CMGC_GSK3B_HUMAN,DFGin,BLAminus,Type1,5,5,5,5,5,5
4J1RB,4J1R,B,200,224,226,5.565702893951537,26,27,GSK3B,CMGC_GSK3B_HUMAN,DFGin,BLAminus,Type1,5,5,5,5,5,5
4J1RC,4J1R,C,200,224,226,5.565827893177809,26,27,GSK3B,CMGC_GSK3B_HUMAN,DFGin,BLAminus,Type1,5,5,5,5,5,5
4J1RD,4J1R,D,200,224,226,5.5660731886218935,26,27,GSK3B,CMGC_GSK3B_HUMAN,DFGin,BLAminus,Type1,5,5,5,5,5,5
4J52A,4J52,A,194,219,221,4.683593157935163,28,28,PLK1,CAMK_PLK1_HUMAN,DFGin,BLAminus,Type1,5,5,5,5,5,5
4J53A,4J53,A,194,219,221,4.716650417432772,28,28,PLK1,CAMK_PLK1_HUMAN,DFGin,BLAminus,Type1,5,5,5,5,5,5
4J71A,4J71,A,200,224,226,5.532966604609062,26,27,GSK3B,CMGC_GSK3B_HUMAN,DFGin,BLAminus,Type1,5,5,5,5,5,5
4J71B,4J71,B,200,224,226,5.5179009418541565,26,27,GSK3B,CMGC_GSK3B_HUMAN,DFGin,BLAminus,Type1,5,5,5,5,5,5
4J95A,4J95,A,644,671,673,4.21972964773528,26,30,FGFR2,TYR_FGFR2_HUMAN,DFGin,BLAminus,ATPlike,5,5,5,5,5,5
4J95B,4J95,B,644,671,673,4.133296264311767,30,30,FGFR2,TYR_FGFR2_HUMAN,DFGin,BLAminus,ATPlike,5,5,5,5,5,5
4J95C,4J95,C,644,671,673,4.169347524359869,30,30,FGFR2,TYR_FGFR2_HUMAN,DFGin,BLAminus,ATPlike,5,5,5,5,5,5
4J96B,4J96,B,644,671,673,4.189811364794604,30,30,FGFR2,TYR_FGFR2_HUMAN,DFGin,BLAminus,ATPlike,5,5,5,5,5,5
4J96A,4J96,A,644,671,673,4.149191777798816,30,30,FGFR2,TYR_FGFR2_HUMAN,DFGin,BLAminus,No_ligand,5,5,5,5,5,5
4J97A,4J97,A,644,671,673,4.208575486968716,30,30,FGFR2,TYR_FGFR2_HUMAN,DFGin,BLAminus,ATPlike,5,5,5,5,5,5
4J97B,4J97,B,644,671,673,4.137104294159437,30,30,FGFR2,TYR_FGFR2_HUMAN,DFGin,BLAminus,ATPlike,5,5,5,5,5,5
4J97C,4J97,C,644,671,673,4.163476625212453,30,30,FGFR2,TYR_FGFR2_HUMAN,DFGin,BLAminus,ATPlike,5,5,5,5,5,5
4J97D,4J97,D,644,671,673,4.250927787636572,30,30,FGFR2,TYR_FGFR2_HUMAN,DFGin,BLAminus,ATPlike,5,5,5,5,5,5
4J98B,4J98,B,644,671,673,4.1836250741580825,30,30,FGFR2,TYR_FGFR2_HUMAN,DFGin,BLAminus,ATPlike,5,5,5,5,5,5
4J98A,4J98,A,644,671,673,4.147336160231066,30,30,FGFR2,TYR_FGFR2_HUMAN,DFGin,BLAminus,No_ligand,5,5,5,5,5,5
4J99A,4J99,A,644,671,673,4.2210002274940495,26,30,FGFR2,TYR_FGFR2_HUMAN,DFGin,BLAminus,ATPlike,5,5,5,5,5,5
4J99B,4J99,B,644,671,673,4.116561039770934,30,30,FGFR2,TYR_FGFR2_HUMAN,DFGin,BLAminus,ATPlike,5,5,5,5,5,5
4J99C,4J99,C,644,671,673,4.131547124980773,30,30,FGFR2,TYR_FGFR2_HUMAN,DFGin,BLAminus,ATPlike,5,5,5,5,5,5
4J99D,4J99,D,644,671,673,4.165132862650734,27,30,FGFR2,TYR_FGFR2_HUMAN,DFGin,BLAminus,ATPlike,5,5,5,5,5,5
4JBVA,4JBV,A,195,219,221,7.559461724622501,27,27,CDPK1,CAMK_CDPK1_TOXGO,None,None,Type1,5,5,5,5,5,5
4JDHA,4JDH,A,458,483,485,4.877358289446532,27,28,PAK4,STE_PAK4_HUMAN,DFGin,BLAminus,No_ligand,5,5,5,5,5,5
4JDIA,4JDI,A,458,483,485,4.859647622768757,27,28,PAK4,STE_PAK4_HUMAN,DFGin,BLAminus,ATPlike,5,5,5,5,5,5
4JDJA,4JDJ,A,458,483,485,4.852328618163179,27,28,PAK4,STE_PAK4_HUMAN,DFGin,BLAminus,No_ligand,5,5,5,5,5,5
4JDKA,4JDK,A,458,483,485,4.853711158166113,27,28,PAK4,STE_PAK4_HUMAN,DFGin,BLAminus,No_ligand,5,5,5,5,5,5
4JG6A,4JG6,A,561,586,588,8.164684513551217,28,28,RPS6KA3,CAMK_RPS6KA3-2_HUMAN,DFGin,BLAminus,Type1,5,5,5,5,5,5
4JG7A,4JG7,A,561,586,588,8.167833773259044,28,28,RPS6KA3,CAMK_RPS6KA3-2_HUMAN,DFGin,BLAminus,Type1,5,5,5,5,5,5
4JG8A,4JG8,A,561,586,588,8.195094073719162,28,28,RPS6KA3,CAMK_RPS6KA3-2_HUMAN,DFGin,BLAminus,Type1,5,5,5,5,5,5
4JI9A,4JI9,A,994,1022,1024,4.148617654388084,29,31,JAK2,TYR_JAK2-2_HUMAN,DFGin,ABAminus,Type1,5,5,5,5,5,5
4JI9B,4JI9,B,994,1022,1024,4.126113317140925,29,31,JAK2,TYR_JAK2-2_HUMAN,DFGin,ABAminus,Type1,5,5,5,5,5,5
4JIAA,4JIA,A,994,1022,1024,4.156034833940123,29,31,JAK2,TYR_JAK2-2_HUMAN,DFGin,BLAminus,Type1,5,5,5,5,5,5
4JIKA,4JIK,A,148,175,177,5.150625479249013,30,30,CHEK1,CAMK_CHEK1_HUMAN,DFGin,BLAminus,Type1,5,5,5,5,5,5
4K11A,4K11,A,404,430,432,4.396069449971874,29,29,SRC,TYR_SRC_HUMAN,DFGin,BLBplus,Type1,5,5,5,5,5,5
4K33A,4K33,A,635,662,664,4.3816614451835045,30,30,FGFR3,TYR_FGFR3_HUMAN,DFGin,BLAminus,ATPlike,5,5,5,5,5,5
4K6ZA,4K6Z,A,1021,1049,1051,4.309190085882086,29,31,JAK1,TYR_JAK1-2_HUMAN,DFGin,ABAminus,Type1,5,5,5,5,5,5
4K77A,4K77,A,1021,1049,1051,4.239455679863761,29,31,JAK1,TYR_JAK1-2_HUMAN,DFGin,ABAminus,Type1,5,5,5,5,5,5
4K77B,4K77,B,1021,1049,1051,4.242477395145615,29,31,JAK1,TYR_JAK1-2_HUMAN,DFGin,ABAminus,Type1,5,5,5,5,5,5
4K9YA,4K9Y,A,564,590,592,4.453875645507056,29,29,PTK2,TYR_PTK2_HUMAN,DFGout,None,Type2,5,5,5,5,5,5
4KD1A,4KD1,A,145,170,172,4.7134461494317295,28,28,CDK2,CMGC_CDK2_HUMAN,None,None,Type1,5,5,5,5,5,5
4KIKB,4KIK,B,166,190,192,6.997290704763544,22,27,IKBKB,OTHER_IKBKB_HUMAN,DFGin,BLAminus,Type1,5,5,5,5,5,5
4KKEA,4KKE,A,207,231,233,5.415141297975923,25,27,MAPK10,CMGC_MAPK10_HUMAN,DFGin,ABAminus,ATPlike,5,5,5,5,5,5
4KKGA,4KKG,A,207,231,233,5.42416114669223,24,27,MAPK10,CMGC_MAPK10_HUMAN,DFGin,ABAminus,No_ligand,5,5,5,5,5,5
4KKHA,4KKH,A,207,231,233,5.462889087746763,25,27,MAPK10,CMGC_MAPK10_HUMAN,DFGin,ABAminus,Type1,5,5,5,5,5,5
4KS7A,4KS7,A,544,569,571,4.826977555661653,27,28,PAK6,STE_PAK6_HUMAN,DFGin,BLAminus,Type1,5,5,5,5,5,5
4KS8A,4KS8,A,544,569,571,4.886062191213758,27,28,PAK6,STE_PAK6_HUMAN,DFGin,BLAminus,Type1,5,5,5,5,5,5
4L3JA,4L3J,A,213,238,240,4.966636111735421,28,28,RPS6KB1,AGC_RPS6KB1_HUMAN,DFGin,ABAminus,Type1,5,5,5,5,5,5
4L3LA,4L3L,A,213,238,240,4.975965710779864,28,28,RPS6KB1,AGC_RPS6KB1_HUMAN,DFGin,ABAminus,Type1,5,5,5,5,5,5
4L42A,4L42,A,213,238,240,4.7343958088504,28,28,RPS6KB1,AGC_RPS6KB1_HUMAN,DFGin,ABAminus,Type1,5,5,5,5,5,5
4L44A,4L44,A,213,238,240,4.962632783144133,23,28,RPS6KB1,AGC_RPS6KB1_HUMAN,DFGin,BLAminus,Type1,5,5,5,5,5,5
4L46A,4L46,A,213,238,240,4.876037406944821,24,28,RPS6KB1,AGC_RPS6KB1_HUMAN,DFGin,ABAminus,Type1,5,5,5,5,5,5
4L67A,4L67,A,458,483,485,4.8990207480573105,27,28,PAK4,STE_PAK4_HUMAN,DFGin,BLAminus,No_ligand,5,5,5,5,5,5
4L6QA,4L6Q,A,232,258,260,2.9202665743195,29,29,ROCK2,AGC_ROCK2_HUMAN,DFGin,ABAminus,Type1,5,5,5,5,5,5
4L6QB,4L6Q,B,232,258,260,2.9356030408938563,29,29,ROCK2,AGC_ROCK2_HUMAN,DFGin,ABAminus,Type1,5,5,5,5,5,5
4L8MA,4L8M,A,168,190,192,4.621209726049155,18,25,MAPK14,CMGC_MAPK14_HUMAN,DFGout,None,Type2,5,5,5,5,5,5
4L9IA,4L9I,A,332,357,359,4.3193145725198825,28,28,GRK1,AGC_GRK1_BOVIN,DFGin,BLAminus,Type1,5,5,5,5,5,5
4L9IB,4L9I,B,332,357,359,4.256287974923622,28,28,GRK1,AGC_GRK1_BOVIN,DFGin,BLAminus,Type1,5,5,5,5,5,5
4LG4A,4LG4,A,164,189,191,5.08724422663616,28,28,STK3,STE_STK3_HUMAN,DFGin,BLBminus,No_ligand,5,5,5,5,5,5
4LG4B,4LG4,B,164,189,191,4.829147108708356,24,28,STK3,STE_STK3_HUMAN,DFGin,BLBminus,No_ligand,5,5,5,5,5,5
4LG4C,4LG4,C,164,189,191,5.0748820049800445,28,28,STK3,STE_STK3_HUMAN,DFGin,BLBminus,No_ligand,5,5,5,5,5,5
4LG4E,4LG4,E,164,189,191,5.064244970325894,22,28,STK3,STE_STK3_HUMAN,DFGin,BLBminus,No_ligand,5,5,5,5,5,5
4LGDA,4LGD,A,164,189,191,5.000571279066995,28,28,STK3,STE_STK3_HUMAN,DFGin,BLBminus,ATPlike,5,5,5,5,5,5
4LGDB,4LGD,B,164,189,191,5.069688831692502,28,28,STK3,STE_STK3_HUMAN,DFGin,BLBminus,ATPlike,5,5,5,5,5,5
4LGDC,4LGD,C,164,189,191,5.039463681112667,28,28,STK3,STE_STK3_HUMAN,DFGin,BLBminus,ATPlike,5,5,5,5,5,5
4LGDD,4LGD,D,164,189,191,5.075352744761761,28,28,STK3,STE_STK3_HUMAN,DFGin,BLBminus,ATPlike,5,5,5,5,5,5
4LMNA,4LMN,A,208,231,233,6.744563112160681,26,26,MAP2K1,STE_MAP2K1_HUMAN,DFGin,BLBplus,"ATPlike,Type3",5,5,5,5,5,5
4LOOA,4LOO,A,168,190,192,4.6821003274401125,25,25,MAPK14,CMGC_MAPK14_MOUSE,DFGin,BLBplus,Type1,5,5,5,5,5,5
4LOPB,4LOP,B,168,190,192,4.700305488851803,25,25,MAPK14,CMGC_MAPK14_MOUSE,DFGin,BLBminus,Type1,5,5,5,5,5,5
4LOPC,4LOP,C,168,190,192,4.695094548839141,25,25,MAPK14,CMGC_MAPK14_MOUSE,DFGin,BLBminus,Type1,5,5,5,5,5,5
4LOPA,4LOP,A,168,190,192,4.728568290437097,25,25,MAPK14,CMGC_MAPK14_MOUSE,DFGin,BLBplus,Type1,5,5,5,5,5,5
4LOPD,4LOP,D,168,190,192,4.744277499921825,25,25,MAPK14,CMGC_MAPK14_MOUSE,DFGin,BLBplus,Type1,5,5,5,5,5,5
4LOQA,4LOQ,A,168,190,192,4.670018617497281,25,25,MAPK14,CMGC_MAPK14_MOUSE,DFGin,BLBminus,Type1,5,5,5,5,5,5
4LOQB,4LOQ,B,168,190,192,4.673261827454191,25,25,MAPK14,CMGC_MAPK14_MOUSE,DFGin,BLBminus,Type1,5,5,5,5,5,5
4LOQC,4LOQ,C,168,190,192,4.674446089520971,25,25,MAPK14,CMGC_MAPK14_MOUSE,DFGin,BLBminus,Type1,5,5,5,5,5,5
4LOQD,4LOQ,D,168,190,192,4.672413717010022,25,25,MAPK14,CMGC_MAPK14_MOUSE,DFGin,BLBminus,Type1,5,5,5,5,5,5
4M0YA,4M0Y,A,500,526,528,4.481891647051331,29,29,ITK,TYR_ITK_HUMAN,DFGin,BLBplus,"Type1,Type3",5,5,5,5,5,5
4M0ZA,4M0Z,A,500,526,528,4.4987684051096135,29,29,ITK,TYR_ITK_HUMAN,DFGin,BLBplus,"Type3,Type1",5,5,5,5,5,5
4M12A,4M12,A,500,526,528,4.481399290776754,29,29,ITK,TYR_ITK_HUMAN,DFGin,BLBplus,Type3,5,5,5,5,5,5
4M13A,4M13,A,500,526,528,4.4802456730282545,29,29,ITK,TYR_ITK_HUMAN,DFGin,BLBplus,Type3,5,5,5,5,5,5
4M14A,4M14,A,500,526,528,4.482042409826072,29,29,ITK,TYR_ITK_HUMAN,DFGin,BLBplus,"Type1,Type3",5,5,5,5,5,5
4M15A,4M15,A,500,526,528,4.470669557879278,29,29,ITK,TYR_ITK_HUMAN,DFGin,BLBplus,"Type3,ATPlike",5,5,5,5,5,5
4M84A,4M84,A,195,219,221,7.5394700347026085,27,27,CDPK1,CAMK_CDPK1_TOXGO,None,None,Type1,5,5,5,5,5,5
4M8TA,4M8T,A,561,586,588,8.172588315991122,28,28,RPS6KA3,CAMK_RPS6KA3-2_MOUSE,DFGin,BLAminus,Type1,5,5,5,5,5,5
4M97A,4M97,A,194,218,220,7.489186738017322,27,27,CDPKG,CAMK_CDPKG_NEOCL,None,None,No_ligand,5,5,5,5,5,5
4MAOA,4MAO,A,561,586,588,8.193791271403947,28,28,RPS6KA3,CAMK_RPS6KA3-2_MOUSE,DFGin,None,Type1,5,5,5,5,5,5
4MBJA,4MBJ,A,594,621,623,1.2658678308305011,23,30,BRAF,TKL_BRAF_HUMAN,DFGin,None,Type1.5_Back,5,5,5,5,5,5
4MBJB,4MBJ,B,594,621,623,1.2659551517879886,30,30,BRAF,TKL_BRAF_HUMAN,DFGin,None,Type1.5_Back,5,5,5,5,5,5
4MK0A,4MK0,A,335,358,360,3.9420067537917434,26,26,GRK2,AGC_GRK2_HUMAN,DFGin,BLAminus,Type1,5,5,5,5,5,5
4MNEA,4MNE,A,208,231,233,6.6261417795252715,26,26,MAP2K1,STE_MAP2K1_HUMAN,DFGin,BLBplus,"ATPlike,Type1",5,5,5,5,5,5
4MNED,4MNE,D,208,231,233,6.5665130313833755,26,26,MAP2K1,STE_MAP2K1_HUMAN,DFGin,BLBplus,"ATPlike,Type1",5,5,5,5,5,5
4MNEE,4MNE,E,208,231,233,6.7191105427275915,26,26,MAP2K1,STE_MAP2K1_HUMAN,DFGin,BLBplus,"ATPlike,Type3",5,5,5,5,5,5
4MNEH,4MNE,H,208,231,233,5.140339541379151,26,26,MAP2K1,STE_MAP2K1_HUMAN,DFGin,BLBplus,"ATPlike,Type3,Allosteric",5,5,5,5,5,5
4MNEB,4MNE,B,594,621,623,1.1984075394895675,30,30,BRAF,TKL_BRAF_HUMAN,DFGin,BLAminus,No_ligand,5,5,5,5,5,5
4MNEC,4MNE,C,594,621,623,1.2509426298786794,23,30,BRAF,TKL_BRAF_HUMAN,DFGin,BLAminus,No_ligand,5,5,5,5,5,5
4MNEF,4MNE,F,594,621,623,1.201192581138537,21,30,BRAF,TKL_BRAF_HUMAN,DFGin,BLAminus,No_ligand,5,5,5,5,5,5
4MNEG,4MNE,G,594,621,623,1.241889016876255,22,30,BRAF,TKL_BRAF_HUMAN,DFGin,BLAminus,No_ligand,5,5,5,5,5,5
4MQ1A,4MQ1,A,307,329,331,7.044269679941958,24,25,DYRK1A,CMGC_DYRK1A_HUMAN,DFGin,BLAminus,Type1,5,5,5,5,5,5
4MQ1B,4MQ1,B,307,329,331,7.078869964132924,24,25,DYRK1A,CMGC_DYRK1A_HUMAN,DFGin,BLAminus,Type1,5,5,5,5,5,5
4MQ1C,4MQ1,C,307,329,331,7.088274157592128,24,25,DYRK1A,CMGC_DYRK1A_HUMAN,DFGin,BLAminus,Type1,5,5,5,5,5,5
4MQ1D,4MQ1,D,307,329,331,7.037318627894002,24,25,DYRK1A,CMGC_DYRK1A_HUMAN,DFGin,BLAminus,Type1,5,5,5,5,5,5
4MQ2A,4MQ2,A,307,329,331,7.0404508782430195,24,25,DYRK1A,CMGC_DYRK1A_HUMAN,DFGin,BLAminus,Type1,5,5,5,5,5,5
4MQ2B,4MQ2,B,307,329,331,7.07318368572362,24,25,DYRK1A,CMGC_DYRK1A_HUMAN,DFGin,BLAminus,Type1,5,5,5,5,5,5
4MQ2C,4MQ2,C,307,329,331,7.071774104293892,24,25,DYRK1A,CMGC_DYRK1A_HUMAN,DFGin,BLAminus,Type1,5,5,5,5,5,5
4MQ2D,4MQ2,D,307,329,331,7.0159471181189295,24,25,DYRK1A,CMGC_DYRK1A_HUMAN,DFGin,BLAminus,Type1,5,5,5,5,5,5
4MX9A,4MX9,A,194,218,220,7.561386693279641,27,27,CDPKG,CAMK_CDPKG_NEOCL,None,None,Type1,5,5,5,5,5,5
4MXAA,4MXA,A,194,218,220,7.574654703612473,27,27,CDPKG,CAMK_CDPKG_NEOCL,None,None,Type1,5,5,5,5,5,5
4MYGA,4MYG,A,168,190,192,4.836967076870539,23,25,MAPK13,CMGC_MAPK13_HUMAN,DFGin,BLAminus,No_ligand,5,5,5,5,5,5
4MYGB,4MYG,B,168,190,192,4.823883004871245,23,25,MAPK13,CMGC_MAPK13_HUMAN,DFGin,BLAminus,No_ligand,5,5,5,5,5,5
4N0SA,4N0S,A,167,195,197,4.83895025199401,31,31,MAPK1,CMGC_MAPK1_HUMAN,DFGin,BLAminus,Type1,5,5,5,5,5,5
4N4SA,4N4S,A,165,193,195,4.707170696371799,24,31,MAPK1,CMGC_MAPK1_RAT,DFGin,BLAminus,Type1.5_Back,5,5,5,5,5,5
4NCTA,4NCT,A,307,329,331,7.086537970354471,24,25,DYRK1A,CMGC_DYRK1A_HUMAN,DFGin,BLAminus,Type1,5,5,5,5,5,5
4NCTB,4NCT,B,307,329,331,7.078504395027368,24,25,DYRK1A,CMGC_DYRK1A_HUMAN,DFGin,BLAminus,Type1,5,5,5,5,5,5
4NCTC,4NCT,C,307,329,331,7.112814036237449,24,25,DYRK1A,CMGC_DYRK1A_HUMAN,DFGin,BLAminus,Type1,5,5,5,5,5,5
4NCTD,4NCT,D,307,329,331,7.111541569903842,24,25,DYRK1A,CMGC_DYRK1A_HUMAN,DFGin,BLAminus,Type1,5,5,5,5,5,5
4NIFA,4NIF,A,557,582,584,8.155808321900698,25,28,RPS6KA1,CAMK_RPS6KA1-2_HUMAN,DFGin,BLAminus,No_ligand,5,5,5,5,5,5
4NIFD,4NIF,D,557,582,584,8.143258537274214,25,28,RPS6KA1,CAMK_RPS6KA1-2_HUMAN,DFGin,BLAminus,No_ligand,5,5,5,5,5,5
4NIFB,4NIF,B,167,195,197,4.697792332455638,28,31,MAPK1,CMGC_MAPK1_HUMAN,DFGin,BLAminus,ATPlike,5,5,5,5,5,5
4NIFE,4NIF,E,167,195,197,4.689686503611303,28,31,MAPK1,CMGC_MAPK1_HUMAN,DFGin,BLAminus,ATPlike,5,5,5,5,5,5
4NJDA,4NJD,A,458,483,485,4.875686237017827,27,28,PAK4,STE_PAK4_HUMAN,DFGin,BLAminus,Type1,5,5,5,5,5,5
4NK9B,4NK9,B,641,668,670,4.433418660233831,22,30,FGFR1,TYR_FGFR1_HUMAN,DFGin,BLAplus,Type1.5_Back,5,5,5,5,5,5
4NK9A,4NK9,A,641,668,670,4.375897647282058,23,30,FGFR1,TYR_FGFR1_HUMAN,DFGin,BLBplus,Type1.5_Back,5,5,5,5,5,5
4NKAA,4NKA,A,641,668,670,4.3791423607004605,23,30,FGFR1,TYR_FGFR1_HUMAN,DFGin,BLAplus,Type1,5,5,5,5,5,5
4NKSA,4NKS,A,641,668,670,4.371075237770793,24,30,FGFR1,TYR_FGFR1_HUMAN,DFGin,BLAplus,Type1,5,5,5,5,5,5
4NKSB,4NKS,B,641,668,670,4.449771256356844,21,30,FGFR1,TYR_FGFR1_HUMAN,DFGin,BLAplus,Type1,5,5,5,5,5,5
4NM0A,4NM0,A,200,224,226,5.577737907306509,27,27,GSK3B,CMGC_GSK3B_HUMAN,DFGin,BLAminus,ATPlike,5,5,5,5,5,5
4NM3A,4NM3,A,200,224,226,5.561136656003245,27,27,GSK3B,CMGC_GSK3B_HUMAN,DFGin,BLAminus,ATPlike,5,5,5,5,5,5
4NM5A,4NM5,A,200,224,226,5.581616999470305,27,27,GSK3B,CMGC_GSK3B_HUMAN,DFGin,BLAminus,ATPlike,5,5,5,5,5,5
4NM7A,4NM7,A,200,224,226,5.575371233079863,27,27,GSK3B,CMGC_GSK3B_HUMAN,DFGin,BLAminus,ATPlike,5,5,5,5,5,5
4NTSA,4NTS,A,184,206,208,4.877453037652079,24,25,PRKACA,AGC_PRKACA_MOUSE,DFGin,ABAminus,No_ligand,5,5,5,5,5,5
4NTSB,4NTS,B,184,206,208,4.859367315604099,24,25,PRKACA,AGC_PRKACA_MOUSE,DFGin,ABAminus,No_ligand,5,5,5,5,5,5
4NTTB,4NTT,B,184,206,208,4.8739855349583685,24,25,PRKACA,AGC_PRKACA_MOUSE,DFGin,ABAminus,ATPlike,5,5,5,5,5,5
4NTTA,4NTT,A,184,206,208,4.841016524245219,24,25,PRKACA,AGC_PRKACA_MOUSE,DFGin,None,ATPlike,5,5,5,5,5,5
4NU1A,4NU1,A,200,224,226,5.56887993801626,27,27,GSK3B,CMGC_GSK3B_MOUSE,DFGin,BLAminus,ATPlike,5,5,5,5,5,5
4NUSA,4NUS,A,211,236,238,5.212246022530729,28,28,RPS6KA3,AGC_RPS6KA3-1_HUMAN,DFGout,None,Type1,5,5,5,5,5,5
4NW5A,4NW5,A,211,236,238,5.091325190007943,28,28,RPS6KA3,AGC_RPS6KA3-1_HUMAN,DFGin,ABAminus,Type1,5,5,5,5,5,5
4NW6A,4NW6,A,211,236,238,5.078205627736288,28,28,RPS6KA3,AGC_RPS6KA3-1_HUMAN,DFGin,ABAminus,Type1,5,5,5,5,5,5
4O0RB,4O0R,B,407,432,434,4.935239762997273,20,28,PAK1,STE_PAK1_HUMAN,DFGin,BLAminus,No_ligand,5,5,5,5,5,5
4O0RA,4O0R,A,407,432,434,4.8136179568665085,28,28,PAK1,STE_PAK1_HUMAN,DFGin,BLAminus,Type1,5,5,5,5,5,5
4O0TA,4O0T,A,407,432,434,4.879639944184774,28,28,PAK1,STE_PAK1_HUMAN,DFGin,BLAminus,Type1.5_Back,5,5,5,5,5,5
4O0VA,4O0V,A,458,483,485,4.9060079623053365,27,28,PAK4,STE_PAK4_HUMAN,DFGin,BLAminus,Type1.5_Back,5,5,5,5,5,5
4O0XA,4O0X,A,458,483,485,4.89073847574558,27,28,PAK4,STE_PAK4_HUMAN,DFGin,BLAminus,Type1.5_Back,5,5,5,5,5,5
4O0YA,4O0Y,A,458,483,485,4.896825755682766,27,28,PAK4,STE_PAK4_HUMAN,DFGin,BLAminus,Type1.5_Back,5,5,5,5,5,5
4O21A,4O21,A,184,206,208,4.83886925513007,24,25,PRKACA,AGC_PRKACA_MOUSE,DFGin,BLAminus,ATPlike,5,5,5,5,5,5
4O22A,4O22,A,184,206,208,4.861356369224566,24,25,PRKACA,AGC_PRKACA_MOUSE,DFGin,BLAminus,No_ligand,5,5,5,5,5,5
4O27B,4O27,B,162,187,189,4.712546894939317,28,28,STK24,STE_STK24_HUMAN,DFGin,None,ATPlike,5,5,5,5,5,5
4OBOB,4OBO,B,171,196,198,3.989373598150464,28,28,MAP4K4,STE_MAP4K4_HUMAN,DFGout,None,No_ligand,5,5,5,5,5,5
4OBPB,4OBP,B,171,196,198,4.040017769599543,28,28,MAP4K4,STE_MAP4K4_HUMAN,DFGout,None,No_ligand,5,5,5,5,5,5
4OBQB,4OBQ,B,171,196,198,3.9985580179197218,28,28,MAP4K4,STE_MAP4K4_HUMAN,DFGout,None,No_ligand,5,5,5,5,5,5
4OLIA,4OLI,A,1041,1069,1071,4.220144085762133,31,31,TYK2,TYR_TYK2-12_HUMAN,DFGin,BLAminus,"Allosteric,Type1",5,5,5,5,5,5
4ONAA,4ONA,A,195,219,221,7.585005619728371,27,27,CDPK1,CAMK_CDPK1_TOXGO,None,None,Type1,5,5,5,5,5,5
4OTDA,4OTD,A,764,789,791,4.782759114719401,27,28,PKN1,AGC_PKN1_HUMAN,DFGin,ABAminus,No_ligand,5,5,5,5,5,5
4OTGA,4OTG,A,764,789,791,4.780054597829849,27,28,PKN1,AGC_PKN1_HUMAN,DFGin,ABAminus,Type1,5,5,5,5,5,5
4OW8A,4OW8,A,159,185,187,5.222706025670815,29,29,PKNA,OTHER_PKNA_MYCTU,DFGin,BLBminus,No_ligand,5,5,5,5,5,5
4P7EA,4P7E,A,994,1022,1024,4.168083762635321,29,31,JAK2,TYR_JAK2-2_HUMAN,DFGin,ABAminus,Type1,5,5,5,5,5,5
4P7EB,4P7E,B,994,1022,1024,4.180325067523947,29,31,JAK2,TYR_JAK2-2_HUMAN,DFGin,ABAminus,Type1,5,5,5,5,5,5
4P90A,4P90,A,407,432,434,4.854578796426665,23,28,PAK1,STE_PAK1_HUMAN,DFGin,BLAminus,Type1,5,5,5,5,5,5
4PF4A,4PF4,A,161,185,187,7.59052220774723,27,27,DAPK1,CAMK_DAPK1_HUMAN,DFGin,BLAminus,No_ligand,5,5,5,5,5,5
4PNIA,4PNI,A,332,357,359,4.20348444388431,28,28,GRK1,AGC_GRK1_BOVIN,DFGin,BLAminus,Type1,5,5,5,5,5,5
4PNKA,4PNK,A,335,358,360,3.939669483664657,26,26,GRK2,AGC_GRK2_HUMAN,DFGin,BLAminus,Type1,5,5,5,5,5,5
4PP7A,4PP7,A,594,621,623,1.3252629385962351,23,30,BRAF,TKL_BRAF_HUMAN,DFGin,BLAplus,Type1.5_Back,5,5,5,5,5,5
4PP7B,4PP7,B,594,621,623,1.268516217092555,30,30,BRAF,TKL_BRAF_HUMAN,DFGin,BLAplus,Type1.5_Back,5,5,5,5,5,5
4PTCA,4PTC,A,200,224,226,5.483475268434715,27,27,GSK3B,CMGC_GSK3B_HUMAN,DFGin,BLAminus,Type1,5,5,5,5,5,5
4PTCB,4PTC,B,200,224,226,5.46902490700038,27,27,GSK3B,CMGC_GSK3B_HUMAN,DFGin,BLAminus,Type1,5,5,5,5,5,5
4PTEA,4PTE,A,200,224,226,5.507287312987362,27,27,GSK3B,CMGC_GSK3B_HUMAN,DFGin,BLAminus,Type1,5,5,5,5,5,5
4PTEB,4PTE,B,200,224,226,5.497018742002757,27,27,GSK3B,CMGC_GSK3B_HUMAN,DFGin,BLAminus,Type1,5,5,5,5,5,5
4PTGA,4PTG,A,200,224,226,5.528657575028304,27,27,GSK3B,CMGC_GSK3B_HUMAN,DFGin,BLAminus,Type1,5,5,5,5,5,5
4PTGB,4PTG,B,200,224,226,5.515429675841668,27,27,GSK3B,CMGC_GSK3B_HUMAN,DFGin,BLAminus,Type1,5,5,5,5,5,5
4PUZA,4PUZ,A,512,540,542,4.588871297990762,28,31,SYK,TYR_SYK_HUMAN,DFGin,BLAminus,Type1,5,5,5,5,5,5
4PUZB,4PUZ,B,512,540,542,4.555673252234795,28,31,SYK,TYR_SYK_HUMAN,DFGin,BLAminus,Type1,5,5,5,5,5,5
4PV0A,4PV0,A,512,540,542,4.547108711775419,31,31,SYK,TYR_SYK_HUMAN,DFGin,BLAminus,Type1,5,5,5,5,5,5
4PX6A,4PX6,A,512,540,542,4.5498304006266705,27,31,SYK,TYR_SYK_HUMAN,DFGin,BLAminus,Type1,5,5,5,5,5,5
4PY1A,4PY1,A,1041,1069,1071,4.140300841243097,30,31,TYK2,TYR_TYK2-2_HUMAN,DFGin,ABAminus,Type1,5,5,5,5,5,5
4Q2AA,4Q2A,A,368,391,393,6.623021958613116,26,26,WNK1,OTHER_WNK1_RAT,DFGin,BLAminus,No_ligand,5,5,5,5,5,5
4Q9ZA,4Q9Z,A,522,547,549,4.979197810486667,28,28,PRKCQ,AGC_PRKCQ_HUMAN,DFGin,BLAminus,Type1,5,5,5,5,5,5
4Q9ZB,4Q9Z,B,522,547,549,4.947087405166933,28,28,PRKCQ,AGC_PRKCQ_HUMAN,DFGin,BLAminus,Type1,5,5,5,5,5,5
4QFGA,4QFG,A,157,181,183,4.330473199672074,26,27,PRKAA1,CAMK_PRKAA1_RAT,DFGin,ABAminus,Type1,5,5,5,5,5,5
4QFRA,4QFR,A,157,181,183,4.276402241661787,26,27,PRKAA1,CAMK_PRKAA1_RAT,DFGin,ABAminus,"Type1,Allosteric",5,5,5,5,5,5
4QFSA,4QFS,A,157,181,183,4.298148537705327,26,27,PRKAA1,CAMK_PRKAA1_RAT,DFGin,ABAminus,"Type1,Allosteric",5,5,5,5,5,5
4QMLA,4QML,A,162,187,189,4.688789202776024,27,28,STK24,STE_STK24_HUMAN,DFGin,BLAminus,ATPlike,5,5,5,5,5,5
4QMMA,4QMM,A,162,187,189,4.744364077209511,27,28,STK24,STE_STK24_HUMAN,DFGin,BLAminus,Type1,5,5,5,5,5,5
4QMNA,4QMN,A,162,187,189,4.663505744890008,27,28,STK24,STE_STK24_HUMAN,DFGin,BLAminus,Type1,5,5,5,5,5,5
4QMOA,4QMO,A,162,187,189,4.742352696314106,27,28,STK24,STE_STK24_HUMAN,DFGin,BLAminus,Type1,5,5,5,5,5,5
4QMPA,4QMP,A,162,187,189,4.771190800583992,27,28,STK24,STE_STK24_HUMAN,DFGin,BLAminus,Type1,5,5,5,5,5,5
4QMQA,4QMQ,A,162,187,189,4.782919130264783,27,28,STK24,STE_STK24_HUMAN,DFGin,BLAminus,Type1,5,5,5,5,5,5
4QMSA,4QMS,A,162,187,189,4.649715254351703,27,28,STK24,STE_STK24_HUMAN,DFGin,BLAminus,Type1,5,5,5,5,5,5
4QMTA,4QMT,A,162,187,189,4.66060912536125,27,28,STK24,STE_STK24_HUMAN,DFGin,BLAminus,Type1,5,5,5,5,5,5
4QMUA,4QMU,A,162,187,189,4.681770806629227,27,28,STK24,STE_STK24_HUMAN,DFGin,BLAminus,Type1,5,5,5,5,5,5
4QMVA,4QMV,A,162,187,189,4.743354349514101,27,28,STK24,STE_STK24_HUMAN,DFGin,BLAminus,Type1,5,5,5,5,5,5
4QMWA,4QMW,A,162,187,189,4.672384156285491,27,28,STK24,STE_STK24_HUMAN,DFGin,BLAminus,Type1.5_Back,5,5,5,5,5,5
4QMXA,4QMX,A,162,187,189,4.6581564804484605,27,28,STK24,STE_STK24_HUMAN,DFGin,BLAminus,Type1,5,5,5,5,5,5
4QMYA,4QMY,A,162,187,189,4.677620747152239,27,28,STK24,STE_STK24_HUMAN,DFGin,BLAminus,Type1,5,5,5,5,5,5
4QMZA,4QMZ,A,162,187,189,4.662899539912995,27,28,STK24,STE_STK24_HUMAN,DFGin,BLAminus,Type1,5,5,5,5,5,5
4QNAA,4QNA,A,162,187,189,4.672489910050243,27,28,STK24,STE_STK24_HUMAN,DFGin,BLAminus,Type1,5,5,5,5,5,5
4QNYA,4QNY,A,167,192,194,4.9699881071554435,25,28,MAPK,CMGC_MAPK_LEIDO,DFGin,BLAminus,ATPlike,5,5,5,5,5,5
4QNYB,4QNY,B,167,192,194,4.952781331716499,26,28,MAPK,CMGC_MAPK_LEIDO,DFGin,BLAminus,ATPlike,5,5,5,5,5,5
4QO9A,4QO9,A,162,187,189,4.778380072238789,27,28,STK24,STE_STK24_HUMAN,DFGin,BLAminus,Type1,5,5,5,5,5,5
4QO9B,4QO9,B,162,187,189,4.656304903798574,27,28,STK24,STE_STK24_HUMAN,DFGin,BLAminus,Type1,5,5,5,5,5,5
4QP1A,4QP1,A,167,195,197,4.828842813329182,31,31,MAPK1,CMGC_MAPK1_HUMAN,DFGin,BLAminus,Type1,5,5,5,5,5,5
4QP1B,4QP1,B,167,195,197,4.801414556093562,31,31,MAPK1,CMGC_MAPK1_HUMAN,DFGin,BLAminus,Type1,5,5,5,5,5,5
4QP2B,4QP2,B,167,195,197,4.685421804748072,28,31,MAPK1,CMGC_MAPK1_HUMAN,DFGin,BLAminus,No_ligand,5,5,5,5,5,5
4QP2A,4QP2,A,167,195,197,4.68476195920513,25,31,MAPK1,CMGC_MAPK1_HUMAN,DFGin,BLAminus,Type1,5,5,5,5,5,5
4QP3A,4QP3,A,167,195,197,4.665946917958677,25,31,MAPK1,CMGC_MAPK1_HUMAN,DFGin,BLAminus,Type1,5,5,5,5,5,5
4QP3B,4QP3,B,167,195,197,4.643357453719001,28,31,MAPK1,CMGC_MAPK1_HUMAN,DFGin,BLAminus,Type1,5,5,5,5,5,5
4QP4A,4QP4,A,167,195,197,4.477223114627561,23,31,MAPK1,CMGC_MAPK1_HUMAN,DFGin,BLAminus,Type1,5,5,5,5,5,5
4QP6A,4QP6,A,167,195,197,4.671662616542453,25,31,MAPK1,CMGC_MAPK1_HUMAN,DFGin,BLAminus,Type1,5,5,5,5,5,5
4QP6B,4QP6,B,167,195,197,4.650230563143085,28,31,MAPK1,CMGC_MAPK1_HUMAN,DFGin,BLAminus,Type1,5,5,5,5,5,5
4QP7A,4QP7,A,167,195,197,4.496910917046728,23,31,MAPK1,CMGC_MAPK1_HUMAN,DFGin,BLAminus,Type1,5,5,5,5,5,5
4QP8B,4QP8,B,167,195,197,4.510274286128844,23,31,MAPK1,CMGC_MAPK1_HUMAN,DFGin,BLAminus,Type1,5,5,5,5,5,5
4QP9A,4QP9,A,167,195,197,4.606347611711794,23,31,MAPK1,CMGC_MAPK1_HUMAN,DFGin,BLAminus,Type1,5,5,5,5,5,5
4QPAA,4QPA,A,165,193,195,4.646521053626005,28,31,MAPK1,CMGC_MAPK1_HUMAN,DFGin,BLAminus,Type1,5,5,5,5,5,5
4QPAB,4QPA,B,165,193,195,4.80365050218865,29,31,MAPK1,CMGC_MAPK1_HUMAN,DFGin,BLAminus,Type1,5,5,5,5,5,5
4QPSA,4QPS,A,967,995,997,4.149361625908753,25,31,JAK3,TYR_JAK3-2_HUMAN,DFGin,BLAminus,Type1,5,5,5,5,5,5
4QPSC,4QPS,C,967,995,997,4.18034146926835,26,31,JAK3,TYR_JAK3-2_HUMAN,DFGin,BLAminus,Type1,5,5,5,5,5,5
4QQJA,4QQJ,A,630,657,659,4.264525173819835,30,30,FGFR4,TYR_FGFR4_HUMAN,DFGin,BLAplus,No_ligand,5,5,5,5,5,5
4QQTA,4QQT,A,630,657,659,4.248942174948405,30,30,FGFR4,TYR_FGFR4_HUMAN,DFGin,BLAplus,No_ligand,5,5,5,5,5,5
4QRCA,4QRC,A,630,657,659,4.2453110873985365,30,30,FGFR4,TYR_FGFR4_HUMAN,DFGout,None,Type2,5,5,5,5,5,5
4QT1A,4QT1,A,967,995,997,4.119686123915209,31,31,JAK3,TYR_JAK3-2_HUMAN,DFGin,BLAminus,Type1,5,5,5,5,5,5
4QTBA,4QTB,A,184,212,214,4.784716738655252,31,31,MAPK3,CMGC_MAPK3_HUMAN,DFGin,BLAminus,Type1.5_Front,5,5,5,5,5,5
4QTBB,4QTB,B,184,212,214,4.787591401069944,31,31,MAPK3,CMGC_MAPK3_HUMAN,DFGin,BLAminus,Type1.5_Front,5,5,5,5,5,5
4QTDA,4QTD,A,169,193,195,5.4102601926732445,24,27,MAPK8,CMGC_MAPK8_HUMAN,DFGin,ABAminus,"Type1,Allosteric",5,5,5,5,5,5
4QTEA,4QTE,A,167,195,197,4.796136466287639,31,31,MAPK1,CMGC_MAPK1_HUMAN,DFGin,BLAminus,Type1,5,5,5,5,5,5
4QYEA,4QYE,A,148,175,177,5.183015882571385,30,30,CHEK1,CAMK_CHEK1_HUMAN,DFGin,BLAminus,Type1,5,5,5,5,5,5
4QYFA,4QYF,A,148,175,177,5.176103550427301,30,30,CHEK1,CAMK_CHEK1_HUMAN,DFGin,BLAminus,Type1,5,5,5,5,5,5
4QYGA,4QYG,A,148,175,177,5.159712089959824,30,30,CHEK1,CAMK_CHEK1_HUMAN,DFGin,BLAminus,Type1,5,5,5,5,5,5
4QYGB,4QYG,B,148,175,177,5.138548601243359,30,30,CHEK1,CAMK_CHEK1_HUMAN,DFGin,BLAminus,Type1,5,5,5,5,5,5
4QYHA,4QYH,A,148,175,177,5.157861599247684,30,30,CHEK1,CAMK_CHEK1_HUMAN,DFGin,BLAminus,Type1,5,5,5,5,5,5
4QYHB,4QYH,B,148,175,177,5.152439990448967,30,30,CHEK1,CAMK_CHEK1_HUMAN,DFGin,BLAminus,Type1,5,5,5,5,5,5
4QYYA,4QYY,A,165,193,195,4.81109512569588,31,31,MAPK1,CMGC_MAPK1_RAT,DFGin,BLAminus,Type1.5_Front,5,5,5,5,5,5
4R7HA,4R7H,A,796,823,825,4.429854978142565,30,30,CSF1R,TYR_CSF1R_HUMAN,DFGout,BBAminus,Type2,5,5,5,5,5,5
4R7IA,4R7I,A,796,823,825,4.474644912482409,30,30,CSF1R,TYR_CSF1R_HUMAN,DFGout,BBAminus,Type2,5,5,5,5,5,5
4RA4A,4RA4,A,481,506,508,4.97101885233916,27,28,PRKCA,AGC_PRKCA_HUMAN,DFGin,BLAminus,Type1,5,5,5,5,5,5
4RA5A,4RA5,A,522,547,549,4.976404809371088,28,28,PRKCQ,AGC_PRKCQ_HUMAN,DFGin,BLAminus,Type1,5,5,5,5,5,5
4RA5B,4RA5,B,522,547,549,4.965410283342643,28,28,PRKCQ,AGC_PRKCQ_HUMAN,DFGin,BLAminus,Type1,5,5,5,5,5,5
4REDB,4RED,B,159,183,185,4.536657197658056,19,27,PRKAA1,CAMK_PRKAA1_HUMAN,DFGinter,None,No_ligand,5,5,5,5,5,5
4RERA,4RER,A,159,183,185,4.399335144270403,26,27,PRKAA1,CAMK_PRKAA1_HUMAN,DFGin,None,Type1,5,5,5,5,5,5
4REWA,4REW,A,159,183,185,4.395676274334573,27,27,PRKAA1,CAMK_PRKAA1_HUMAN,DFGin,None,Type1,5,5,5,5,5,5
4RIOA,4RIO,A,967,995,997,4.189255087813963,31,31,JAK3,TYR_JAK3-2_HUMAN,DFGin,BLAminus,Type1,5,5,5,5,5,5
4RJ3A,4RJ3,A,145,170,172,4.725186639909483,28,28,CDK2,CMGC_CDK2_HUMAN,DFGin,BLBtrans,Type1,5,5,5,5,5,5
4RMZA,4RMZ,A,329,356,358,5.427483893548872,24,30,IRAK4,TKL_IRAK4_HUMAN,DFGin,BLAminus,Type1,5,5,5,5,5,5
4RMZB,4RMZ,B,329,356,358,5.453371176582838,22,30,IRAK4,TKL_IRAK4_HUMAN,DFGin,BLAminus,Type1,5,5,5,5,5,5
4RQKA,4RQK,A,223,250,252,4.904906757349648,29,30,PDPK1,AGC_PDPK1_HUMAN,DFGin,BLAminus,"ATPlike,Allosteric",5,5,5,5,5,5
4RQVA,4RQV,A,223,250,252,4.911212573118582,29,30,PDPK1,AGC_PDPK1_HUMAN,DFGin,BLAminus,"ATPlike,Allosteric",5,5,5,5,5,5
4RRVA,4RRV,A,223,250,252,4.924734797666563,29,30,PDPK1,AGC_PDPK1_HUMAN,DFGin,BLAminus,ATPlike,5,5,5,5,5,5
4RSSA,4RSS,A,512,540,542,4.59802737975842,31,31,SYK,TYR_SYK_HUMAN,DFGin,BLAminus,Type1,5,5,5,5,5,5
4RT7A,4RT7,A,829,856,858,4.292858757608625,30,30,FLT3,TYR_FLT3_HUMAN,DFGout,BBAminus,Type2,5,5,5,5,5,5
4RVKA,4RVK,A,148,175,177,5.1696710204706715,30,30,CHEK1,CAMK_CHEK1_HUMAN,DFGin,BLAminus,Type1,5,5,5,5,5,5
4RVLA,4RVL,A,148,175,177,5.166318811990233,30,30,CHEK1,CAMK_CHEK1_HUMAN,DFGin,BLAminus,Type1,5,5,5,5,5,5
4RVMA,4RVM,A,148,175,177,5.185659669710291,30,30,CHEK1,CAMK_CHEK1_HUMAN,DFGin,BLAminus,Type1,5,5,5,5,5,5
4RVTB,4RVT,B,171,196,198,3.992495688319542,28,28,MAP4K4,STE_MAP4K4_HUMAN,DFGout,None,No_ligand,5,5,5,5,5,5
4RWIA,4RWI,A,641,668,670,4.363036919428255,30,30,FGFR1,TYR_FGFR1_HUMAN,DFGin,BLAplus,No_ligand,5,5,5,5,5,5
4RWIB,4RWI,B,641,668,670,4.5486080850631705,25,30,FGFR1,TYR_FGFR1_HUMAN,DFGin,BLAplus,No_ligand,5,5,5,5,5,5
4RWJA,4RWJ,A,641,668,670,4.342253114242845,29,30,FGFR1,TYR_FGFR1_HUMAN,DFGin,BLAplus,Type1.5_Back,5,5,5,5,5,5
4RWKA,4RWK,A,641,668,670,4.3528417902739065,30,30,FGFR1,TYR_FGFR1_HUMAN,DFGin,BLAplus,Type1,5,5,5,5,5,5
4RWKB,4RWK,B,641,668,670,4.518044254631772,23,30,FGFR1,TYR_FGFR1_HUMAN,DFGin,BLAplus,Type1.5_Back,5,5,5,5,5,5
4RWLA,4RWL,A,641,668,670,4.378788775230638,27,30,FGFR1,TYR_FGFR1_HUMAN,DFGin,BLAplus,No_ligand,5,5,5,5,5,5
4RWLB,4RWL,B,641,668,670,4.4127730019601055,24,30,FGFR1,TYR_FGFR1_HUMAN,DFGin,BLBplus,Type1.5_Back,5,5,5,5,5,5
4RX7A,4RX7,A,512,540,542,4.566045594773247,31,31,SYK,TYR_SYK_HUMAN,DFGin,BLAminus,Type1,5,5,5,5,5,5
4RX8A,4RX8,A,512,540,542,4.566457056362141,30,31,SYK,TYR_SYK_HUMAN,DFGin,BLAminus,Type1,5,5,5,5,5,5
4RX9A,4RX9,A,512,540,542,4.560277871477992,30,31,SYK,TYR_SYK_HUMAN,DFGin,BLAminus,Type1,5,5,5,5,5,5
4RZ7A,4RZ7,A,675,697,699,4.639721417877737,25,25,PKG,AGC_PKG_PLAVS,DFGin,ABAminus,Type1,5,5,5,5,5,5
4RZVB,4RZV,B,594,621,623,1.2385894979737564,30,30,BRAF,TKL_BRAF_HUMAN,DFGin,BLAplus,Type1.5_Back,5,5,5,5,5,5
4S2ZA,4S2Z,A,165,193,195,4.808105532933033,31,31,MAPK1,CMGC_MAPK1_RAT,DFGin,BLAminus,No_ligand,5,5,5,5,5,5
4S30A,4S30,A,165,193,195,4.807250324370908,31,31,MAPK1,CMGC_MAPK1_RAT,DFGin,BLAminus,No_ligand,5,5,5,5,5,5
4S31A,4S31,A,165,193,195,4.806627483803489,31,31,MAPK1,CMGC_MAPK1_RAT,DFGin,BLAminus,No_ligand,5,5,5,5,5,5
4S32A,4S32,A,165,193,195,4.817457361526143,31,31,MAPK1,CMGC_MAPK1_RAT,DFGin,BLAminus,ATPlike,5,5,5,5,5,5
4S33A,4S33,A,165,193,195,4.806476806174574,31,31,MAPK1,CMGC_MAPK1_RAT,DFGin,BLAminus,ATPlike,5,5,5,5,5,5
4S34A,4S34,A,165,193,195,4.80077966052345,31,31,MAPK1,CMGC_MAPK1_RAT,DFGin,BLAminus,ATPlike,5,5,5,5,5,5
4TL0A,4TL0,A,161,185,187,7.678099575205067,27,27,DAPK1,CAMK_DAPK1_HUMAN,DFGin,BLAminus,No_ligand,5,5,5,5,5,5
4TNBA,4TNB,A,329,353,355,4.107983268527004,27,27,GRK5,AGC_GRK5_HUMAN,DFGin,BLAminus,Type1,5,5,5,5,5,5
4TNDA,4TND,A,329,353,355,4.120732232855459,27,27,GRK5,AGC_GRK5_HUMAN,DFGin,BLAminus,ATPlike,5,5,5,5,5,5
4TRLA,4TRL,A,757,785,787,4.3693279691589675,29,31,EPHA2,TYR_EPHA2_HUMAN,DFGin,ABAminus,No_ligand,5,5,5,5,5,5
4TTHB,4TTH,B,163,187,189,5.245757358559915,27,27,CDK6,CMGC_CDK6_HUMAN,DFGin,BLAminus,Type1,5,5,5,5,5,5
4TWPA,4TWP,A,381,407,409,4.31780176479707,29,29,ABL1,TYR_ABL1_HUMAN,DFGin,BLAminus,Type1,5,5,5,5,5,5
4TWPB,4TWP,B,381,407,409,4.362178756008527,29,29,ABL1,TYR_ABL1_HUMAN,DFGin,BLAminus,Type1,5,5,5,5,5,5
4TXCA,4TXC,A,161,185,187,7.603946614327562,27,27,DAPK1,CAMK_DAPK1_HUMAN,DFGin,BLAminus,Type1,5,5,5,5,5,5
4TYEA,4TYE,A,630,657,659,4.377401530156228,23,30,FGFR4,TYR_FGFR4_HUMAN,DFGin,None,No_ligand,5,5,5,5,5,5
4TYGA,4TYG,A,630,657,659,4.330922943453063,30,30,FGFR4,TYR_FGFR4_HUMAN,DFGin,BLAplus,No_ligand,5,5,5,5,5,5
4TYHA,4TYH,A,207,231,233,7.438395650257316,27,27,MAPKAPK2,CAMK_MAPKAPK2_HUMAN,DFGin,BLAminus,No_ligand,5,5,5,5,5,5
4TZRA,4TZR,A,195,219,221,7.543934212194723,27,27,CDPK1,CAMK_CDPK1_TOXGO,None,None,Type1,5,5,5,5,5,5
4U0IA,4U0I,A,810,837,839,4.415126368290138,30,30,KIT,TYR_KIT_HUMAN,DFGout,BBAminus,Type2,5,5,5,5,5,5
4U3YA,4U3Y,A,171,196,198,3.9660060486602533,28,28,MAP4K4,STE_MAP4K4_HUMAN,DFGinter,None,No_ligand,5,5,5,5,5,5
4U3YB,4U3Y,B,171,196,198,4.016799759855417,28,28,MAP4K4,STE_MAP4K4_HUMAN,DFGout,BBAminus,No_ligand,5,5,5,5,5,5
4U3ZA,4U3Z,A,171,196,198,3.9585053225457716,28,28,MAP4K4,STE_MAP4K4_HUMAN,DFGinter,None,No_ligand,5,5,5,5,5,5
4U3ZB,4U3Z,B,171,196,198,3.952278817115498,28,28,MAP4K4,STE_MAP4K4_HUMAN,DFGout,None,No_ligand,5,5,5,5,5,5
4U40A,4U40,A,171,196,198,3.8639990091616054,28,28,MAP4K4,STE_MAP4K4_HUMAN,DFGin,BLBplus,ATPlike,5,5,5,5,5,5
4U40B,4U40,B,171,196,198,4.030665241493764,28,28,MAP4K4,STE_MAP4K4_HUMAN,DFGout,None,No_ligand,5,5,5,5,5,5
4U41B,4U41,B,171,196,198,3.990148622670796,28,28,MAP4K4,STE_MAP4K4_HUMAN,DFGout,None,No_ligand,5,5,5,5,5,5
4U43B,4U43,B,171,196,198,4.016961818525482,28,28,MAP4K4,STE_MAP4K4_HUMAN,DFGout,None,No_ligand,5,5,5,5,5,5
4U44B,4U44,B,171,196,198,4.03106014204734,28,28,MAP4K4,STE_MAP4K4_HUMAN,DFGout,None,No_ligand,5,5,5,5,5,5
4U45B,4U45,B,171,196,198,3.9930668435946495,28,28,MAP4K4,STE_MAP4K4_HUMAN,DFGout,None,No_ligand,5,5,5,5,5,5
4U5JA,4U5J,A,404,430,432,4.458695913558225,21,29,SRC,TYR_SRC_CHICK,DFGin,BLAminus,Type1,5,5,5,5,5,5
4U5JB,4U5J,B,404,430,432,4.460267273883453,21,29,SRC,TYR_SRC_CHICK,DFGin,BLAminus,Type1,5,5,5,5,5,5
4U6RA,4U6R,A,711,739,741,7.292720085620029,31,31,ERN1,OTHER_ERN1_HUMAN,DFGin,BLAminus,Type1.5_Back,5,5,5,5,5,5
4U7ZA,4U7Z,A,208,231,233,6.644462256159351,25,26,MAP2K1,STE_MAP2K1_HUMAN,DFGin,BLBplus,"Type3,ATPlike",5,5,5,5,5,5
4U80A,4U80,A,208,231,233,6.676200515213737,23,26,MAP2K1,STE_MAP2K1_HUMAN,DFGin,BLBplus,"ATPlike,Type3",5,5,5,5,5,5
4U81A,4U81,A,208,231,233,6.70623695805537,23,26,MAP2K1,STE_MAP2K1_HUMAN,DFGin,BLBplus,"Type3,ATPlike",5,5,5,5,5,5
4U8ZA,4U8Z,A,162,187,189,4.723364015632612,27,28,STK24,STE_STK24_HUMAN,DFGin,BLAminus,Type1,5,5,5,5,5,5
4U97A,4U97,A,329,356,358,5.544883189317615,22,30,IRAK4,TKL_IRAK4_HUMAN,DFGin,BLAminus,Type1,5,5,5,5,5,5
4U9AA,4U9A,A,329,356,358,5.553839173861471,22,30,IRAK4,TKL_IRAK4_HUMAN,DFGin,BLAminus,Type1,5,5,5,5,5,5
4UAKA,4UAK,A,218,244,246,3.830883963742218,29,29,CDC42BPB,AGC_CDC42BPB_HUMAN,DFGin,BLAminus,ATPlike,5,5,5,5,5,5
4UALA,4UAL,A,218,244,246,3.647657254894447,26,29,CDC42BPB,AGC_CDC42BPB_HUMAN,DFGin,BLAminus,Type1,5,5,5,5,5,5
4UJ1A,4UJ1,A,184,206,208,4.821470129063904,24,25,PRKACA,AGC_PRKACA_HUMAN,DFGin,BLAminus,Type1,5,5,5,5,5,5
4UJ2A,4UJ2,A,184,206,208,4.837747059484827,24,25,PRKACA,AGC_PRKACA_HUMAN,DFGin,BLAminus,Type1,5,5,5,5,5,5
4UJ9A,4UJ9,A,184,206,208,4.815616141415166,24,25,PRKACA,AGC_PRKACA_HUMAN,DFGin,BLAminus,Type1,5,5,5,5,5,5
4UJAA,4UJA,A,184,206,208,4.816681371448139,24,25,PRKACA,AGC_PRKACA_HUMAN,DFGin,BLAminus,Type1,5,5,5,5,5,5
4UJBA,4UJB,A,184,206,208,4.82487124703038,24,25,PRKACA,AGC_PRKACA_HUMAN,DFGin,BLAminus,Type1,5,5,5,5,5,5
4UMPD,4UMP,D,150,176,178,4.385324125055318,22,29,MELK,CAMK_MELK_HUMAN,DFGin,BLAminus,Type1,5,5,5,5,5,5
4UMPB,4UMP,B,150,176,178,4.316480295518561,23,29,MELK,CAMK_MELK_HUMAN,DFGin,BLAminus,Type1.5_Back,5,5,5,5,5,5
4USEA,4USE,A,175,200,202,4.246961201667334,21,28,STK10,STE_STK10_HUMAN,DFGin,ABAminus,Type1,5,5,5,5,5,5
4USEB,4USE,B,175,200,202,4.262568765212704,22,28,STK10,STE_STK10_HUMAN,DFGin,ABAminus,Type1,5,5,5,5,5,5
4UV0A,4UV0,A,161,185,187,7.670030678000021,27,27,DAPK1,CAMK_DAPK1_HUMAN,DFGin,BLAminus,No_ligand,5,5,5,5,5,5
4UWBA,4UWB,A,641,668,670,4.37056438528687,29,30,FGFR1,TYR_FGFR1_HUMAN,DFGin,BLAplus,Type1,5,5,5,5,5,5
4UWBB,4UWB,B,641,668,670,4.420716699309842,27,30,FGFR1,TYR_FGFR1_HUMAN,DFGin,BLAplus,Type1,5,5,5,5,5,5
4UWCA,4UWC,A,641,668,670,4.387523709313558,30,30,FGFR1,TYR_FGFR1_HUMAN,DFGin,BLAplus,Type1,5,5,5,5,5,5
4UWCB,4UWC,B,641,668,670,4.4206497007444,30,30,FGFR1,TYR_FGFR1_HUMAN,DFGin,BLAplus,Type1,5,5,5,5,5,5
4UWYA,4UWY,A,641,668,670,4.4066698865885074,30,30,FGFR1,TYR_FGFR1_HUMAN,DFGin,BLAplus,No_ligand,5,5,5,5,5,5
4UX9A,4UX9,A,169,193,195,5.322990515748776,22,27,MAPK8,CMGC_MAPK8_HUMAN,DFGin,ABAminus,ATPlike,5,5,5,5,5,5
4UX9C,4UX9,C,169,193,195,5.314560783855869,20,27,MAPK8,CMGC_MAPK8_HUMAN,DFGin,ABAminus,ATPlike,5,5,5,5,5,5
4UX9D,4UX9,D,169,193,195,5.2273096256009115,27,27,MAPK8,CMGC_MAPK8_HUMAN,DFGin,ABAminus,ATPlike,5,5,5,5,5,5
4UX9B,4UX9,B,169,193,195,5.3157655905,21,27,MAPK8,CMGC_MAPK8_HUMAN,DFGin,None,ATPlike,5,5,5,5,5,5
4UXLA,4UXL,A,2102,2129,2131,8.159463682773326,22,30,ROS1,TYR_ROS1_HUMAN,DFGin,ABAminus,Type1,5,5,5,5,5,5
4UXQA,4UXQ,A,630,657,659,4.320620009496584,30,30,FGFR4,TYR_FGFR4_HUMAN,DFGout,BBAminus,Type2,5,5,5,5,5,5
4V04B,4V04,B,641,668,670,4.447497234499204,24,30,FGFR1,TYR_FGFR1_HUMAN,DFGout,BBAminus,Type2,5,5,5,5,5,5
4V04A,4V04,A,641,668,670,4.401060938159714,24,30,FGFR1,TYR_FGFR1_HUMAN,DFGout,None,Type2,5,5,5,5,5,5
4V05A,4V05,A,641,668,670,4.391988361192985,26,30,FGFR1,TYR_FGFR1_HUMAN,DFGin,BLAplus,Type1.5_Back,5,5,5,5,5,5
4V05B,4V05,B,641,668,670,4.458385266625354,26,30,FGFR1,TYR_FGFR1_HUMAN,DFGin,BLAplus,Type1.5_Back,5,5,5,5,5,5
4V0GB,4V0G,B,967,995,997,4.075568801650993,24,31,JAK3,TYR_JAK3-2_HUMAN,DFGin,BLAminus,Type1,5,5,5,5,5,5
4V0GA,4V0G,A,967,995,997,4.071155232812772,25,31,JAK3,TYR_JAK3-2_HUMAN,DFGin,BLAminus,Type1,5,5,5,5,5,5
4W4VA,4W4V,A,207,231,233,5.465693389269378,27,27,MAPK10,CMGC_MAPK10_HUMAN,DFGin,ABAminus,Type1,5,5,5,5,5,5
4W4WA,4W4W,A,207,231,233,5.471747988860432,25,27,MAPK10,CMGC_MAPK10_HUMAN,DFGin,ABAminus,Type1,5,5,5,5,5,5
4W4XA,4W4X,A,207,231,233,5.500525486017664,27,27,MAPK10,CMGC_MAPK10_HUMAN,DFGin,ABAminus,Type1,5,5,5,5,5,5
4W4YA,4W4Y,A,207,231,233,5.496714660823767,27,27,MAPK10,CMGC_MAPK10_HUMAN,DFGin,ABAminus,Type1,5,5,5,5,5,5
4W7PA,4W7P,A,216,242,244,2.6647392611209826,29,29,ROCK1,AGC_ROCK1_HUMAN,DFGin,BLAminus,Type1,5,5,5,5,5,5
4W7PB,4W7P,B,216,242,244,2.679754330583777,29,29,ROCK1,AGC_ROCK1_HUMAN,DFGin,BLAminus,Type1,5,5,5,5,5,5
4W7PC,4W7P,C,216,242,244,2.5680208387705843,29,29,ROCK1,AGC_ROCK1_HUMAN,DFGin,BLAminus,Type1,5,5,5,5,5,5
4W7PD,4W7P,D,216,242,244,2.6751517859247955,29,29,ROCK1,AGC_ROCK1_HUMAN,DFGin,BLAminus,Type1,5,5,5,5,5,5
4W8DA,4W8D,A,162,187,189,4.721346948177788,27,28,STK24,STE_STK24_HUMAN,DFGin,BLAminus,Type1,5,5,5,5,5,5
4W8EA,4W8E,A,162,187,189,4.683110746316646,27,28,STK24,STE_STK24_HUMAN,DFGin,BLAminus,Type1,5,5,5,5,5,5
4W9WA,4W9W,A,198,231,233,4.397086400690601,36,36,BMP2K,OTHER_BMP2K_HUMAN,DFGin,BLAminus,"Type1,Allosteric",5,5,5,5,5,5
4W9XA,4W9X,A,198,231,233,4.433108359743943,36,36,BMP2K,OTHER_BMP2K_HUMAN,DFGin,BLAminus,Type1,5,5,5,5,5,5
4WA9B,4WA9,B,381,407,409,4.402973190872875,29,29,ABL1,TYR_ABL1_HUMAN,DFGout,None,Type1,5,5,5,5,5,5
4WA9A,4WA9,A,381,407,409,4.362547380408512,29,29,ABL1,TYR_ABL1_HUMAN,None,None,Type1,5,5,5,5,5,5
4WB5A,4WB5,A,184,206,208,4.801870387437917,24,25,PRKACA,AGC_PRKACA_HUMAN,DFGin,BLAminus,ATPlike,5,5,5,5,5,5
4WB6A,4WB6,A,184,206,208,4.854814984255429,24,25,PRKACA,AGC_PRKACA_HUMAN,DFGin,BLAminus,ATPlike,5,5,5,5,5,5
4WB6B,4WB6,B,184,206,208,4.864695131342768,24,25,PRKACA,AGC_PRKACA_HUMAN,DFGin,BLAminus,ATPlike,5,5,5,5,5,5
4WB7A,4WB7,A,239,261,263,4.809374587357438,24,25,PRKACA,AGC_PRKACA_HUMAN,DFGin,BLAminus,ATPlike,5,5,5,5,5,5
4WB7B,4WB7,B,239,261,263,4.815268924908422,24,25,PRKACA,AGC_PRKACA_HUMAN,DFGin,BLAminus,ATPlike,5,5,5,5,5,5
4WB8A,4WB8,A,184,206,208,4.788084146838725,24,25,PRKACA,AGC_PRKACA_HUMAN,DFGin,BLAminus,ATPlike,5,5,5,5,5,5
4WBBB,4WBB,B,184,206,208,4.820450562704702,24,25,PRKACA,AGC_PRKACA_MOUSE,DFGin,ABAminus,No_ligand,5,5,5,5,5,5
4WBOA,4WBO,A,332,357,359,4.257032318199179,28,28,GRK1,AGC_GRK1_BOVIN,DFGin,BLAminus,Type1,5,5,5,5,5,5
4WBOB,4WBO,B,332,357,359,4.262833830118223,28,28,GRK1,AGC_GRK1_BOVIN,DFGin,BLAminus,Type1,5,5,5,5,5,5
4WBOC,4WBO,C,332,357,359,4.2602199159794365,28,28,GRK1,AGC_GRK1_BOVIN,DFGin,BLAminus,Type1,5,5,5,5,5,5
4WBOD,4WBO,D,332,357,359,4.260735883565867,28,28,GRK1,AGC_GRK1_BOVIN,DFGin,BLAminus,Type1,5,5,5,5,5,5
4WG3A,4WG3,A,195,219,221,7.571771455634162,27,27,CDPK1,CAMK_CDPK1_TOXGO,None,None,Type1,5,5,5,5,5,5
4WG4A,4WG4,A,195,219,221,7.575863072309874,27,27,CDPK1,CAMK_CDPK1_TOXGO,None,None,Type1,5,5,5,5,5,5
4WG5A,4WG5,A,195,219,221,7.550912960779236,27,27,CDPK1,CAMK_CDPK1_TOXGO,None,None,Type1,5,5,5,5,5,5
4WHZA,4WHZ,A,207,231,233,5.465915574556558,22,27,MAPK10,CMGC_MAPK10_HUMAN,DFGin,ABAminus,Type1,5,5,5,5,5,5
4WIHA,4WIH,A,185,207,209,4.7881080025596034,24,25,PRKACA,AGC_PRKACA_CRIGR,DFGin,BLAminus,No_ligand,5,5,5,5,5,5
4WNKA,4WNK,A,329,353,355,4.0735930648052765,27,27,GRK5,AGC_GRK5_BOVIN,DFGin,ABAminus,Type1.5_Front,5,5,5,5,5,5
4WNMA,4WNM,A,512,540,542,4.533697730958853,31,31,SYK,TYR_SYK_HUMAN,DFGin,BLAminus,Type1,5,5,5,5,5,5
4WO5A,4WO5,A,594,621,623,1.287213289599281,26,30,BRAF,TKL_BRAF_HUMAN,DFGin,BLAplus,Type1.5_Back,5,5,5,5,5,5
4WOTA,4WOT,A,232,258,260,3.0047093256121524,26,29,ROCK2,AGC_ROCK2_HUMAN,DFGin,ABAminus,Type1,5,5,5,5,5,5
4WOTB,4WOT,B,232,258,260,2.974250962906572,29,29,ROCK2,AGC_ROCK2_HUMAN,DFGin,ABAminus,Type1,5,5,5,5,5,5
4WOTC,4WOT,C,232,258,260,2.9467472101355914,29,29,ROCK2,AGC_ROCK2_HUMAN,DFGin,ABAminus,Type1,5,5,5,5,5,5
4WOTD,4WOT,D,232,258,260,2.9790208999200924,27,29,ROCK2,AGC_ROCK2_HUMAN,DFGin,ABAminus,Type1,5,5,5,5,5,5
4WSQA,4WSQ,A,194,227,229,4.4534019051332585,36,36,AAK1,OTHER_AAK1_HUMAN,DFGin,BLAminus,Type1,5,5,5,5,5,5
4WSQB,4WSQ,B,194,227,229,4.42562009408266,36,36,AAK1,OTHER_AAK1_HUMAN,DFGin,BLAminus,Type1,5,5,5,5,5,5
4X0MA,4X0M,A,351,380,382,8.214251983213702,32,32,TGFBR1,TKL_TGFBR1_HUMAN,DFGin,BLAminus,Type1,5,5,5,5,5,5
4X2FA,4X2F,A,351,380,382,8.261344232735246,32,32,TGFBR1,TKL_TGFBR1_HUMAN,DFGin,BLAminus,Type1,5,5,5,5,5,5
4X2GA,4X2G,A,351,380,382,8.264654490707155,32,32,TGFBR1,TKL_TGFBR1_HUMAN,DFGin,BLAminus,Type1,5,5,5,5,5,5
4X2JA,4X2J,A,351,380,382,8.271103861538064,32,32,TGFBR1,TKL_TGFBR1_HUMAN,DFGin,BLAminus,Type1.5_Back,5,5,5,5,5,5
4X2KA,4X2K,A,351,380,382,8.271103861538064,32,32,TGFBR1,TKL_TGFBR1_HUMAN,DFGin,BLAminus,Type1.5_Back,5,5,5,5,5,5
4X2NA,4X2N,A,351,380,382,8.266283202076728,32,32,TGFBR1,TKL_TGFBR1_HUMAN,DFGin,BLAminus,No_ligand,5,5,5,5,5,5
4X6QC,4X6Q,C,184,206,208,4.8691224138316445,24,25,PRKACA,AGC_PRKACA_MOUSE,DFGin,ABAminus,No_ligand,5,5,5,5,5,5
4X6RA,4X6R,A,184,206,208,4.855502515137925,24,25,PRKACA,AGC_PRKACA_MOUSE,DFGin,BLAminus,ATPlike,5,5,5,5,5,5
4XBRA,4XBR,A,458,483,485,4.850415429875078,27,28,PAK4,STE_PAK4_HUMAN,DFGin,ABAminus,ATPlike,5,5,5,5,5,5
4XBUA,4XBU,A,458,483,485,4.839044464517588,27,28,PAK4,STE_PAK4_HUMAN,DFGin,BLAminus,No_ligand,5,5,5,5,5,5
4XCUA,4XCU,A,630,657,659,4.198493886697996,30,30,FGFR4,TYR_FGFR4_HUMAN,DFGin,BLAplus,Type1.5_Back,5,5,5,5,5,5
4XEYB,4XEY,B,400,426,428,4.413596166634419,29,29,ABL1,TYR_ABL1_HUMAN,DFGinter,BABtrans,Type1,5,5,5,5,5,5
4XEYA,4XEY,A,400,426,428,4.448666960219053,29,29,ABL1,TYR_ABL1_HUMAN,DFGinter,None,Type1,5,5,5,5,5,5
4XG2A,4XG2,A,512,540,542,4.583681792672446,27,31,SYK,TYR_SYK_HUMAN,DFGin,BLAminus,No_ligand,5,5,5,5,5,5
4XG3A,4XG3,A,512,540,542,4.559952348539976,31,31,SYK,TYR_SYK_HUMAN,DFGin,BLAminus,Type1,5,5,5,5,5,5
4XG3B,4XG3,B,512,540,542,4.597670587394256,27,31,SYK,TYR_SYK_HUMAN,DFGin,BLAminus,Type1,5,5,5,5,5,5
4XG4A,4XG4,A,512,540,542,4.569257743909315,27,31,SYK,TYR_SYK_HUMAN,DFGin,BLAminus,Type1,5,5,5,5,5,5
4XG6A,4XG6,A,512,540,542,4.6058255938274595,28,31,SYK,TYR_SYK_HUMAN,DFGin,BLAminus,Type1,5,5,5,5,5,5
4XG7A,4XG7,A,512,540,542,4.606259467589444,31,31,SYK,TYR_SYK_HUMAN,DFGin,BLAminus,Type1,5,5,5,5,5,5
4XG8A,4XG8,A,512,540,542,4.551308348204021,28,31,SYK,TYR_SYK_HUMAN,DFGin,BLAminus,Type1,5,5,5,5,5,5
4XG8C,4XG8,C,512,540,542,4.600517742744289,26,31,SYK,TYR_SYK_HUMAN,DFGin,BLAminus,Type1,5,5,5,5,5,5
4XG9A,4XG9,A,512,540,542,4.585957413528304,25,31,SYK,TYR_SYK_HUMAN,DFGin,BLAminus,Type1,5,5,5,5,5,5
4XG9B,4XG9,B,512,540,542,4.56693715659415,28,31,SYK,TYR_SYK_HUMAN,DFGin,BLAminus,Type1,5,5,5,5,5,5
4XJ0A,4XJ0,A,167,195,197,4.827729114637742,31,31,MAPK1,CMGC_MAPK1_HUMAN,DFGin,BLAminus,Type1,5,5,5,5,5,5
4XJ0B,4XJ0,B,167,195,197,4.816808205428161,31,31,MAPK1,CMGC_MAPK1_HUMAN,DFGin,BLAminus,Type1,5,5,5,5,5,5
4XLIA,4XLI,A,427,453,455,4.332092472171817,29,29,ABL2,TYR_ABL2_MOUSE,DFGin,BLAminus,Type1.5_Back,5,5,5,5,5,5
4XLIB,4XLI,B,427,453,455,4.390818350312714,29,29,ABL2,TYR_ABL2_MOUSE,DFGin,BLAminus,Type1.5_Back,5,5,5,5,5,5
4XLVA,4XLV,A,1150,1177,1179,4.62237912621749,27,30,INSR,TYR_INSR_HUMAN,DFGin,BLAminus,ATPlike,5,5,5,5,5,5
4XNEA,4XNE,A,165,193,195,4.79641137220711,31,31,MAPK1,CMGC_MAPK1_RAT,DFGin,BLAminus,Type1,5,5,5,5,5,5
4XOYA,4XOY,A,165,193,195,4.829492681986899,28,31,MAPK1,CMGC_MAPK1_RAT,DFGin,BLAminus,Type1,5,5,5,5,5,5
4XOZA,4XOZ,A,165,193,195,4.771521623207697,31,31,MAPK1,CMGC_MAPK1_RAT,DFGin,BLAminus,Type1.5_Front,5,5,5,5,5,5
4XP0A,4XP0,A,165,193,195,4.867167590834182,31,31,MAPK1,CMGC_MAPK1_RAT,DFGin,BLAminus,Type1,5,5,5,5,5,5
4XP2A,4XP2,A,165,193,195,4.736474084377115,31,31,MAPK1,CMGC_MAPK1_RAT,DFGin,BLAminus,Type1,5,5,5,5,5,5
4XP3A,4XP3,A,165,193,195,4.702871527681701,31,31,MAPK1,CMGC_MAPK1_RAT,DFGin,BLAminus,Type1,5,5,5,5,5,5
4XRJA,4XRJ,A,165,193,195,4.770860798562746,31,31,MAPK1,CMGC_MAPK1_RAT,DFGin,BLAminus,Type1,5,5,5,5,5,5
4XRLA,4XRL,A,165,193,195,4.754035565069168,31,31,MAPK1,CMGC_MAPK1_RAT,DFGin,BLAminus,Type1,5,5,5,5,5,5
4XS2A,4XS2,A,329,356,358,5.491272769766845,23,30,IRAK4,TKL_IRAK4_HUMAN,DFGin,BLAminus,Type1,5,5,5,5,5,5
4XS2C,4XS2,C,329,356,358,5.4675935043389705,23,30,IRAK4,TKL_IRAK4_HUMAN,DFGin,BLAminus,Type1,5,5,5,5,5,5
4XS2D,4XS2,D,329,356,358,5.486805026683198,22,30,IRAK4,TKL_IRAK4_HUMAN,DFGin,BLAminus,Type1,5,5,5,5,5,5
4XUFA,4XUF,A,829,856,858,4.325250802731639,30,30,FLT3,TYR_FLT3_HUMAN,DFGout,BBAminus,Type2,5,5,5,5,5,5
4XUFB,4XUF,B,829,856,858,4.306728167520112,30,30,FLT3,TYR_FLT3_HUMAN,DFGout,BBAminus,Type2,5,5,5,5,5,5
4XW4A,4XW4,A,184,206,208,4.823572258044702,24,25,PRKACA,AGC_PRKACA_MOUSE,DFGin,BLAminus,ATPlike,5,5,5,5,5,5
4XW5A,4XW5,A,184,206,208,4.825561284483929,24,25,PRKACA,AGC_PRKACA_MOUSE,DFGin,BLAminus,ATPlike,5,5,5,5,5,5
4XW6A,4XW6,A,184,206,208,4.80554436345118,24,25,PRKACA,AGC_PRKACA_MOUSE,DFGin,BLAminus,ATPlike,5,5,5,5,5,5
4XX9A,4XX9,A,223,250,252,4.918904579102014,29,30,PDPK1,AGC_PDPK1_HUMAN,DFGin,BLAminus,"ATPlike,Allosteric,Allosteric",5,5,5,5,5,5
4Y0XA,4Y0X,A,293,314,316,7.472675816126119,24,24,PKNG,OTHER_PKNG_MYCTU,DFGin,BLAminus,ATPlike,5,5,5,5,5,5
4Y12A,4Y12,A,293,314,316,7.492977338176254,24,24,PKNG,OTHER_PKNG_MYCTU,DFGin,BLAminus,ATPlike,5,5,5,5,5,5
4Y46A,4Y46,A,207,231,233,5.490655194907867,25,27,MAPK10,CMGC_MAPK10_HUMAN,DFGin,ABAminus,Type1,5,5,5,5,5,5
4Y5HA,4Y5H,A,207,231,233,5.500681557971504,25,27,MAPK10,CMGC_MAPK10_HUMAN,DFGin,ABAminus,Type1,5,5,5,5,5,5
4Y5QA,4Y5Q,A,219,243,245,7.358777493171375,24,27,CDPK1,CAMK_CDPK1_CRYPI,DFGin,BLBplus,ATPlike,5,5,5,5,5,5
4Y72A,4Y72,A,146,171,173,4.567003152461284,28,28,CDK1,CMGC_CDK1_HUMAN,DFGin,BLAminus,Type1,5,5,5,5,5,5
4Y73A,4Y73,A,329,356,358,5.539389797804282,22,30,IRAK4,TKL_IRAK4_HUMAN,DFGin,BLAminus,Type1,5,5,5,5,5,5
4Y73C,4Y73,C,329,356,358,5.52042680070607,23,30,IRAK4,TKL_IRAK4_HUMAN,DFGin,BLAminus,Type1,5,5,5,5,5,5
4Y73D,4Y73,D,329,356,358,5.527347252568834,22,30,IRAK4,TKL_IRAK4_HUMAN,DFGin,BLAminus,Type1,5,5,5,5,5,5
4Y83A,4Y83,A,270,295,297,4.655884796523074,28,28,MAP3K8,STE_MAP3K8_HUMAN,DFGin,BLAminus,Type1,5,5,5,5,5,5
4Y83B,4Y83,B,270,295,297,4.639959779636247,28,28,MAP3K8,STE_MAP3K8_HUMAN,DFGin,BLAminus,Type1,5,5,5,5,5,5
4Y83C,4Y83,C,270,295,297,4.597816521901201,27,28,MAP3K8,STE_MAP3K8_HUMAN,DFGin,BLAminus,Type1,5,5,5,5,5,5
4Y85A,4Y85,A,270,295,297,4.572101586032488,28,28,MAP3K8,STE_MAP3K8_HUMAN,DFGin,BLAminus,Type1,5,5,5,5,5,5
4Y85B,4Y85,B,270,295,297,4.608030299260169,28,28,MAP3K8,STE_MAP3K8_HUMAN,DFGin,BLAminus,Type1,5,5,5,5,5,5
4Y85C,4Y85,C,270,295,297,4.620139505973126,28,28,MAP3K8,STE_MAP3K8_HUMAN,DFGin,BLAminus,Type1,5,5,5,5,5,5
4Y93A,4Y93,A,539,565,567,4.223327611040346,29,29,BTK,TYR_BTK_BOVIN,DFGin,BLBplus,Type1,5,5,5,5,5,5
4Y95A,4Y95,A,539,565,567,4.361688511568666,29,29,BTK,TYR_BTK_BOVIN,DFGin,BLBplus,Type1,5,5,5,5,5,5
4Y95D,4Y95,D,539,565,567,4.358901655005079,29,29,BTK,TYR_BTK_BOVIN,DFGin,BLBplus,Type1,5,5,5,5,5,5
4Y95B,4Y95,B,539,565,567,4.410826608826,29,29,BTK,TYR_BTK_BOVIN,DFGin,BLBplus,"Type1,Allosteric",5,5,5,5,5,5
4Y95C,4Y95,C,539,565,567,4.410352831121052,29,29,BTK,TYR_BTK_BOVIN,DFGin,BLBplus,"Type1,Allosteric",5,5,5,5,5,5
4YC3A,4YC3,A,146,171,173,4.584201974880811,25,28,CDK1,CMGC_CDK1_HUMAN,DFGin,BLAminus,No_ligand,5,5,5,5,5,5
4YC6A,4YC6,A,146,171,173,4.565580479803795,24,28,CDK1,CMGC_CDK1_HUMAN,DFGin,BLBplus,No_ligand,5,5,5,5,5,5
4YC6C,4YC6,C,146,171,173,4.579284015220412,24,28,CDK1,CMGC_CDK1_HUMAN,DFGin,BLBplus,No_ligand,5,5,5,5,5,5
4YC6E,4YC6,E,146,171,173,4.580630365734708,24,28,CDK1,CMGC_CDK1_HUMAN,DFGin,BLBplus,No_ligand,5,5,5,5,5,5
4YC6G,4YC6,G,146,171,173,4.5815407045929915,24,28,CDK1,CMGC_CDK1_HUMAN,DFGin,BLBplus,No_ligand,5,5,5,5,5,5
4YC8A,4YC8,A,381,407,409,4.388369946669864,29,29,ABL1,TYR_ABL1_HUMAN,DFGinter,None,Type1.5_Front,5,5,5,5,5,5
4YC8B,4YC8,B,381,407,409,4.4018892617029595,29,29,ABL1,TYR_ABL1_HUMAN,DFGinter,None,Type1.5_Front,5,5,5,5,5,5
4YFFC,4YFF,C,606,632,634,5.104447588106216,21,29,TNNI3K,TKL_TNNI3K_HUMAN,DFGin,BLAminus,Type1,5,5,5,5,5,5
4YGAE,4YGA,E,195,219,221,7.470585422852458,24,27,CDPK1,CAMK_CDPK1_TOXGO,DFGin,BLBminus,No_ligand,5,5,5,5,5,5
4YGAA,4YGA,A,195,219,221,7.497667024917435,23,27,CDPK1,CAMK_CDPK1_TOXGO,DFGin,BLBtrans,No_ligand,5,5,5,5,5,5
4YGAC,4YGA,C,195,219,221,7.525273890563366,23,27,CDPK1,CAMK_CDPK1_TOXGO,DFGin,BLBtrans,No_ligand,5,5,5,5,5,5
4YGAG,4YGA,G,195,219,221,7.528761703807319,23,27,CDPK1,CAMK_CDPK1_TOXGO,DFGin,BLBtrans,No_ligand,5,5,5,5,5,5
4YHJA,4YHJ,A,330,354,356,4.212595699712154,27,27,GRK4,AGC_GRK4_HUMAN,DFGin,BLAminus,ATPlike,5,5,5,5,5,5
4YHJB,4YHJ,B,330,354,356,4.225262738262247,27,27,GRK4,AGC_GRK4_HUMAN,DFGin,BLAminus,ATPlike,5,5,5,5,5,5
4YJNA,4YJN,A,195,219,221,7.55660247164665,27,27,CDPK1,CAMK_CDPK1_TOXGO,None,None,Type1,5,5,5,5,5,5
4YJOA,4YJO,A,512,540,542,4.57219896926383,28,31,SYK,TYR_SYK_HUMAN,DFGin,BLAminus,Type1,5,5,5,5,5,5
4YJPA,4YJP,A,512,540,542,4.601378261888832,28,31,SYK,TYR_SYK_HUMAN,DFGin,BLAminus,Type1,5,5,5,5,5,5
4YJQA,4YJQ,A,512,540,542,4.65137014321905,29,31,SYK,TYR_SYK_HUMAN,DFGin,BLAminus,Type1,5,5,5,5,5,5
4YJRA,4YJR,A,512,540,542,4.656253197421338,29,31,SYK,TYR_SYK_HUMAN,DFGin,BLAminus,Type1,5,5,5,5,5,5
4YJSA,4YJS,A,512,540,542,4.605732162587279,31,31,SYK,TYR_SYK_HUMAN,DFGin,BLAminus,Type1,5,5,5,5,5,5
4YJTA,4YJT,A,512,540,542,4.6570301538609895,29,31,SYK,TYR_SYK_HUMAN,DFGin,BLAminus,Type1,5,5,5,5,5,5
4YJUA,4YJU,A,512,540,542,4.641403108093481,26,31,SYK,TYR_SYK_HUMAN,DFGin,BLAminus,Type1,5,5,5,5,5,5
4YJVA,4YJV,A,512,540,542,4.637577151755022,29,31,SYK,TYR_SYK_HUMAN,DFGin,BLAminus,Type1,5,5,5,5,5,5
4YLJA,4YLJ,A,307,329,331,7.06186458517499,24,25,DYRK1A,CMGC_DYRK1A_HUMAN,DFGin,BLAminus,Type1,5,5,5,5,5,5
4YLJB,4YLJ,B,307,329,331,7.0660764035120405,24,25,DYRK1A,CMGC_DYRK1A_HUMAN,DFGin,BLAminus,Type1,5,5,5,5,5,5
4YLJC,4YLJ,C,307,329,331,7.073687992797872,24,25,DYRK1A,CMGC_DYRK1A_HUMAN,DFGin,BLAminus,Type1,5,5,5,5,5,5
4YLJD,4YLJ,D,307,329,331,7.045762204277894,24,25,DYRK1A,CMGC_DYRK1A_HUMAN,DFGin,BLAminus,Type1,5,5,5,5,5,5
4YLKA,4YLK,A,307,329,331,7.066307199568516,24,25,DYRK1A,CMGC_DYRK1A_HUMAN,DFGin,BLAminus,Type1,5,5,5,5,5,5
4YLLA,4YLL,A,307,329,331,7.0616255652350315,24,25,DYRK1A,CMGC_DYRK1A_HUMAN,DFGin,BLAminus,Type1,5,5,5,5,5,5
4YO4A,4YO4,A,161,185,187,7.625203251084924,27,27,DAPK1,CAMK_DAPK1_HUMAN,DFGin,BLAminus,Type1,5,5,5,5,5,5
4YO6A,4YO6,A,329,356,358,5.541741034094147,24,30,IRAK4,TKL_IRAK4_HUMAN,DFGin,BLAminus,Type1,5,5,5,5,5,5
4YO6B,4YO6,B,329,356,358,5.561291890541796,21,30,IRAK4,TKL_IRAK4_HUMAN,DFGin,BLAminus,Type1,5,5,5,5,5,5
4YO6C,4YO6,C,329,356,358,5.533852138818427,22,30,IRAK4,TKL_IRAK4_HUMAN,DFGin,BLAminus,Type1,5,5,5,5,5,5
4YO6D,4YO6,D,329,356,358,5.523612568335397,23,30,IRAK4,TKL_IRAK4_HUMAN,DFGin,BLAminus,"Type1,Allosteric",5,5,5,5,5,5
4YP8A,4YP8,A,329,356,358,5.544772131967186,23,30,IRAK4,TKL_IRAK4_HUMAN,DFGin,BLAminus,Type1,5,5,5,5,5,5
4YP8B,4YP8,B,329,356,358,5.562527561567,21,30,IRAK4,TKL_IRAK4_HUMAN,DFGin,BLAminus,Type1,5,5,5,5,5,5
4YP8C,4YP8,C,329,356,358,5.55357874626743,23,30,IRAK4,TKL_IRAK4_HUMAN,DFGin,BLAminus,Type1,5,5,5,5,5,5
4YP8D,4YP8,D,329,356,358,5.555407768773145,23,30,IRAK4,TKL_IRAK4_HUMAN,DFGin,BLAminus,Type1,5,5,5,5,5,5
4YPDA,4YPD,A,161,185,187,7.610848320436863,27,27,DAPK1,CAMK_DAPK1_HUMAN,DFGin,BLAminus,Type1,5,5,5,5,5,5
4YSJA,4YSJ,A,172,196,198,7.56321573502593,27,27,CDPK,CAMK_CDPK_EIMTE,DFGin,BLAminus,ATPlike,5,5,5,5,5,5
4YSJB,4YSJ,B,172,196,198,7.534696220800737,27,27,CDPK,CAMK_CDPK_EIMTE,DFGin,BLAminus,ATPlike,5,5,5,5,5,5
4YSMA,4YSM,A,172,196,198,7.519349542777958,27,27,CDPK,CAMK_CDPK_EIMTE,DFGin,BLAminus,No_ligand,5,5,5,5,5,5
4YSMB,4YSM,B,172,196,198,7.507126124461557,27,27,CDPK,CAMK_CDPK_EIMTE,DFGin,BLAminus,No_ligand,5,5,5,5,5,5
4YTCA,4YTC,A,994,1022,1024,4.1644860570945506,29,31,JAK2,TYR_JAK2-2_HUMAN,DFGin,BLAminus,Type1,5,5,5,5,5,5
4YTFA,4YTF,A,994,1022,1024,4.200107458341787,29,31,JAK2,TYR_JAK2-2_HUMAN,DFGin,BLAminus,Type1,5,5,5,5,5,5
4YTHA,4YTH,A,994,1022,1024,4.1865279665899555,29,31,JAK2,TYR_JAK2-2_HUMAN,DFGin,BLAminus,Type1,5,5,5,5,5,5
4YTIA,4YTI,A,994,1022,1024,4.190105494586848,29,31,JAK2,TYR_JAK2-2_HUMAN,DFGin,BLAminus,Type1,5,5,5,5,5,5
4YU2A,4YU2,A,307,329,331,7.061929169932283,24,25,DYRK1A,CMGC_DYRK1A_HUMAN,DFGin,BLAminus,Type1,5,5,5,5,5,5
4YU2B,4YU2,B,307,329,331,7.063755696184538,24,25,DYRK1A,CMGC_DYRK1A_HUMAN,DFGin,BLAminus,Type1,5,5,5,5,5,5
4YU2C,4YU2,C,307,329,331,7.06830016521531,24,25,DYRK1A,CMGC_DYRK1A_HUMAN,DFGin,BLAminus,Type1,5,5,5,5,5,5
4YU2D,4YU2,D,307,329,331,7.053602124903684,24,25,DYRK1A,CMGC_DYRK1A_HUMAN,DFGin,BLAminus,Type1,5,5,5,5,5,5
4YUQA,4YUQ,A,172,196,198,7.526658821763176,27,27,CDPK,CAMK_CDPK_EIMTE,DFGin,BLAminus,Type1,5,5,5,5,5,5
4YUQB,4YUQ,B,172,196,198,7.538495168564483,27,27,CDPK,CAMK_CDPK_EIMTE,DFGin,BLAminus,Type1,5,5,5,5,5,5
4YVCA,4YVC,A,216,242,244,2.746592772204652,29,29,ROCK1,AGC_ROCK1_HUMAN,DFGin,BLAminus,Type1,5,5,5,5,5,5
4YVCB,4YVC,B,216,242,244,2.912515688746711,29,29,ROCK1,AGC_ROCK1_HUMAN,DFGin,BLAminus,Type1,5,5,5,5,5,5
4YVEA,4YVE,A,216,242,244,2.563436938835825,29,29,ROCK1,AGC_ROCK1_HUMAN,DFGin,BLAminus,Type1,5,5,5,5,5,5
4YVEB,4YVE,B,216,242,244,2.874401447443416,29,29,ROCK1,AGC_ROCK1_HUMAN,DFGin,BLAminus,Type1,5,5,5,5,5,5
4YXRA,4YXR,A,184,206,208,4.833419931099654,24,25,PRKACA,AGC_PRKACA_BOVIN,DFGin,BLAminus,Type1,5,5,5,5,5,5
4YXSA,4YXS,A,184,206,208,4.8286437804053115,24,25,PRKACA,AGC_PRKACA_BOVIN,DFGin,BLAminus,Type1,5,5,5,5,5,5
4YZBA,4YZB,A,172,196,198,7.523267767916994,27,27,CDPK,CAMK_CDPK_EIMTE,DFGin,BLAminus,Type1,5,5,5,5,5,5
4YZBB,4YZB,B,172,196,198,7.533684638663322,27,27,CDPK,CAMK_CDPK_EIMTE,DFGin,BLAminus,Type1,5,5,5,5,5,5
4YZCA,4YZC,A,711,739,741,7.206919089521238,27,31,ERN1,OTHER_ERN1_HUMAN,DFGin,BLAminus,Type1,5,5,5,5,5,5
4YZCB,4YZC,B,711,739,741,7.176374994313471,26,31,ERN1,OTHER_ERN1_HUMAN,DFGin,BLAminus,Type1,5,5,5,5,5,5
4YZNA,4YZN,A,1177,1199,1201,7.650585656897359,25,25,ROCO4,TKL_ROCO4_DICDI,DFGin,BLAminus,Type1,5,5,5,5,5,5
4Z16A,4Z16,A,967,995,997,4.143751575624864,24,31,JAK3,TYR_JAK3-2_HUMAN,DFGin,BLAminus,Type1,5,5,5,5,5,5
4Z16B,4Z16,B,967,995,997,4.142671692252303,29,31,JAK3,TYR_JAK3-2_HUMAN,DFGin,BLAminus,Type1,5,5,5,5,5,5
4Z16C,4Z16,C,967,995,997,4.138903872878302,24,31,JAK3,TYR_JAK3-2_HUMAN,DFGin,BLAminus,Type1,5,5,5,5,5,5
4Z16D,4Z16,D,967,995,997,4.147453434971386,24,31,JAK3,TYR_JAK3-2_HUMAN,DFGin,BLAminus,Type1,5,5,5,5,5,5
4Z7HB,4Z7H,B,711,739,741,7.023450801376123,24,31,ERN1,OTHER_ERN1_HUMAN,DFGin,ABAminus,Type1,5,5,5,5,5,5
4Z7HA,4Z7H,A,711,739,741,7.0934961904209715,26,31,ERN1,OTHER_ERN1_HUMAN,DFGin,None,Type1,5,5,5,5,5,5
4Z83E,4Z83,E,184,206,208,4.843955058400142,24,25,PRKACA,AGC_PRKACA_BOVIN,DFGin,BLAminus,"Type1,Allosteric",5,5,5,5,5,5
4Z84A,4Z84,A,184,206,208,4.817654202368395,24,25,PRKACA,AGC_PRKACA_BOVIN,DFGin,BLAminus,Type1,5,5,5,5,5,5
4ZHXA,4ZHX,A,157,181,183,4.391718464967193,26,27,PRKAA2,CAMK_PRKAA2_HUMAN,DFGin,BLAminus,Type1,5,5,5,5,5,5
4ZHXC,4ZHX,C,157,181,183,4.371018144284466,26,27,PRKAA2,CAMK_PRKAA2_HUMAN,DFGin,None,"Type1,Allosteric",5,5,5,5,5,5
4ZIMA,4ZIM,A,994,1022,1024,4.161710415743184,29,31,JAK2,TYR_JAK2-2_HUMAN,DFGin,ABAminus,Type1,5,5,5,5,5,5
4ZIMB,4ZIM,B,994,1022,1024,4.147975785052056,29,31,JAK2,TYR_JAK2-2_HUMAN,DFGin,ABAminus,Type1,5,5,5,5,5,5
4ZJIA,4ZJI,A,407,432,434,4.933651525058104,22,28,PAK1,STE_PAK1_HUMAN,DFGout,BBAminus,Type3,5,5,5,5,5,5
4ZJIB,4ZJI,B,407,432,434,4.907162179836679,22,28,PAK1,STE_PAK1_HUMAN,DFGout,BBAminus,Type3,5,5,5,5,5,5
4ZJIC,4ZJI,C,407,432,434,5.300775953551599,23,28,PAK1,STE_PAK1_HUMAN,DFGout,BBAminus,Type3,5,5,5,5,5,5
4ZJID,4ZJI,D,407,432,434,5.310755260914403,24,28,PAK1,STE_PAK1_HUMAN,DFGout,BBAminus,Type3,5,5,5,5,5,5
4ZJJA,4ZJJ,A,407,432,434,4.930912672332269,21,28,PAK1,STE_PAK1_HUMAN,DFGout,BBAminus,Type3,5,5,5,5,5,5
4ZJJB,4ZJJ,B,407,432,434,4.911418328693796,21,28,PAK1,STE_PAK1_HUMAN,DFGout,BBAminus,Type3,5,5,5,5,5,5
4ZJJC,4ZJJ,C,407,432,434,5.353741824392949,21,28,PAK1,STE_PAK1_HUMAN,DFGout,BBAminus,Type3,5,5,5,5,5,5
4ZJJD,4ZJJ,D,407,432,434,5.311355244427731,24,28,PAK1,STE_PAK1_HUMAN,DFGout,BBAminus,Type3,5,5,5,5,5,5
4ZK5B,4ZK5,B,171,196,198,3.931818102611983,28,28,MAP4K4,STE_MAP4K4_HUMAN,DFGout,None,No_ligand,5,5,5,5,5,5
4ZLOB,4ZLO,B,407,432,434,4.831284776207475,27,28,PAK1,STE_PAK1_HUMAN,DFGin,BLAminus,No_ligand,5,5,5,5,5,5
4ZOGA,4ZOG,A,381,407,409,4.385904388333549,29,29,ABL1,TYR_ABL1_HUMAN,DFGinter,None,Type1,5,5,5,5,5,5
4ZOGB,4ZOG,B,381,407,409,4.447982029681692,27,29,ABL1,TYR_ABL1_HUMAN,DFGout,None,Type1,5,5,5,5,5,5
4ZP5B,4ZP5,B,171,196,198,3.991562323840831,28,28,MAP4K4,STE_MAP4K4_HUMAN,DFGout,None,No_ligand,5,5,5,5,5,5
4ZSAA,4ZSA,A,641,668,670,4.37474514942617,30,30,FGFR1,TYR_FGFR1_HUMAN,DFGin,BLAplus,Type1,5,5,5,5,5,5
4ZSAB,4ZSA,B,641,668,670,4.386584521408363,24,30,FGFR1,TYR_FGFR1_HUMAN,DFGin,BLAplus,Type1,5,5,5,5,5,5
4ZSGA,4ZSG,A,200,229,231,4.4659004772598045,32,32,MAPK7,CMGC_MAPK7_HUMAN,DFGin,BLAminus,Type3,5,5,5,5,5,5
4ZSJA,4ZSJ,A,200,229,231,4.487593796081798,32,32,MAPK7,CMGC_MAPK7_HUMAN,DFGin,BLAminus,Type3,5,5,5,5,5,5
4ZSLA,4ZSL,A,200,229,231,4.4989276613230516,32,32,MAPK7,CMGC_MAPK7_HUMAN,DFGin,BLAminus,Type3,5,5,5,5,5,5
4ZTLB,4ZTL,B,329,356,358,5.470243257728843,21,30,IRAK4,TKL_IRAK4_HUMAN,DFGin,BLAminus,Type1,5,5,5,5,5,5
4ZTLC,4ZTL,C,329,356,358,5.475474324198889,23,30,IRAK4,TKL_IRAK4_HUMAN,DFGin,BLAminus,Type1,5,5,5,5,5,5
4ZTLD,4ZTL,D,329,356,358,5.481876832884014,23,30,IRAK4,TKL_IRAK4_HUMAN,DFGin,BLAminus,Type1,5,5,5,5,5,5
4ZTMA,4ZTM,A,329,356,358,5.56047795342131,24,30,IRAK4,TKL_IRAK4_HUMAN,DFGin,BLAminus,Type1,5,5,5,5,5,5
4ZTMB,4ZTM,B,329,356,358,5.580092930664967,21,30,IRAK4,TKL_IRAK4_HUMAN,DFGin,BLAminus,Type1,5,5,5,5,5,5
4ZTMC,4ZTM,C,329,356,358,5.546340717298439,23,30,IRAK4,TKL_IRAK4_HUMAN,DFGin,BLAminus,Type1,5,5,5,5,5,5
4ZTMD,4ZTM,D,329,356,358,5.538550906888827,22,30,IRAK4,TKL_IRAK4_HUMAN,DFGin,BLAminus,Type1,5,5,5,5,5,5
4ZTNA,4ZTN,A,329,356,358,5.525880166547102,23,30,IRAK4,TKL_IRAK4_HUMAN,DFGin,BLAminus,Type1,5,5,5,5,5,5
4ZTNB,4ZTN,B,329,356,358,5.522439610956272,23,30,IRAK4,TKL_IRAK4_HUMAN,DFGin,BLAminus,Type1,5,5,5,5,5,5
4ZTNC,4ZTN,C,329,356,358,5.512559171342386,22,30,IRAK4,TKL_IRAK4_HUMAN,DFGin,BLAminus,Type1,5,5,5,5,5,5
4ZTND,4ZTN,D,329,356,358,5.509807674952271,23,30,IRAK4,TKL_IRAK4_HUMAN,DFGin,BLAminus,Type1,5,5,5,5,5,5
4ZXTA,4ZXT,A,167,195,197,4.8613539448210785,31,31,MAPK1,CMGC_MAPK1_HUMAN,DFGin,BLAminus,Type1,5,5,5,5,5,5
4ZY4A,4ZY4,A,407,432,434,4.826822084160317,28,28,PAK1,STE_PAK1_HUMAN,DFGin,BLAminus,Type1,5,5,5,5,5,5
4ZY4B,4ZY4,B,407,432,434,4.937200058612653,28,28,PAK1,STE_PAK1_HUMAN,DFGin,BLBplus,Type1,5,5,5,5,5,5
4ZY5A,4ZY5,A,407,432,434,4.830672736828312,28,28,PAK1,STE_PAK1_HUMAN,DFGin,BLAminus,Type1,5,5,5,5,5,5
4ZY5B,4ZY5,B,407,432,434,4.926954196636974,28,28,PAK1,STE_PAK1_HUMAN,DFGin,BLBplus,Type1,5,5,5,5,5,5
4ZY6A,4ZY6,A,407,432,434,4.84000423989901,28,28,PAK1,STE_PAK1_HUMAN,DFGin,BLAminus,Type1,5,5,5,5,5,5
4ZY6B,4ZY6,B,407,432,434,4.913959431824211,20,28,PAK1,STE_PAK1_HUMAN,DFGin,BLAplus,Type1,5,5,5,5,5,5
4ZZMA,4ZZM,A,167,195,197,4.721055132888545,31,31,MAPK1,CMGC_MAPK1_HUMAN,DFGin,BLAminus,Type1,5,5,5,5,5,5
4ZZNA,4ZZN,A,165,193,195,4.802277098783223,31,31,MAPK1,CMGC_MAPK1_HUMAN,DFGin,BLAminus,Type1,5,5,5,5,5,5
4ZZOA,4ZZO,A,167,195,197,4.720054759063636,31,31,MAPK1,CMGC_MAPK1_HUMAN,DFGin,BLAminus,Type1,5,5,5,5,5,5
5A3XA,5A3X,A,307,329,331,7.051460667161076,24,25,DYRK1A,CMGC_DYRK1A_HUMAN,DFGin,BLAminus,Type1,5,5,5,5,5,5
5A3XB,5A3X,B,307,329,331,7.047530180707445,24,25,DYRK1A,CMGC_DYRK1A_HUMAN,DFGin,BLAminus,Type1,5,5,5,5,5,5
5A3XC,5A3X,C,307,329,331,7.077358553475707,24,25,DYRK1A,CMGC_DYRK1A_HUMAN,DFGin,BLAminus,Type1,5,5,5,5,5,5
5A3XD,5A3X,D,307,329,331,7.079544871365139,24,25,DYRK1A,CMGC_DYRK1A_HUMAN,DFGin,BLAminus,Type1,5,5,5,5,5,5
5A46A,5A46,A,641,668,670,4.405506875085544,27,30,FGFR1,TYR_FGFR1_HUMAN,DFGin,BLAplus,Type1,5,5,5,5,5,5
5A46B,5A46,B,641,668,670,4.467695427688452,30,30,FGFR1,TYR_FGFR1_HUMAN,DFGin,BLAplus,Type1,5,5,5,5,5,5
5A4CA,5A4C,A,641,668,670,4.386454002829274,24,30,FGFR1,TYR_FGFR1_HUMAN,DFGin,BLAplus,Type1.5_Back,5,5,5,5,5,5
5A4CB,5A4C,B,641,668,670,4.45361595664153,25,30,FGFR1,TYR_FGFR1_HUMAN,DFGin,BLAplus,Type1.5_Back,5,5,5,5,5,5
5A4EA,5A4E,A,307,329,331,7.07325782073928,24,25,DYRK1A,CMGC_DYRK1A_HUMAN,DFGin,BLAminus,Type1,5,5,5,5,5,5
5A4EB,5A4E,B,307,329,331,7.0820461844744225,24,25,DYRK1A,CMGC_DYRK1A_HUMAN,DFGin,BLAminus,Type1,5,5,5,5,5,5
5A4EC,5A4E,C,307,329,331,7.107267796619043,24,25,DYRK1A,CMGC_DYRK1A_HUMAN,DFGin,BLAminus,Type1,5,5,5,5,5,5
5A4ED,5A4E,D,307,329,331,7.070549828386796,24,25,DYRK1A,CMGC_DYRK1A_HUMAN,DFGin,BLAminus,Type1,5,5,5,5,5,5
5A4LA,5A4L,A,307,329,331,7.088243685746187,24,25,DYRK1A,CMGC_DYRK1A_HUMAN,DFGin,BLAminus,Type1,5,5,5,5,5,5
5A4LB,5A4L,B,307,329,331,7.0441692109158,24,25,DYRK1A,CMGC_DYRK1A_HUMAN,DFGin,BLAminus,Type1,5,5,5,5,5,5
5A4LC,5A4L,C,307,329,331,7.122750461045758,24,25,DYRK1A,CMGC_DYRK1A_HUMAN,DFGin,BLAminus,Type1,5,5,5,5,5,5
5A4LD,5A4L,D,307,329,331,7.094210227976694,24,25,DYRK1A,CMGC_DYRK1A_HUMAN,DFGin,BLAminus,Type1,5,5,5,5,5,5
5A4QA,5A4Q,A,307,329,331,7.0593889331754704,24,25,DYRK1A,CMGC_DYRK1A_HUMAN,DFGin,BLAminus,Type1,5,5,5,5,5,5
5A4QB,5A4Q,B,307,329,331,7.05446908576373,24,25,DYRK1A,CMGC_DYRK1A_HUMAN,DFGin,BLAminus,Type1,5,5,5,5,5,5
5A4QC,5A4Q,C,307,329,331,7.094133025120593,24,25,DYRK1A,CMGC_DYRK1A_HUMAN,DFGin,BLAminus,Type1,5,5,5,5,5,5
5A4QD,5A4Q,D,307,329,331,7.08618588063041,24,25,DYRK1A,CMGC_DYRK1A_HUMAN,DFGin,BLAminus,Type1,5,5,5,5,5,5
5A4TA,5A4T,A,307,329,331,7.058167350752144,24,25,DYRK1A,CMGC_DYRK1A_HUMAN,DFGin,BLAminus,Type1,5,5,5,5,5,5
5A4TB,5A4T,B,307,329,331,7.096261764952348,24,25,DYRK1A,CMGC_DYRK1A_HUMAN,DFGin,BLAminus,Type1,5,5,5,5,5,5
5A4TC,5A4T,C,307,329,331,7.081515013883088,24,25,DYRK1A,CMGC_DYRK1A_HUMAN,DFGin,BLAminus,Type1,5,5,5,5,5,5
5A4TD,5A4T,D,307,329,331,7.131704044153976,24,25,DYRK1A,CMGC_DYRK1A_HUMAN,DFGin,BLAminus,Type1,5,5,5,5,5,5
5A54A,5A54,A,307,329,331,7.037183489171889,24,25,DYRK1A,CMGC_DYRK1A_HUMAN,DFGin,BLAminus,Type1,5,5,5,5,5,5
5A54B,5A54,B,307,329,331,7.077021594462299,24,25,DYRK1A,CMGC_DYRK1A_HUMAN,DFGin,BLAminus,Type1,5,5,5,5,5,5
5A54C,5A54,C,307,329,331,7.138949940160528,24,25,DYRK1A,CMGC_DYRK1A_HUMAN,DFGin,BLAminus,Type1,5,5,5,5,5,5
5A54D,5A54,D,307,329,331,7.120634009100939,24,25,DYRK1A,CMGC_DYRK1A_HUMAN,DFGin,BLAminus,Type1,5,5,5,5,5,5
5A6NB,5A6N,B,161,185,187,8.350060243745444,22,27,DAPK3,CAMK_DAPK3_HUMAN,DFGin,BLAminus,No_ligand,5,5,5,5,5,5
5A6NA,5A6N,A,161,185,187,8.227011192516716,27,27,DAPK3,CAMK_DAPK3_HUMAN,DFGin,BLAminus,Type1,5,5,5,5,5,5
5A6OA,5A6O,A,161,185,187,8.207894657234874,22,27,DAPK3,CAMK_DAPK3_HUMAN,DFGin,BLAminus,No_ligand,5,5,5,5,5,5
5A6OB,5A6O,B,161,185,187,8.339738903123152,22,27,DAPK3,CAMK_DAPK3_HUMAN,DFGin,BLAminus,No_ligand,5,5,5,5,5,5
5ACKA,5ACK,A,223,250,252,4.923614290317593,29,30,PDPK1,AGC_PDPK1_HUMAN,DFGin,BLAminus,ATPlike,5,5,5,5,5,5
5AEPA,5AEP,A,994,1022,1024,4.150254875150708,29,31,JAK2,TYR_JAK2-2_HUMAN,DFGin,ABAminus,Type1,5,5,5,5,5,5
5AIKA,5AIK,A,307,329,331,7.0890873215972725,24,25,DYRK1A,CMGC_DYRK1A_HUMAN,DFGin,BLAminus,Type1,5,5,5,5,5,5
5AIKB,5AIK,B,307,329,331,7.081450550686246,24,25,DYRK1A,CMGC_DYRK1A_HUMAN,DFGin,BLAminus,Type1,5,5,5,5,5,5
5AIKC,5AIK,C,307,329,331,7.083232202914784,24,25,DYRK1A,CMGC_DYRK1A_HUMAN,DFGin,BLAminus,Type1,5,5,5,5,5,5
5AIKD,5AIK,D,307,329,331,7.086989379429905,24,25,DYRK1A,CMGC_DYRK1A_HUMAN,DFGin,BLAminus,Type1,5,5,5,5,5,5
5AIRA,5AIR,A,200,224,226,5.527982502606602,27,27,GSK3B,CMGC_GSK3B_MOUSE,DFGin,ABAminus,No_ligand,5,5,5,5,5,5
5AIRB,5AIR,B,200,224,226,5.534917046396315,27,27,GSK3B,CMGC_GSK3B_MOUSE,DFGin,BLAminus,No_ligand,5,5,5,5,5,5
5AJQA,5AJQ,A,175,200,202,3.6262383470677357,22,28,STK10,STE_STK10_HUMAN,DFGin,None,Type1,5,5,5,5,5,5
5AM6A,5AM6,A,641,668,670,4.3907587132348205,30,30,FGFR1,TYR_FGFR1_HUMAN,DFGin,BLAplus,Type1,5,5,5,5,5,5
5AM7A,5AM7,A,641,668,670,4.392897350972973,30,30,FGFR1,TYR_FGFR1_HUMAN,DFGin,BLAplus,Type1,5,5,5,5,5,5
5AM7B,5AM7,B,641,668,670,4.376016369465749,25,30,FGFR1,TYR_FGFR1_HUMAN,DFGin,BLAplus,Type1,5,5,5,5,5,5
5ANEA,5ANE,A,145,170,172,4.715473151544101,28,28,CDK2,CMGC_CDK2_HUMAN,DFGin,BLBtrans,Type1,5,5,5,5,5,5
5ANIA,5ANI,A,145,170,172,4.724135891802551,20,28,CDK2,CMGC_CDK2_HUMAN,DFGin,BLBtrans,Type1,5,5,5,5,5,5
5ANJA,5ANJ,A,145,170,172,4.748434148051999,23,28,CDK2,CMGC_CDK2_HUMAN,DFGin,BLBtrans,Type1,5,5,5,5,5,5
5AUTA,5AUT,A,161,185,187,7.624503832086967,27,27,DAPK1,CAMK_DAPK1_HUMAN,DFGin,BLAminus,Type1,5,5,5,5,5,5
5AUUA,5AUU,A,161,185,187,7.625957882068909,27,27,DAPK1,CAMK_DAPK1_HUMAN,DFGin,BLAminus,Type1.5_Back,5,5,5,5,5,5
5AUVA,5AUV,A,161,185,187,7.615879479385673,27,27,DAPK1,CAMK_DAPK1_HUMAN,DFGin,BLAminus,Type1,5,5,5,5,5,5
5AUWA,5AUW,A,161,185,187,7.601997200244147,27,27,DAPK1,CAMK_DAPK1_HUMAN,DFGin,BLAminus,Type1.5_Back,5,5,5,5,5,5
5AUXA,5AUX,A,161,185,187,7.6126370774576655,27,27,DAPK1,CAMK_DAPK1_HUMAN,DFGin,BLAminus,Type1,5,5,5,5,5,5
5AUYA,5AUY,A,161,185,187,7.6245069426431025,27,27,DAPK1,CAMK_DAPK1_HUMAN,DFGin,BLAminus,Type1.5_Back,5,5,5,5,5,5
5AUZA,5AUZ,A,161,185,187,7.628122594168264,27,27,DAPK1,CAMK_DAPK1_HUMAN,DFGin,BLAminus,Type1,5,5,5,5,5,5
5AV0A,5AV0,A,161,185,187,7.629996476063348,27,27,DAPK1,CAMK_DAPK1_HUMAN,DFGin,BLAminus,Type1,5,5,5,5,5,5
5AV1A,5AV1,A,161,185,187,7.591837894070488,27,27,DAPK1,CAMK_DAPK1_HUMAN,DFGin,BLAminus,No_ligand,5,5,5,5,5,5
5AV2A,5AV2,A,161,185,187,7.596777664859015,27,27,DAPK1,CAMK_DAPK1_HUMAN,DFGin,BLAminus,Type1,5,5,5,5,5,5
5AV3A,5AV3,A,161,185,187,7.603013613107738,27,27,DAPK1,CAMK_DAPK1_HUMAN,DFGin,BLAminus,Type1,5,5,5,5,5,5
5AV4A,5AV4,A,161,185,187,7.622462333496258,27,27,DAPK1,CAMK_DAPK1_HUMAN,DFGin,BLAminus,Type1,5,5,5,5,5,5
5AWMA,5AWM,A,167,191,193,5.34718974157863,24,27,BSK,CMGC_BSK_DROME,DFGin,ABAminus,ATPlike,5,5,5,5,5,5
5AX3A,5AX3,A,158,186,188,5.120496717982212,22,31,MAPK1,CMGC_MAPK1_HUMAN,DFGin,BLAminus,Type1,5,5,5,5,5,5
5B7VA,5B7V,A,641,668,670,4.406627087658959,27,30,FGFR1,TYR_FGFR1_HUMAN,DFGin,BLAplus,Type1.5_Back,5,5,5,5,5,5
5B7VB,5B7V,B,641,668,670,4.53757591633926,24,30,FGFR1,TYR_FGFR1_HUMAN,DFGin,BLBplus,Type1.5_Back,5,5,5,5,5,5
5BMLA,5BML,A,216,242,244,2.755590183256928,29,29,ROCK1,AGC_ROCK1_HUMAN,DFGin,BLAminus,Type1,5,5,5,5,5,5
5BMLB,5BML,B,216,242,244,2.886672612923364,29,29,ROCK1,AGC_ROCK1_HUMAN,DFGin,BLAminus,Type1,5,5,5,5,5,5
5BMMA,5BMM,A,404,430,432,4.406149066366652,29,29,SRC,TYR_SRC_CHICK,DFGin,BLBplus,No_ligand,5,5,5,5,5,5
5BMMB,5BMM,B,404,430,432,4.3939777275897045,29,29,SRC,TYR_SRC_CHICK,DFGin,BLBplus,No_ligand,5,5,5,5,5,5
5BMSA,5BMS,A,458,483,485,4.8984195665615555,27,28,PAK4,STE_PAK4_HUMAN,DFGin,BLAminus,Type1,5,5,5,5,5,5
5BX0A,5BX0,A,208,231,233,6.7930383546274165,26,26,MAP2K1,STE_MAP2K1_HUMAN,DFGin,BLBplus,Type1,5,5,5,5,5,5
5BX6A,5BX6,A,184,206,208,4.816256788377495,24,25,PRKACA,AGC_PRKACA_HUMAN,DFGin,BLAminus,Type1,5,5,5,5,5,5
5BX7A,5BX7,A,184,206,208,4.8196588515322265,24,25,PRKACA,AGC_PRKACA_HUMAN,DFGin,BLAminus,Type1,5,5,5,5,5,5
5BYYA,5BYY,A,200,229,231,4.478360555619766,24,32,MAPK7,CMGC_MAPK7_HUMAN,DFGin,BLAminus,Type1,5,5,5,5,5,5
5BYZA,5BYZ,A,200,229,231,4.513850109169421,32,32,MAPK7,CMGC_MAPK7_HUMAN,DFGin,BLAminus,Type1,5,5,5,5,5,5
5C26A,5C26,A,512,540,542,4.552993603701531,29,31,SYK,TYR_SYK_HUMAN,DFGin,BLAminus,Type1,5,5,5,5,5,5
5C27A,5C27,A,512,540,542,4.557194336753255,29,31,SYK,TYR_SYK_HUMAN,DFGin,BLAminus,Type1,5,5,5,5,5,5
5CE3B,5CE3,B,286,306,308,6.260196717693255,23,23,YOPO,OTHER_YOPO_YEREN,None,None,ATPlike,5,5,5,5,5,5
5CE3D,5CE3,D,286,306,308,6.261645537836846,23,23,YOPO,OTHER_YOPO_YEREN,None,None,ATPlike,5,5,5,5,5,5
5CENA,5CEN,A,254,278,280,4.416457754136292,27,27,MAP3K12,TKL_MAP3K12_HUMAN,DFGin,BLBminus,No_ligand,5,5,5,5,5,5
5CF4A,5CF4,A,994,1022,1024,4.193319238931834,29,31,JAK2,TYR_JAK2-2_HUMAN,DFGin,ABAminus,Type1,5,5,5,5,5,5
5CF4B,5CF4,B,994,1022,1024,4.183626671604995,29,31,JAK2,TYR_JAK2-2_HUMAN,DFGin,ABAminus,Type1,5,5,5,5,5,5
5CF5A,5CF5,A,994,1022,1024,4.182475392614091,29,31,JAK2,TYR_JAK2-2_HUMAN,DFGin,ABAminus,Type1,5,5,5,5,5,5
5CF5B,5CF5,B,994,1022,1024,4.177752193298624,29,31,JAK2,TYR_JAK2-2_HUMAN,DFGin,ABAminus,Type1,5,5,5,5,5,5
5CF6A,5CF6,A,994,1022,1024,4.192551018108215,29,31,JAK2,TYR_JAK2-2_HUMAN,DFGin,ABAminus,Type1,5,5,5,5,5,5
5CF6B,5CF6,B,994,1022,1024,4.161109609405428,29,31,JAK2,TYR_JAK2-2_HUMAN,DFGin,ABAminus,Type1,5,5,5,5,5,5
5CF8A,5CF8,A,994,1022,1024,4.165475063010329,29,31,JAK2,TYR_JAK2-2_HUMAN,DFGin,ABAminus,Type1,5,5,5,5,5,5
5CF8B,5CF8,B,994,1022,1024,4.161601926632107,29,31,JAK2,TYR_JAK2-2_HUMAN,DFGin,ABAminus,Type1,5,5,5,5,5,5
5CKWA,5CKW,A,213,235,237,7.439746618633454,25,25,LPL0262,OTHER_LPL0262_LEGPL,DFGin,BLAminus,ATPlike,5,5,5,5,5,5
5CKWB,5CKW,B,213,235,237,7.436571247638323,25,25,LPL0262,OTHER_LPL0262_LEGPL,DFGin,BLAminus,ATPlike,5,5,5,5,5,5
5CLRA,5CLR,A,213,235,237,7.544216084064817,25,25,LPL0262,OTHER_LPL0262_LEGPL,DFGin,BLAminus,No_ligand,5,5,5,5,5,5
5CLRB,5CLR,B,213,235,237,7.590199980604259,25,25,LPL0262,OTHER_LPL0262_LEGPL,DFGin,BLAminus,No_ligand,5,5,5,5,5,5
5CXHA,5CXH,A,512,540,542,4.547977503222511,31,31,SYK,TYR_SYK_HUMAN,DFGin,BLAminus,Type1,5,5,5,5,5,5
5CXZA,5CXZ,A,512,540,542,4.5305137070311385,30,31,SYK,TYR_SYK_HUMAN,DFGin,BLAminus,Type1,5,5,5,5,5,5
5CY3A,5CY3,A,512,540,542,4.655312614196274,31,31,SYK,TYR_SYK_HUMAN,DFGin,BLAminus,Type1,5,5,5,5,5,5
5CYIA,5CYI,A,145,170,172,4.725354163228317,27,28,CDK2,CMGC_CDK2_HUMAN,DFGin,BLAminus,Type1,5,5,5,5,5,5
5CYIC,5CYI,C,145,170,172,4.747075772936119,27,28,CDK2,CMGC_CDK2_HUMAN,DFGin,BLAminus,Type1,5,5,5,5,5,5
5D7VA,5D7V,A,330,355,357,4.440542475666017,28,28,PTK6,TYR_PTK6_HUMAN,DFGin,BLBplus,No_ligand,5,5,5,5,5,5
5D7VB,5D7V,B,330,355,357,4.438895603398209,28,28,PTK6,TYR_PTK6_HUMAN,DFGin,BLBplus,No_ligand,5,5,5,5,5,5
5D7VC,5D7V,C,330,355,357,4.4294969555441215,28,28,PTK6,TYR_PTK6_HUMAN,DFGin,BLBplus,No_ligand,5,5,5,5,5,5
5D7VD,5D7V,D,330,355,357,4.409949443044799,28,28,PTK6,TYR_PTK6_HUMAN,DFGin,BLBplus,No_ligand,5,5,5,5,5,5
5D9HA,5D9H,A,222,252,254,4.734004522534071,26,33,STK39,STE_STK39_MOUSE,DFGin,BLBtrans,ATPlike,5,5,5,5,5,5
5D9HB,5D9H,B,222,252,254,4.74381377570195,26,33,STK39,STE_STK39_MOUSE,DFGin,BLBtrans,ATPlike,5,5,5,5,5,5
5DA3A,5DA3,A,330,355,357,4.370410712989446,28,28,PTK6,TYR_PTK6_HUMAN,DFGin,BLBplus,Type1,5,5,5,5,5,5
5DEWA,5DEW,A,407,432,434,4.840750202836792,28,28,PAK1,STE_PAK1_HUMAN,DFGin,BLAminus,Type1,5,5,5,5,5,5
5DEWB,5DEW,B,407,432,434,4.849737037465827,21,28,PAK1,STE_PAK1_HUMAN,DFGin,BLBplus,Type1,5,5,5,5,5,5
5DEYA,5DEY,A,407,432,434,4.8502695152143644,28,28,PAK1,STE_PAK1_HUMAN,DFGin,BLAminus,Type1.5_Back,5,5,5,5,5,5
5DEYB,5DEY,B,407,432,434,4.8650465467611586,21,28,PAK1,STE_PAK1_HUMAN,DFGin,None,Type1,5,5,5,5,5,5
5DFPA,5DFP,A,407,432,434,4.913707573685342,27,28,PAK1,STE_PAK1_HUMAN,DFGin,BLAminus,Type1.5_Front,5,5,5,5,5,5
5DH3B,5DH3,B,164,189,191,4.762572487080962,26,28,STK3,STE_STK3_HUMAN,DFGin,ABAminus,Type1,5,5,5,5,5,5
5DH3A,5DH3,A,164,189,191,4.828480280496749,26,28,STK3,STE_STK3_HUMAN,DFGin,BLAminus,Type1,5,5,5,5,5,5
5DI1B,5DI1,B,171,196,198,3.960465313725992,28,28,MAP4K4,STE_MAP4K4_HUMAN,DFGout,None,No_ligand,5,5,5,5,5,5
5DLSA,5DLS,A,148,175,177,5.123086217715953,30,30,CHEK1,CAMK_CHEK1_HUMAN,DFGin,BLAminus,Type1,5,5,5,5,5,5
5DRBA,5DRB,A,368,391,393,6.601750159468922,26,26,WNK1,OTHER_WNK1_RAT,DFGin,BLBtrans,Type1.5_Front,5,5,5,5,5,5
5DVRA,5DVR,A,195,219,221,7.518816812123412,26,27,CDPK1,CAMK_CDPK1_TOXGO,None,None,Type1,5,5,5,5,5,5
5DYKA,5DYK,A,682,704,706,4.6574524948073925,25,25,PKG,AGC_PKG_PLAF7,DFGin,BLAminus,No_ligand,5,5,5,5,5,5
5DYLA,5DYL,A,675,697,699,4.644855024998578,25,25,PKG,AGC_PKG_PLAVS,DFGin,BLAminus,No_ligand,5,5,5,5,5,5
5DZCA,5DZC,A,675,697,699,4.629745298488775,25,25,PKG,AGC_PKG_PLAVS,DFGin,BLAminus,ATPlike,5,5,5,5,5,5
5E1EB,5E1E,B,1021,1049,1051,4.211751158439623,29,31,JAK1,TYR_JAK1-2_HUMAN,DFGin,ABAminus,Type1,5,5,5,5,5,5
5E1EA,5E1E,A,1021,1049,1051,4.2239843752945925,29,31,JAK1,TYR_JAK1-2_HUMAN,DFGin,BLAminus,Type1,5,5,5,5,5,5
5E8SA,5E8S,A,351,380,382,8.277126410915805,32,32,TGFBR1,TKL_TGFBR1_HUMAN,DFGin,BLAminus,No_ligand,5,5,5,5,5,5
5E8TA,5E8T,A,351,380,382,8.313087687631317,32,32,TGFBR1,TKL_TGFBR1_HUMAN,DFGin,BLAminus,No_ligand,5,5,5,5,5,5
5E8UA,5E8U,A,351,380,382,8.33486514534628,32,32,TGFBR1,TKL_TGFBR1_HUMAN,DFGin,BLAminus,No_ligand,5,5,5,5,5,5
5E8VA,5E8V,A,397,426,428,8.088370666482417,32,32,TGFBR2,TKL_TGFBR2_HUMAN,DFGin,BLAminus,No_ligand,5,5,5,5,5,5
5E8WA,5E8W,A,351,380,382,8.362477465208976,32,32,TGFBR1,TKL_TGFBR1_HUMAN,DFGin,BLAminus,Type1,5,5,5,5,5,5
5E8XA,5E8X,A,351,380,382,8.375162899042635,32,32,TGFBR1,TKL_TGFBR1_HUMAN,DFGin,BLAminus,Type1,5,5,5,5,5,5
5E8YA,5E8Y,A,397,426,428,8.126287440595117,32,32,TGFBR2,TKL_TGFBR2_HUMAN,DFGin,ABAminus,Type1,5,5,5,5,5,5
5E8ZA,5E8Z,A,351,380,382,8.28074071085577,32,32,TGFBR1,TKL_TGFBR1_HUMAN,DFGin,BLAminus,Type1,5,5,5,5,5,5
5E90A,5E90,A,351,380,382,8.307765595523085,32,32,TGFBR1,TKL_TGFBR1_HUMAN,DFGin,BLAminus,Type1,5,5,5,5,5,5
5E91A,5E91,A,397,426,428,8.1095955681799,32,32,TGFBR2,TKL_TGFBR2_HUMAN,DFGin,BLAminus,Type1,5,5,5,5,5,5
5E92A,5E92,A,397,426,428,8.173824499202683,32,32,TGFBR2,TKL_TGFBR2_HUMAN,DFGin,BLAminus,ATPlike,5,5,5,5,5,5
5EBZA,5EBZ,A,165,189,191,6.646973493224533,27,27,CHUK,OTHER_CHUK_HUMAN,DFGin,BLAminus,Type1,5,5,5,5,5,5
5EBZB,5EBZ,B,165,189,191,6.66957921080808,27,27,CHUK,OTHER_CHUK_HUMAN,DFGin,BLAminus,Type1,5,5,5,5,5,5
5EBZC,5EBZ,C,165,189,191,6.658006497758428,27,27,CHUK,OTHER_CHUK_HUMAN,DFGin,BLAminus,Type1,5,5,5,5,5,5
5EBZD,5EBZ,D,165,189,191,6.625782412920562,27,27,CHUK,OTHER_CHUK_HUMAN,DFGin,BLAminus,Type1,5,5,5,5,5,5
5EBZE,5EBZ,E,165,189,191,6.701394646172961,27,27,CHUK,OTHER_CHUK_HUMAN,DFGin,BLAminus,Type1,5,5,5,5,5,5
5EBZF,5EBZ,F,165,189,191,6.6530028213055505,27,27,CHUK,OTHER_CHUK_HUMAN,DFGin,BLAminus,Type1,5,5,5,5,5,5
5EBZG,5EBZ,G,165,189,191,6.662409826101438,27,27,CHUK,OTHER_CHUK_HUMAN,DFGin,BLAminus,Type1,5,5,5,5,5,5
5EBZH,5EBZ,H,165,189,191,6.6766503695003925,27,27,CHUK,OTHER_CHUK_HUMAN,DFGin,BLAminus,Type1,5,5,5,5,5,5
5EBZI,5EBZ,I,165,189,191,6.654328553429135,27,27,CHUK,OTHER_CHUK_HUMAN,DFGin,BLAminus,Type1,5,5,5,5,5,5
5EBZJ,5EBZ,J,165,189,191,6.643087714586302,27,27,CHUK,OTHER_CHUK_HUMAN,DFGin,BLAminus,Type1,5,5,5,5,5,5
5EBZK,5EBZ,K,165,189,191,6.687010018300905,27,27,CHUK,OTHER_CHUK_HUMAN,DFGin,BLAminus,Type1,5,5,5,5,5,5
5EBZL,5EBZ,L,165,189,191,6.697934550058065,27,27,CHUK,OTHER_CHUK_HUMAN,DFGin,BLAminus,Type1,5,5,5,5,5,5
5EG3A,5EG3,A,644,671,673,4.340687303733995,30,30,FGFR2,TYR_FGFR2_HUMAN,DFGin,BLAminus,ATPlike,5,5,5,5,5,5
5EK7A,5EK7,A,757,785,787,4.401205752445146,31,31,EPHA2,TYR_EPHA2_HUMAN,DFGin,BLAminus,No_ligand,5,5,5,5,5,5
5EK7B,5EK7,B,757,785,787,4.396993549402779,31,31,EPHA2,TYR_EPHA2_HUMAN,DFGin,BLAminus,No_ligand,5,5,5,5,5,5
5ETCA,5ETC,A,168,190,192,4.6683886750753025,25,25,MAPK14,CMGC_MAPK14_HUMAN,DFGin,None,No_ligand,5,5,5,5,5,5
5ETIA,5ETI,A,168,190,192,4.633599119042028,25,25,MAPK14,CMGC_MAPK14_HUMAN,DFGin,BLBplus,No_ligand,5,5,5,5,5,5
5EW8A,5EW8,A,641,668,670,4.394345498352765,30,30,FGFR1,TYR_FGFR1_HUMAN,DFGin,BLAplus,Type1.5_Back,5,5,5,5,5,5
5EW8B,5EW8,B,641,668,670,4.41103385126449,28,30,FGFR1,TYR_FGFR1_HUMAN,DFGin,BLAplus,Type1.5_Back,5,5,5,5,5,5
5EYMA,5EYM,A,208,231,233,6.904565396389766,20,26,MAP2K1,STE_MAP2K1_HUMAN,DFGin,BLBplus,Type1,5,5,5,5,5,5
5EYMB,5EYM,B,208,231,233,6.873784456305102,20,26,MAP2K1,STE_MAP2K1_HUMAN,DFGin,BLBplus,Type1,5,5,5,5,5,5
5EZRA,5EZR,A,675,697,699,4.631610972623947,25,25,PKG,AGC_PKG_PLAVS,DFGin,BLAminus,Type1.5_Back,5,5,5,5,5,5
5EZVA,5EZV,A,157,181,183,4.370655493347243,26,27,PRKAA2,CAMK_PRKAA2_HUMAN,DFGin,None,"Type1,Allosteric",5,5,5,5,5,5
5EZVC,5EZV,C,157,181,183,4.37504102622067,26,27,PRKAA2,CAMK_PRKAA2_HUMAN,DFGin,None,"Type1,Allosteric",5,5,5,5,5,5
5F0AA,5F0A,A,675,697,699,4.640463798460486,25,25,PKG,AGC_PKG_PLAVS,DFGin,BLAminus,Type1,5,5,5,5,5,5
5F1ZA,5F1Z,A,1041,1069,1071,4.19361747719808,31,31,TYK2,TYR_TYK2-2_HUMAN,DFGin,BLAminus,Type1,5,5,5,5,5,5
5F20A,5F20,A,1041,1069,1071,4.157941870617878,31,31,TYK2,TYR_TYK2-2_HUMAN,DFGin,BLAminus,Type1,5,5,5,5,5,5
5F4NA,5F4N,A,148,175,177,5.170727353386028,30,30,CHEK1,CAMK_CHEK1_HUMAN,DFGin,BLAminus,"Type1,Allosteric",5,5,5,5,5,5
5F94A,5F94,A,200,224,226,5.511538007278825,27,27,GSK3B,CMGC_GSK3B_HUMAN,DFGin,BLAminus,Type1,5,5,5,5,5,5
5F94B,5F94,B,200,224,226,5.488583311045175,27,27,GSK3B,CMGC_GSK3B_HUMAN,DFGin,BLAminus,Type1,5,5,5,5,5,5
5F95A,5F95,A,200,224,226,5.5193659667672,27,27,GSK3B,CMGC_GSK3B_HUMAN,DFGin,BLAminus,Type1,5,5,5,5,5,5
5F95B,5F95,B,200,224,226,5.501901201178535,27,27,GSK3B,CMGC_GSK3B_HUMAN,DFGin,BLAminus,Type1,5,5,5,5,5,5
5F9EA,5F9E,A,522,547,549,4.950012550789259,28,28,PRKCQ,AGC_PRKCQ_HUMAN,DFGin,BLAminus,Type1,5,5,5,5,5,5
5F9EB,5F9E,B,522,547,549,4.917549916551896,28,28,PRKCQ,AGC_PRKCQ_HUMAN,DFGin,BLAminus,Type1,5,5,5,5,5,5
5FD2A,5FD2,A,594,621,623,1.3988330090773704,21,30,BRAF,TKL_BRAF_HUMAN,DFGin,BLAplus,Type1.5_Back,5,5,5,5,5,5
5FETA,5FET,A,675,697,699,4.665117622430828,25,25,PKG,AGC_PKG_PLAVS,DFGin,ABAminus,Type1,5,5,5,5,5,5
5FG8A,5FG8,A,157,182,184,7.006604628037299,28,28,CAMKII,CAMK_CAMKII_DROME,DFGin,BLAminus,ATPlike,5,5,5,5,5,5
5FLFA,5FLF,A,641,668,670,4.190230617787525,30,30,FGFR1,TYR_FGFR1_HUMAN,DFGin,BLAminus,No_ligand,5,5,5,5,5,5
5FLFB,5FLF,B,641,668,670,4.195630583380536,30,30,FGFR1,TYR_FGFR1_HUMAN,DFGin,BLAminus,No_ligand,5,5,5,5,5,5
5FLFC,5FLF,C,641,668,670,4.187701447892365,30,30,FGFR1,TYR_FGFR1_HUMAN,DFGin,BLAminus,No_ligand,5,5,5,5,5,5
5FLFD,5FLF,D,641,668,670,4.192956325418121,30,30,FGFR1,TYR_FGFR1_HUMAN,DFGin,BLAminus,No_ligand,5,5,5,5,5,5
5FRIA,5FRI,A,351,380,382,8.299762188231789,32,32,TGFBR1,TKL_TGFBR1_HUMAN,DFGin,BLAminus,Type1,5,5,5,5,5,5
5FWKK,5FWK,K,158,182,184,5.736622504174862,27,27,CDK4,CMGC_CDK4_HUMAN,None,None,No_ligand,5,5,5,5,5,5
5FWLK,5FWL,K,158,182,184,5.707127114908001,27,27,CDK4,CMGC_CDK4_HUMAN,None,None,No_ligand,5,5,5,5,5,5
5FWMK,5FWM,K,158,182,184,5.718194629059494,27,27,CDK4,CMGC_CDK4_HUMAN,None,None,No_ligand,5,5,5,5,5,5
5FWPK,5FWP,K,158,182,184,5.7229323395061895,27,27,CDK4,CMGC_CDK4_HUMAN,None,None,No_ligand,5,5,5,5,5,5
5FXQA,5FXQ,A,1153,1180,1182,4.60491849733016,27,30,IGF1R,TYR_IGF1R_HUMAN,DFGin,None,Type1,5,5,5,5,5,5
5FXRA,5FXR,A,1153,1180,1182,4.593185682921125,27,30,IGF1R,TYR_IGF1R_HUMAN,DFGin,None,Type1,5,5,5,5,5,5
5FXSA,5FXS,A,1153,1180,1182,4.597933548531547,30,30,IGF1R,TYR_IGF1R_HUMAN,DFGin,None,Type1,5,5,5,5,5,5
5GHVA,5GHV,A,512,540,542,4.576284187314867,27,31,SYK,TYR_SYK_HUMAN,DFGin,BLAminus,Type1,5,5,5,5,5,5
5GHVB,5GHV,B,512,540,542,4.594871828573948,27,31,SYK,TYR_SYK_HUMAN,DFGin,BLAminus,Type1,5,5,5,5,5,5
5GJFA,5GJF,A,175,197,199,5.9749126189466715,25,25,MAP3K7,TKL_MAP3K7_HUMAN,DFGout,None,Type2,5,5,5,5,5,5
5GRNA,5GRN,A,836,863,865,4.31953822206587,30,30,PDGFRA,TYR_PDGFRA_HUMAN,DFGout,BBAminus,Type2,5,5,5,5,5,5
5H09A,5H09,A,404,430,432,4.408857479959274,29,29,HCK,TYR_HCK_HUMAN,DFGin,BLBplus,Type1.5_Back,5,5,5,5,5,5
5H0BA,5H0B,A,404,430,432,4.416353180525906,29,29,HCK,TYR_HCK_HUMAN,DFGin,BLBplus,Type1.5_Back,5,5,5,5,5,5
5H0EA,5H0E,A,404,430,432,4.399471401577853,29,29,HCK,TYR_HCK_HUMAN,DFGin,BLBplus,Type1.5_Back,5,5,5,5,5,5
5H0GA,5H0G,A,404,430,432,4.405196982250068,29,29,HCK,TYR_HCK_HUMAN,DFGin,BLBplus,Type1,5,5,5,5,5,5
5H0HA,5H0H,A,404,430,432,4.4041802678483615,29,29,HCK,TYR_HCK_HUMAN,DFGin,BLBplus,Type1.5_Back,5,5,5,5,5,5
5H2UA,5H2U,A,330,355,357,4.414029841519799,28,28,PTK6,TYR_PTK6_HUMAN,DFGin,BLBplus,Type1,5,5,5,5,5,5
5H2UB,5H2U,B,330,355,357,4.407079292256635,28,28,PTK6,TYR_PTK6_HUMAN,DFGin,BLBplus,Type1,5,5,5,5,5,5
5H2UC,5H2U,C,330,355,357,4.392567340857628,28,28,PTK6,TYR_PTK6_HUMAN,DFGin,BLBplus,Type1,5,5,5,5,5,5
5H2UD,5H2U,D,330,355,357,4.3874041926969225,28,28,PTK6,TYR_PTK6_HUMAN,DFGin,BLBplus,Type1,5,5,5,5,5,5
5H9BA,5H9B,A,157,182,184,6.992900672169513,28,28,CAMKII,CAMK_CAMKII_DROME,DFGin,BLAminus,ATPlike,5,5,5,5,5,5
5HD4A,5HD4,A,165,193,195,4.840507127727665,31,31,MAPK1,CMGC_MAPK1_RAT,DFGin,BLAminus,Type1.5_Front,5,5,5,5,5,5
5HE0A,5HE0,A,335,358,360,3.946844208972616,26,26,GRK2,AGC_GRK2_BOVIN,DFGin,BLAminus,Type1,5,5,5,5,5,5
5HE1A,5HE1,A,335,358,360,3.907737293033958,26,26,GRK2,AGC_GRK2_HUMAN,DFGin,BLAminus,Type1,5,5,5,5,5,5
5HE2A,5HE2,A,335,358,360,3.9090372654199483,26,26,GRK2,AGC_GRK2_BOVIN,DFGin,BLAminus,Type1,5,5,5,5,5,5
5HE3A,5HE3,A,335,358,360,3.9558486454211503,26,26,GRK2,AGC_GRK2_BOVIN,DFGin,BLAminus,Type1,5,5,5,5,5,5
5HESA,5HES,A,151,174,176,5.460845468200078,19,26,MAP3K20,TKL_MAP3K20_HUMAN,DFGin,BLAplus,Type1.5_Back,5,5,5,5,5,5
5HEZA,5HEZ,A,994,1022,1024,5.013770260214156,29,31,JAK2,TYR_JAK2-2_HUMAN,DFGin,ABAminus,"Allosteric,Type1",5,5,5,5,5,5
5HEZB,5HEZ,B,994,1022,1024,4.908445434650328,29,31,JAK2,TYR_JAK2-2_HUMAN,DFGin,ABAminus,"Allosteric,Type1",5,5,5,5,5,5
5HEZD,5HEZ,D,994,1022,1024,4.85580658672144,29,31,JAK2,TYR_JAK2-2_HUMAN,DFGin,ABAminus,"Allosteric,Type1",5,5,5,5,5,5
5HEZC,5HEZ,C,994,1022,1024,4.961804574470729,29,31,JAK2,TYR_JAK2-2_HUMAN,DFGin,ABAminus,"Type1,Allosteric",5,5,5,5,5,5
5HGIA,5HGI,A,711,739,741,7.191484858593734,31,31,ERN1,OTHER_ERN1_HUMAN,DFGin,BLAminus,No_ligand,5,5,5,5,5,5
5HHWA,5HHW,A,1177,1204,1206,4.598778605183326,30,30,INSR,TYR_INSR_HUMAN,DFGin,None,Type1.5_Front,5,5,5,5,5,5
5HIDB,5HID,B,594,621,623,1.2263003999519548,30,30,BRAF,TKL_BRAF_HUMAN,DFGout,BBAminus,Type2,5,5,5,5,5,5
5HLNA,5HLN,A,200,224,226,5.365935110940068,26,27,GSK3B,CMGC_GSK3B_HUMAN,DFGin,BLAminus,Type1,5,5,5,5,5,5
5HLNB,5HLN,B,200,224,226,5.321212277804444,26,27,GSK3B,CMGC_GSK3B_HUMAN,DFGin,BLAminus,Type1,5,5,5,5,5,5
5HLPA,5HLP,A,200,224,226,5.549513885383908,26,27,GSK3B,CMGC_GSK3B_HUMAN,DFGin,BLAminus,Type1,5,5,5,5,5,5
5HLPB,5HLP,B,200,224,226,5.532717584250528,26,27,GSK3B,CMGC_GSK3B_HUMAN,DFGin,BLAminus,Type1,5,5,5,5,5,5
5HNGA,5HNG,A,223,250,252,4.902542709821556,21,30,PDPK1,AGC_PDPK1_HUMAN,DFGin,BLAminus,Type1,5,5,5,5,5,5
5HNVA,5HNV,A,183,266,268,8.525957286249458,81,86,None,OTHER_None_SERSF,DFGin,ABAminus,ATPlike,5,5,5,5,5,5
5HO7A,5HO7,A,223,250,252,4.899177500844042,21,30,PDPK1,AGC_PDPK1_HUMAN,DFGin,BLAminus,Type1,5,5,5,5,5,5
5HQ0A,5HQ0,A,146,171,173,4.567003152461284,28,28,CDK1,CMGC_CDK1_HUMAN,DFGin,BLAminus,Type1,5,5,5,5,5,5
5HU3A,5HU3,A,157,182,184,7.013326398414623,28,28,CAMKII,CAMK_CAMKII_DROME,DFGin,BLAminus,ATPlike,5,5,5,5,5,5
5HU9A,5HU9,A,381,407,409,4.351147305194282,24,29,ABL1,TYR_ABL1_HUMAN,DFGout,BBAminus,"Type2,Allosteric",5,5,5,5,5,5
5HVUA,5HVU,A,216,242,244,2.7556210486363772,29,29,ROCK1,AGC_ROCK1_HUMAN,DFGin,BLAminus,Type1.5_Front,5,5,5,5,5,5
5HVUB,5HVU,B,216,242,244,2.934640433845229,25,29,ROCK1,AGC_ROCK1_HUMAN,DFGin,BLAminus,Type1.5_Front,5,5,5,5,5,5
5HX6B,5HX6,B,156,194,196,3.045205822078219,29,41,RIPK1,TKL_RIPK1_HUMAN,DFGout,BBAminus,Type1,5,5,5,5,5,5
5HX8A,5HX8,A,1021,1049,1051,4.243967153874085,29,31,JAK1,TYR_JAK1-2_HUMAN,DFGin,ABAminus,Type1,5,5,5,5,5,5
5HX8B,5HX8,B,1021,1049,1051,4.223666298753314,29,31,JAK1,TYR_JAK1-2_HUMAN,DFGin,ABAminus,Type1,5,5,5,5,5,5
5HZEA,5HZE,A,208,231,233,6.926029704397494,26,26,MAP2K1,STE_MAP2K1_HUMAN,DFGout,None,Type1,5,5,5,5,5,5
5HZNA,5HZN,A,1150,1177,1179,4.545592233941094,30,30,IGF1R,TYR_IGF1R_HUMAN,DFGin,None,Type1.5_Front,5,5,5,5,5,5
5HZNB,5HZN,B,1150,1177,1179,4.5399405079675095,30,30,IGF1R,TYR_IGF1R_HUMAN,DFGin,None,Type1.5_Front,5,5,5,5,5,5
5HZNC,5HZN,C,1150,1177,1179,4.559629804669427,30,30,IGF1R,TYR_IGF1R_HUMAN,DFGin,None,Type1.5_Front,5,5,5,5,5,5
5HZND,5HZN,D,1150,1177,1179,4.510464010882973,30,30,IGF1R,TYR_IGF1R_HUMAN,DFGin,None,Type1.5_Front,5,5,5,5,5,5
5HZNE,5HZN,E,1150,1177,1179,4.5455522243022894,30,30,IGF1R,TYR_IGF1R_HUMAN,DFGin,None,Type1.5_Front,5,5,5,5,5,5
5HZNF,5HZN,F,1150,1177,1179,4.538310637799552,30,30,IGF1R,TYR_IGF1R_HUMAN,DFGin,None,Type1.5_Front,5,5,5,5,5,5
5HZNG,5HZN,G,1150,1177,1179,4.560579268290651,30,30,IGF1R,TYR_IGF1R_HUMAN,DFGin,None,Type1.5_Front,5,5,5,5,5,5
5HZNH,5HZN,H,1150,1177,1179,4.511809962505277,30,30,IGF1R,TYR_IGF1R_HUMAN,DFGin,None,Type1.5_Front,5,5,5,5,5,5
5I0BA,5I0B,A,458,483,485,4.877283783468156,27,28,PAK4,STE_PAK4_HUMAN,DFGin,BLAminus,Type1,5,5,5,5,5,5
5I3OA,5I3O,A,198,231,233,4.510740423008602,36,36,BMP2K,OTHER_BMP2K_HUMAN,DFGin,ABAminus,Type1,5,5,5,5,5,5
5I3OB,5I3O,B,198,231,233,4.531563894068662,36,36,BMP2K,OTHER_BMP2K_HUMAN,DFGin,ABAminus,Type1,5,5,5,5,5,5
5I3RA,5I3R,A,198,231,233,4.494737318137995,36,36,BMP2K,OTHER_BMP2K_HUMAN,DFGin,ABAminus,Type1,5,5,5,5,5,5
5I3RB,5I3R,B,198,231,233,4.516605498805221,36,36,BMP2K,OTHER_BMP2K_HUMAN,DFGin,ABAminus,Type1,5,5,5,5,5,5
5I9XA,5I9X,A,757,785,787,4.489844073390103,27,31,EPHA2,TYR_EPHA2_HUMAN,DFGin,BLBminus,Type1,5,5,5,5,5,5
5I9YA,5I9Y,A,757,785,787,4.487041538534757,24,31,EPHA2,TYR_EPHA2_HUMAN,DFGin,BLBminus,Type1,5,5,5,5,5,5
5IA2A,5IA2,A,757,785,787,4.479020135005603,31,31,EPHA2,TYR_EPHA2_HUMAN,DFGin,BLBminus,Type1.5_Back,5,5,5,5,5,5
5IA4A,5IA4,A,757,785,787,4.386120129685306,31,31,EPHA2,TYR_EPHA2_HUMAN,DFGout,None,Type2,5,5,5,5,5,5
5IA5A,5IA5,A,757,785,787,4.401404829289814,31,31,EPHA2,TYR_EPHA2_HUMAN,DFGout,None,Type2,5,5,5,5,5,5
5IEXA,5IEX,A,145,170,172,4.731133189211288,20,28,CDK2,CMGC_CDK2_HUMAN,None,None,Type1,5,5,5,5,5,5
5IEYA,5IEY,A,145,170,172,4.7340040643036225,21,28,CDK2,CMGC_CDK2_HUMAN,DFGin,BLBtrans,Type1,5,5,5,5,5,5
5IF1A,5IF1,A,145,170,172,4.693032741176731,28,28,CDK2,CMGC_CDK2_HUMAN,DFGin,BLAminus,No_ligand,5,5,5,5,5,5
5IF1C,5IF1,C,145,170,172,4.764469604611157,28,28,CDK2,CMGC_CDK2_HUMAN,DFGin,BLAminus,No_ligand,5,5,5,5,5,5
5IG1A,5IG1,A,161,185,187,7.091569611948951,27,27,CAMKII,CAMK_CAMKII_SALR5,DFGin,BLAminus,No_ligand,5,5,5,5,5,5
5IG1B,5IG1,B,161,185,187,7.048784541862377,27,27,CAMKII,CAMK_CAMKII_SALR5,DFGin,BLAminus,No_ligand,5,5,5,5,5,5
5IKWA,5IKW,A,198,231,233,4.491860928945739,36,36,BMP2K,OTHER_BMP2K_HUMAN,DFGin,ABAminus,Type1,5,5,5,5,5,5
5IMEA,5IME,A,407,432,434,4.850732919880578,28,28,PAK1,STE_PAK1_HUMAN,DFGin,BLAminus,Type1.5_Back,5,5,5,5,5,5
5ISOA,5ISO,A,157,181,183,4.31330207598552,27,27,PRKAA2,CAMK_PRKAA2_HUMAN,DFGin,ABAminus,"Type1,Allosteric",5,5,5,5,5,5
5ISOC,5ISO,C,157,181,183,4.358356593008035,27,27,PRKAA2,CAMK_PRKAA2_HUMAN,DFGin,ABAminus,"Type1,Allosteric",5,5,5,5,5,5
5IU2A,5IU2,A,270,295,297,4.64327100162292,28,28,MAP3K8,STE_MAP3K8_HUMAN,DFGin,BLAminus,Type1,5,5,5,5,5,5
5IU2B,5IU2,B,270,295,297,4.636957653470242,28,28,MAP3K8,STE_MAP3K8_HUMAN,DFGin,BLAminus,Type1,5,5,5,5,5,5
5IZFA,5IZF,A,184,206,208,4.868231435404774,24,25,PRKACA,AGC_PRKACA_HUMAN,DFGin,BLAminus,No_ligand,5,5,5,5,5,5
5IZJA,5IZJ,A,184,206,208,4.89674631142877,24,25,PRKACA,AGC_PRKACA_HUMAN,DFGin,BLAminus,Allosteric,5,5,5,5,5,5
5IZJB,5IZJ,B,184,206,208,4.895103884024265,24,25,PRKACA,AGC_PRKACA_HUMAN,DFGin,BLAminus,Allosteric,5,5,5,5,5,5
5J5TA,5J5T,A,154,179,181,3.298758369499522,25,28,MAP4K3,STE_MAP4K3_HUMAN,DFGin,BLAminus,Type1,5,5,5,5,5,5
5J5XA,5J5X,A,184,206,208,4.820121571817637,24,25,PRKACA,AGC_PRKACA_HUMAN,DFGin,BLAminus,Allosteric,5,5,5,5,5,5
5J95B,5J95,B,171,196,198,3.9788042122740657,28,28,MAP4K4,STE_MAP4K4_HUMAN,DFGout,None,No_ligand,5,5,5,5,5,5
5JMSA,5JMS,A,195,219,221,7.552511438422351,27,27,CDPK1,CAMK_CDPK1_TOXGO,None,None,Type1,5,5,5,5,5,5
5JN2A,5JN2,A,195,219,221,7.575982294491119,27,27,CDPK1,CAMK_CDPK1_TOXGO,None,None,Type1,5,5,5,5,5,5
5JQ5A,5JQ5,A,145,170,172,4.749843152259616,28,28,CDK2,CMGC_CDK2_HUMAN,None,None,Type1,5,5,5,5,5,5
5JR7A,5JR7,A,184,206,208,4.899905776613369,24,25,PRKACA,AGC_PRKACA_MOUSE,DFGin,BLAminus,ATPlike,5,5,5,5,5,5
5JR7C,5JR7,C,184,206,208,4.930140722542824,24,25,PRKACA,AGC_PRKACA_MOUSE,DFGin,BLAminus,ATPlike,5,5,5,5,5,5
5JZJA,5JZJ,A,533,555,557,7.68742939810808,25,25,DCLK1,CAMK_DCLK1_HUMAN,DFGin,BLAminus,ATPlike,5,5,5,5,5,5
5JZJB,5JZJ,B,533,555,557,7.674720245362185,25,25,DCLK1,CAMK_DCLK1_HUMAN,DFGin,BLAminus,ATPlike,5,5,5,5,5,5
5JZNA,5JZN,A,533,555,557,7.778178265852984,25,25,DCLK1,CAMK_DCLK1_HUMAN,DFGin,BLAminus,Type1,5,5,5,5,5,5
5JZNB,5JZN,B,533,555,557,7.691671124600084,25,25,DCLK1,CAMK_DCLK1_HUMAN,DFGin,BLAminus,Type1,5,5,5,5,5,5
5K5NA,5K5N,A,200,224,226,5.578145139746586,26,27,GSK3B,CMGC_GSK3B_HUMAN,DFGin,BLAminus,Type1,5,5,5,5,5,5
5K5NB,5K5N,B,200,224,226,5.497373453861558,26,27,GSK3B,CMGC_GSK3B_HUMAN,DFGin,BLAminus,Type1,5,5,5,5,5,5
5K5XA,5K5X,A,836,863,865,4.350876380693738,30,30,PDGFRA,TYR_PDGFRA_HUMAN,DFGout,None,No_ligand,5,5,5,5,5,5
5K72A,5K72,A,329,356,358,5.53872382477453,21,30,IRAK4,TKL_IRAK4_HUMAN,DFGin,BLAminus,Type1,5,5,5,5,5,5
5K72C,5K72,C,329,356,358,5.47237417985987,21,30,IRAK4,TKL_IRAK4_HUMAN,DFGin,BLAminus,Type1,5,5,5,5,5,5
5K72D,5K72,D,329,356,358,5.519050998909059,21,30,IRAK4,TKL_IRAK4_HUMAN,DFGin,BLAminus,Type1,5,5,5,5,5,5
5K75B,5K75,B,329,356,358,5.53265563290589,22,30,IRAK4,TKL_IRAK4_HUMAN,DFGin,BLAminus,Type1,5,5,5,5,5,5
5K75C,5K75,C,329,356,358,5.500308689721953,22,30,IRAK4,TKL_IRAK4_HUMAN,DFGin,BLAminus,Type1,5,5,5,5,5,5
5K75D,5K75,D,329,356,358,5.490849707482094,23,30,IRAK4,TKL_IRAK4_HUMAN,DFGin,BLAminus,Type1,5,5,5,5,5,5
5K76A,5K76,A,329,356,358,5.563215645185621,22,30,IRAK4,TKL_IRAK4_HUMAN,DFGin,BLAminus,Type1,5,5,5,5,5,5
5K76B,5K76,B,329,356,358,5.548896881493322,21,30,IRAK4,TKL_IRAK4_HUMAN,DFGin,BLAminus,Type1,5,5,5,5,5,5
5K7GA,5K7G,A,329,356,358,5.513407284935233,21,30,IRAK4,TKL_IRAK4_HUMAN,DFGin,BLAminus,Type1,5,5,5,5,5,5
5K7GC,5K7G,C,329,356,358,5.392947155609881,21,30,IRAK4,TKL_IRAK4_HUMAN,DFGin,BLAminus,Type1,5,5,5,5,5,5
5K7GD,5K7G,D,329,356,358,5.4584135091490396,21,30,IRAK4,TKL_IRAK4_HUMAN,DFGin,BLAminus,Type1,5,5,5,5,5,5
5K7IA,5K7I,A,329,356,358,5.556857326326794,21,30,IRAK4,TKL_IRAK4_HUMAN,DFGin,BLAminus,Type1,5,5,5,5,5,5
5K7IB,5K7I,B,329,356,358,5.530379307440958,21,30,IRAK4,TKL_IRAK4_HUMAN,DFGin,BLAminus,Type1,5,5,5,5,5,5
5KBQA,5KBQ,A,407,432,434,4.880168468266702,28,28,PAK1,STE_PAK1_HUMAN,DFGin,BLAminus,Type1,5,5,5,5,5,5
5KBRA,5KBR,A,407,432,434,4.854175313463987,21,28,PAK1,STE_PAK1_HUMAN,DFGin,BLAminus,Type1,5,5,5,5,5,5
5KE0A,5KE0,A,165,193,195,4.820533595092964,31,31,MAPK1,CMGC_MAPK1_RAT,DFGin,BLAminus,Type1,5,5,5,5,5,5
5KHWA,5KHW,A,1021,1049,1051,4.2461774900291305,29,31,JAK1,TYR_JAK1-2_HUMAN,DFGin,ABAminus,ATPlike,5,5,5,5,5,5
5KHWB,5KHW,B,1021,1049,1051,4.199694786341841,29,31,JAK1,TYR_JAK1-2_HUMAN,DFGin,BLAminus,ATPlike,5,5,5,5,5,5
5KHXA,5KHX,A,1021,1049,1051,4.2231535957691015,29,31,JAK1,TYR_JAK1-2_HUMAN,DFGin,ABAminus,Type1,5,5,5,5,5,5
5KKRC,5KKR,C,208,231,233,6.838902647764725,26,26,MAP2K1,STE_MAP2K1_RABIT,DFGin,BLBplus,No_ligand,5,5,5,5,5,5
5KKRB,5KKR,B,803,833,835,7.01377051710473,28,33,KSR2,TKL_KSR2_HUMAN,DFGin,BLBplus,Type1.5_Back,5,5,5,5,5,5
5KKSA,5KKS,A,216,242,244,2.701254224407672,29,29,ROCK1,AGC_ROCK1_HUMAN,DFGin,BLAminus,Type1,5,5,5,5,5,5
5KKSB,5KKS,B,216,242,244,2.926035606175967,29,29,ROCK1,AGC_ROCK1_HUMAN,DFGin,BLAminus,Type1.5_Front,5,5,5,5,5,5
5KKTA,5KKT,A,216,242,244,2.7167104818600833,29,29,ROCK1,AGC_ROCK1_HUMAN,DFGin,BLAminus,Type1,5,5,5,5,5,5
5KKTB,5KKT,B,216,242,244,2.8938327882451325,29,29,ROCK1,AGC_ROCK1_HUMAN,DFGin,BLAminus,Type1.5_Front,5,5,5,5,5,5
5KPKA,5KPK,A,200,224,226,5.4622462554427145,26,27,GSK3B,CMGC_GSK3B_HUMAN,DFGin,BLAminus,Type1,5,5,5,5,5,5
5KPKB,5KPK,B,200,224,226,5.5083922534598075,26,27,GSK3B,CMGC_GSK3B_HUMAN,DFGin,BLAminus,Type1,5,5,5,5,5,5
5KPLA,5KPL,A,200,224,226,5.612645317879679,26,27,GSK3B,CMGC_GSK3B_HUMAN,DFGin,BLAminus,Type1,5,5,5,5,5,5
5KPLB,5KPL,B,200,224,226,5.5418984254037476,26,27,GSK3B,CMGC_GSK3B_HUMAN,DFGin,BLAminus,Type1,5,5,5,5,5,5
5KPMA,5KPM,A,200,224,226,5.538370950084006,26,27,GSK3B,CMGC_GSK3B_HUMAN,DFGin,BLAminus,Type1,5,5,5,5,5,5
5KPMB,5KPM,B,200,224,226,5.528708296944467,26,27,GSK3B,CMGC_GSK3B_HUMAN,DFGin,BLAminus,Type1,5,5,5,5,5,5
5KQ5A,5KQ5,A,157,181,183,4.283821803311988,26,27,PRKAA1,CAMK_PRKAA1_RAT,DFGin,None,"Type1,Allosteric",5,5,5,5,5,5
5KX7B,5KX7,B,329,356,358,5.504146583637589,23,30,IRAK4,TKL_IRAK4_HUMAN,DFGin,BLAminus,Type1,5,5,5,5,5,5
5KX7A,5KX7,A,329,356,358,5.517783352374756,23,30,IRAK4,TKL_IRAK4_HUMAN,None,None,No_ligand,5,5,5,5,5,5
5KX8A,5KX8,A,329,356,358,5.529029923851443,23,30,IRAK4,TKL_IRAK4_HUMAN,DFGin,BLAminus,Type1,5,5,5,5,5,5
5KX8B,5KX8,B,329,356,358,5.514590958577735,21,30,IRAK4,TKL_IRAK4_HUMAN,DFGin,BLAminus,Type1,5,5,5,5,5,5
5KX8C,5KX8,C,329,356,358,5.505157338324418,23,30,IRAK4,TKL_IRAK4_HUMAN,DFGin,BLAminus,Type1,5,5,5,5,5,5
5KX8D,5KX8,D,329,356,358,5.5078302606149805,22,30,IRAK4,TKL_IRAK4_HUMAN,DFGin,BLAminus,Type1,5,5,5,5,5,5
5L2WA,5L2W,A,145,170,172,4.719137409150839,27,28,CDK2,CMGC_CDK2_HUMAN,DFGin,BLAminus,Type1,5,5,5,5,5,5
5L3AA,5L3A,A,994,1022,1024,4.179672047927342,31,31,JAK2,TYR_JAK2-2_HUMAN,DFGin,BLAminus,Type1,5,5,5,5,5,5
5L4QA,5L4Q,A,194,227,229,3.4799929328669386,36,36,AAK1,OTHER_AAK1_HUMAN,DFGin,BLAminus,Type1,5,5,5,5,5,5
5L4QB,5L4Q,B,194,227,229,3.4821191088249623,36,36,AAK1,OTHER_AAK1_HUMAN,DFGin,BLAminus,Type1,5,5,5,5,5,5
5L6OA,5L6O,A,776,806,808,4.425804170897331,29,33,EPHB3,TYR_EPHB3_HUMAN,DFGin,None,Type1,5,5,5,5,5,5
5L6PA,5L6P,A,776,806,808,4.458597251645957,33,33,EPHB3,TYR_EPHB3_HUMAN,DFGin,None,Type1,5,5,5,5,5,5
5LARA,5LAR,A,168,190,192,4.5528832495314395,25,25,MAPK14,CMGC_MAPK14_MOUSE,DFGout,BBAminus,Type2,5,5,5,5,5,5
5LCJA,5LCJ,A,167,195,197,4.804695995171406,31,31,MAPK1,CMGC_MAPK1_HUMAN,DFGin,BLAminus,Type1,5,5,5,5,5,5
5LCKA,5LCK,A,167,195,197,4.838075823257048,31,31,MAPK1,CMGC_MAPK1_HUMAN,DFGin,BLAminus,Type1,5,5,5,5,5,5
5LCPA,5LCP,A,184,206,208,4.845049188064894,24,25,PRKACA,AGC_PRKACA_CRIGR,DFGin,ABAminus,Type1,5,5,5,5,5,5
5LCQA,5LCQ,A,184,206,208,4.8805797036415575,24,25,PRKACA,AGC_PRKACA_CRIGR,DFGin,BLAminus,Type1,5,5,5,5,5,5
5LCRA,5LCR,A,184,206,208,4.841221538985111,24,25,PRKACA,AGC_PRKACA_CRIGR,DFGin,ABAminus,Type1,5,5,5,5,5,5
5LCTA,5LCT,A,184,206,208,4.849990177280337,24,25,PRKACA,AGC_PRKACA_CRIGR,DFGin,ABAminus,Type1,5,5,5,5,5,5
5LCUA,5LCU,A,184,206,208,4.850937427378424,24,25,PRKACA,AGC_PRKACA_CRIGR,DFGin,ABAminus,Type1,5,5,5,5,5,5
5LI1A,5LI1,A,396,421,423,4.266209311441065,27,28,PRKCI,AGC_PRKCI_HUMAN,DFGin,BLAminus,ATPlike,5,5,5,5,5,5
5LI9A,5LI9,A,396,421,423,4.173282125059239,27,28,PRKCI,AGC_PRKCI_HUMAN,DFGin,BLAminus,ATPlike,5,5,5,5,5,5
5LIHA,5LIH,A,396,421,423,4.20617815521355,27,28,PRKCI,AGC_PRKCI_HUMAN,DFGin,BLAminus,ATPlike,5,5,5,5,5,5
5LIHB,5LIH,B,396,421,423,4.165582617582003,27,28,PRKCI,AGC_PRKCI_HUMAN,DFGin,BLAminus,ATPlike,5,5,5,5,5,5
5LMAA,5LMA,A,512,540,542,4.53279384905585,28,31,SYK,TYR_SYK_HUMAN,DFGin,BLAminus,Type1,5,5,5,5,5,5
5LMBA,5LMB,A,512,540,542,4.5698967067934895,30,31,SYK,TYR_SYK_HUMAN,DFGin,BLAminus,Type1,5,5,5,5,5,5
5LMBB,5LMB,B,512,540,542,4.619169853313056,25,31,SYK,TYR_SYK_HUMAN,DFGin,BLAminus,Type1,5,5,5,5,5,5
5LMKC,5LMK,C,145,170,172,4.6641878644154,27,28,CDK2,CMGC_CDK2_HUMAN,DFGin,BLAminus,Type1,5,5,5,5,5,5
5LMKA,5LMK,A,145,170,172,4.762349803534458,27,28,CDK2,CMGC_CDK2_HUMAN,DFGin,BLAminus,Type1,5,5,5,5,5,5
5LQFA,5LQF,A,146,171,173,4.646043909842766,23,28,CDK1,CMGC_CDK1_HUMAN,DFGin,BLAminus,Type1,5,5,5,5,5,5
5LQFD,5LQF,D,146,171,173,4.617026300251982,21,28,CDK1,CMGC_CDK1_HUMAN,DFGin,BLAminus,Type1,5,5,5,5,5,5
5LVLA,5LVL,A,223,250,252,4.9035621125088715,29,30,PDPK1,AGC_PDPK1_HUMAN,DFGin,BLAminus,Type1,5,5,5,5,5,5
5LVMA,5LVM,A,223,250,252,4.922175286832625,29,30,PDPK1,AGC_PDPK1_HUMAN,DFGin,BLAminus,Type1,5,5,5,5,5,5
5LVNA,5LVN,A,223,250,252,4.923624015238491,29,30,PDPK1,AGC_PDPK1_HUMAN,DFGin,BLAminus,Type1,5,5,5,5,5,5
5LVOA,5LVO,A,223,250,252,4.932482653029294,29,30,PDPK1,AGC_PDPK1_HUMAN,DFGin,BLAminus,"ATPlike,Allosteric",5,5,5,5,5,5
5LW1B,5LW1,B,169,193,195,5.4673935143494985,27,27,MAPK8,CMGC_MAPK8_HUMAN,DFGin,ABAminus,Type1,5,5,5,5,5,5
5LW1E,5LW1,E,169,193,195,5.4892593914379555,27,27,MAPK8,CMGC_MAPK8_HUMAN,DFGin,ABAminus,Type1,5,5,5,5,5,5
5LW1H,5LW1,H,169,193,195,5.4351533729107455,27,27,MAPK8,CMGC_MAPK8_HUMAN,DFGin,ABAminus,Type1,5,5,5,5,5,5
5LWMA,5LWM,A,967,995,997,4.105143414344324,31,31,JAK3,TYR_JAK3-2_HUMAN,DFGin,BLAminus,Type1,5,5,5,5,5,5
5LWNA,5LWN,A,967,995,997,4.098403365067545,31,31,JAK3,TYR_JAK3-2_HUMAN,DFGin,BLAminus,"Type1,Type1",5,5,5,5,5,5
5LXCA,5LXC,A,295,317,319,6.719902180564698,24,25,DYRK2,CMGC_DYRK2_HUMAN,DFGin,BLAminus,Type1,5,5,5,5,5,5
5LXCB,5LXC,B,295,317,319,6.707119351548801,24,25,DYRK2,CMGC_DYRK2_HUMAN,DFGin,BLAminus,Type1,5,5,5,5,5,5
5LXDA,5LXD,A,295,317,319,6.721111822017059,24,25,DYRK2,CMGC_DYRK2_HUMAN,DFGin,BLAminus,Type1,5,5,5,5,5,5
5LXDB,5LXD,B,295,317,319,6.724491343209923,24,25,DYRK2,CMGC_DYRK2_HUMAN,DFGin,BLAminus,Type1,5,5,5,5,5,5
5M06B,5M06,B,159,170,172,8.301432139612702,14,14,PKNI,OTHER_PKNI_MYCTU,DFGin,BLBminus,ATPlike,5,5,5,5,5,5
5M06A,5M06,A,159,170,172,8.18091651025645,14,14,PKNI,OTHER_PKNI_MYCTU,DFGin,BLBminus,No_ligand,5,5,5,5,5,5
5M07A,5M07,A,159,170,172,8.194119894515733,14,14,PKNI,OTHER_PKNI_MYCTU,DFGin,BLBminus,No_ligand,5,5,5,5,5,5
5M07B,5M07,B,159,170,172,8.215745673573377,14,14,PKNI,OTHER_PKNI_MYCTU,DFGin,BLBminus,No_ligand,5,5,5,5,5,5
5M08A,5M08,A,159,170,172,8.054545915524702,14,14,PKNI,OTHER_PKNI_MYCTU,DFGin,BLBminus,No_ligand,5,5,5,5,5,5
5M08B,5M08,B,159,170,172,8.574027721594346,14,14,PKNI,OTHER_PKNI_MYCTU,DFGin,BLBminus,No_ligand,5,5,5,5,5,5
5M09A,5M09,A,159,170,172,8.041284377982787,14,14,PKNI,OTHER_PKNI_MYCTU,DFGin,BLBminus,No_ligand,5,5,5,5,5,5
5M09B,5M09,B,159,170,172,8.044610227993033,14,14,PKNI,OTHER_PKNI_MYCTU,DFGin,BLBminus,No_ligand,5,5,5,5,5,5
5M0BA,5M0B,A,184,206,208,4.888950510865277,24,25,PRKACA,AGC_PRKACA_CRIGR,DFGin,BLAminus,Type1,5,5,5,5,5,5
5M0CA,5M0C,A,184,206,208,4.815448165319616,24,25,PRKACA,AGC_PRKACA_CRIGR,DFGin,BLAminus,Type1,5,5,5,5,5,5
5M0LA,5M0L,A,184,206,208,4.8194907137217,24,25,PRKACA,AGC_PRKACA_CRIGR,DFGin,BLAminus,"Type1,Allosteric",5,5,5,5,5,5
5M0UA,5M0U,A,184,206,208,4.892480113077097,24,25,PRKACA,AGC_PRKACA_CRIGR,DFGin,BLAminus,No_ligand,5,5,5,5,5,5
5M6VA,5M6V,A,184,206,208,4.840674690853263,24,25,PRKACA,AGC_PRKACA_CRIGR,DFGin,ABAminus,Type1,5,5,5,5,5,5
5M6YA,5M6Y,A,184,206,208,4.851382283503037,24,25,PRKACA,AGC_PRKACA_CRIGR,DFGin,ABAminus,Type1,5,5,5,5,5,5
5M71A,5M71,A,184,206,208,4.851460431878464,24,25,PRKACA,AGC_PRKACA_CRIGR,DFGin,ABAminus,Type1,5,5,5,5,5,5
5M75A,5M75,A,184,206,208,4.841477908711383,24,25,PRKACA,AGC_PRKACA_CRIGR,DFGin,ABAminus,Type1,5,5,5,5,5,5
5MHIA,5MHI,A,184,206,208,4.799813392226856,24,25,PRKACA,AGC_PRKACA_CRIGR,DFGin,BLAminus,"Type1,Allosteric",5,5,5,5,5,5
5MHQA,5MHQ,A,145,170,172,4.697565042842529,28,28,CDK2,CMGC_CDK2_HUMAN,DFGin,BLBtrans,Type1,5,5,5,5,5,5
5MJAB,5MJA,B,762,792,794,4.386969792537186,26,33,EPHB1,TYR_EPHB1_HUMAN,DFGin,BLAminus,Type1,5,5,5,5,5,5
5MJBB,5MJB,B,762,792,794,4.354016646224856,29,33,EPHB1,TYR_EPHB1_HUMAN,DFGin,BLAminus,Type1,5,5,5,5,5,5
5MJBA,5MJB,A,762,792,794,4.394682097634673,26,33,EPHB1,TYR_EPHB1_HUMAN,DFGin,BLAminus,Type1.5_Back,5,5,5,5,5,5
5MRDA,5MRD,A,223,250,252,4.933445756591675,29,30,PDPK1,AGC_PDPK1_HUMAN,DFGin,BLAminus,ATPlike,5,5,5,5,5,5
5MZ3A,5MZ3,A,168,190,192,4.664210768280686,25,25,MAPK14,CMGC_MAPK14_HUMAN,DFGout,BBAminus,Type2,5,5,5,5,5,5
5N1DA,5N1D,A,184,206,208,4.84082516981302,24,25,PRKACA,AGC_PRKACA_CRIGR,DFGin,ABAminus,Type1,5,5,5,5,5,5
5N1EA,5N1E,A,184,206,208,4.812899918460451,24,25,PRKACA,AGC_PRKACA_CRIGR,DFGin,BLAminus,Type1,5,5,5,5,5,5
5N1FA,5N1F,A,184,206,208,4.793820290377338,24,25,PRKACA,AGC_PRKACA_CRIGR,DFGin,BLAminus,Type1,5,5,5,5,5,5
5N1GA,5N1G,A,184,206,208,4.795485599385991,24,25,PRKACA,AGC_PRKACA_CRIGR,DFGin,BLAminus,Allosteric,5,5,5,5,5,5
5N1HA,5N1H,A,184,206,208,4.813023091170837,24,25,PRKACA,AGC_PRKACA_CRIGR,DFGin,BLAminus,Type1,5,5,5,5,5,5
5N1KA,5N1K,A,184,206,208,4.817502386080856,24,25,PRKACA,AGC_PRKACA_CRIGR,DFGin,BLAminus,"Type1,Allosteric",5,5,5,5,5,5
5N1LA,5N1L,A,184,206,208,4.804562467097299,24,25,PRKACA,AGC_PRKACA_CRIGR,DFGin,BLAminus,Type1,5,5,5,5,5,5
5N1MA,5N1M,A,184,206,208,4.802546414562637,24,25,PRKACA,AGC_PRKACA_CRIGR,DFGin,BLAminus,Type1,5,5,5,5,5,5
5N1NA,5N1N,A,184,206,208,4.805156866836051,24,25,PRKACA,AGC_PRKACA_CRIGR,DFGin,BLAminus,Allosteric,5,5,5,5,5,5
5N1OA,5N1O,A,184,206,208,4.806069151063209,24,25,PRKACA,AGC_PRKACA_CRIGR,DFGin,BLAminus,Type1,5,5,5,5,5,5
5N23A,5N23,A,184,206,208,4.818618157781435,24,25,PRKACA,AGC_PRKACA_HUMAN,DFGin,BLAminus,Type1,5,5,5,5,5,5
5N32A,5N32,A,184,206,208,4.813106640557736,24,25,PRKACA,AGC_PRKACA_CRIGR,DFGin,BLAminus,"Type1,Allosteric",5,5,5,5,5,5
5N33A,5N33,A,184,206,208,4.806337999449791,24,25,PRKACA,AGC_PRKACA_CRIGR,DFGin,BLAminus,Type1,5,5,5,5,5,5
5N36A,5N36,A,184,206,208,4.812002187722573,24,25,PRKACA,AGC_PRKACA_CRIGR,DFGin,BLAminus,Type1,5,5,5,5,5,5
5N37A,5N37,A,184,206,208,4.826307081462407,24,25,PRKACA,AGC_PRKACA_CRIGR,DFGin,BLAminus,"Allosteric,Allosteric",5,5,5,5,5,5
5N39A,5N39,A,184,206,208,4.824641184201493,24,25,PRKACA,AGC_PRKACA_CRIGR,DFGin,BLAminus,Type1,5,5,5,5,5,5
5N3AA,5N3A,A,184,206,208,4.810321013155974,24,25,PRKACA,AGC_PRKACA_CRIGR,DFGin,BLAminus,Type1,5,5,5,5,5,5
5N3BA,5N3B,A,184,206,208,4.823138789015854,24,25,PRKACA,AGC_PRKACA_CRIGR,DFGin,BLAminus,Type1,5,5,5,5,5,5
5N3CA,5N3C,A,184,206,208,4.8316889173533255,24,25,PRKACA,AGC_PRKACA_CRIGR,DFGin,BLAminus,Type1,5,5,5,5,5,5
5N3DA,5N3D,A,184,206,208,4.819999124059966,24,25,PRKACA,AGC_PRKACA_CRIGR,DFGin,ABAminus,Type1,5,5,5,5,5,5
5N3EA,5N3E,A,184,206,208,4.804263903144648,24,25,PRKACA,AGC_PRKACA_CRIGR,DFGin,BLAminus,Type1,5,5,5,5,5,5
5N3FA,5N3F,A,184,206,208,4.81403295647124,24,25,PRKACA,AGC_PRKACA_CRIGR,DFGin,BLAminus,"Type1,Allosteric",5,5,5,5,5,5
5N3GA,5N3G,A,184,206,208,4.802062993317315,24,25,PRKACA,AGC_PRKACA_CRIGR,DFGin,BLAminus,"Allosteric,Allosteric",5,5,5,5,5,5
5N3HA,5N3H,A,184,206,208,4.86256715443455,24,25,PRKACA,AGC_PRKACA_CRIGR,DFGin,BLAminus,Type1,5,5,5,5,5,5
5N3IA,5N3I,A,184,206,208,4.7964733900743814,24,25,PRKACA,AGC_PRKACA_CRIGR,DFGin,BLAminus,Allosteric,5,5,5,5,5,5
5N3JA,5N3J,A,184,206,208,4.796404481316126,24,25,PRKACA,AGC_PRKACA_CRIGR,DFGin,BLAminus,Type1,5,5,5,5,5,5
5N3KA,5N3K,A,184,206,208,4.881804171484775,24,25,PRKACA,AGC_PRKACA_CRIGR,DFGin,BLAminus,Allosteric,5,5,5,5,5,5
5N3LA,5N3L,A,184,206,208,4.8849230030114015,24,25,PRKACA,AGC_PRKACA_CRIGR,DFGin,BLAminus,Type1,5,5,5,5,5,5
5N3MA,5N3M,A,184,206,208,4.856689174353841,24,25,PRKACA,AGC_PRKACA_CRIGR,DFGin,BLAminus,No_ligand,5,5,5,5,5,5
5N3NA,5N3N,A,184,206,208,4.87245533848386,24,25,PRKACA,AGC_PRKACA_CRIGR,DFGin,BLAminus,Allosteric,5,5,5,5,5,5
5N3OA,5N3O,A,184,206,208,4.938969059958673,24,25,PRKACA,AGC_PRKACA_CRIGR,DFGin,BLAminus,"Allosteric,Type1,Allosteric",5,5,5,5,5,5
5N3PA,5N3P,A,184,206,208,4.870342010161024,24,25,PRKACA,AGC_PRKACA_CRIGR,DFGin,BLAminus,Type1,5,5,5,5,5,5
5N3QA,5N3Q,A,184,206,208,4.840033847330819,24,25,PRKACA,AGC_PRKACA_CRIGR,DFGin,BLAminus,"Type1,Allosteric",5,5,5,5,5,5
5N3RA,5N3R,A,184,206,208,4.785647776277663,24,25,PRKACA,AGC_PRKACA_CRIGR,DFGin,BLAminus,Allosteric,5,5,5,5,5,5
5N3SA,5N3S,A,184,206,208,4.8589212505160315,24,25,PRKACA,AGC_PRKACA_CRIGR,DFGin,BLAminus,Type1,5,5,5,5,5,5
5N3TA,5N3T,A,184,206,208,4.8386379148298975,24,25,PRKACA,AGC_PRKACA_CRIGR,DFGin,BLAminus,"Allosteric,Allosteric",5,5,5,5,5,5
5N7PA,5N7P,A,184,206,208,4.798068298625117,24,25,PRKACA,AGC_PRKACA_CRIGR,DFGin,BLAminus,Type1,5,5,5,5,5,5
5N7UA,5N7U,A,184,206,208,4.79905946092623,24,25,PRKACA,AGC_PRKACA_CRIGR,DFGin,BLAminus,Type1,5,5,5,5,5,5
5NEVA,5NEV,A,145,170,172,4.75533830478335,27,28,CDK2,CMGC_CDK2_HUMAN,DFGin,ABAminus,Type1,5,5,5,5,5,5
5NEVC,5NEV,C,145,170,172,4.754368245594134,27,28,CDK2,CMGC_CDK2_HUMAN,DFGin,ABAminus,Type1,5,5,5,5,5,5
5NGUA,5NGU,A,167,195,197,4.854504695189572,31,31,MAPK1,CMGC_MAPK1_HUMAN,DFGin,BLAminus,Type1,5,5,5,5,5,5
5NHFA,5NHF,A,167,195,197,4.823686867428558,31,31,MAPK1,CMGC_MAPK1_HUMAN,DFGin,BLAminus,Type1,5,5,5,5,5,5
5NHHA,5NHH,A,167,195,197,4.704371060769141,31,31,MAPK1,CMGC_MAPK1_HUMAN,DFGin,BLAminus,Type1,5,5,5,5,5,5
5NHJA,5NHJ,A,167,195,197,4.696326699944075,31,31,MAPK1,CMGC_MAPK1_HUMAN,DFGin,BLAminus,Type1,5,5,5,5,5,5
5NHLA,5NHL,A,167,195,197,4.809484522356641,31,31,MAPK1,CMGC_MAPK1_HUMAN,DFGin,BLAminus,Type1,5,5,5,5,5,5
5NHOA,5NHO,A,167,195,197,4.786623488045701,31,31,MAPK1,CMGC_MAPK1_HUMAN,DFGin,BLAminus,Type1,5,5,5,5,5,5
5NHPA,5NHP,A,167,195,197,4.780799974988774,31,31,MAPK1,CMGC_MAPK1_HUMAN,DFGin,BLAminus,Type1,5,5,5,5,5,5
5NHVA,5NHV,A,167,195,197,4.744812356637866,31,31,MAPK1,CMGC_MAPK1_HUMAN,DFGin,BLAminus,Type1,5,5,5,5,5,5
5NK1A,5NK1,A,757,785,787,4.456274824051785,27,31,EPHA2,TYR_EPHA2_HUMAN,DFGin,BLBminus,Type1,5,5,5,5,5,5
5NK2A,5NK2,A,757,785,787,4.482002603661205,27,31,EPHA2,TYR_EPHA2_HUMAN,DFGin,BLBminus,Type1,5,5,5,5,5,5
5NK3A,5NK3,A,757,785,787,4.536437578822819,28,31,EPHA2,TYR_EPHA2_HUMAN,DFGin,ABAminus,Type1.5_Back,5,5,5,5,5,5
5NK4A,5NK4,A,757,785,787,4.4783967508700036,31,31,EPHA2,TYR_EPHA2_HUMAN,DFGin,BLBminus,Type1,5,5,5,5,5,5
5NK5A,5NK5,A,757,785,787,4.403907989744101,30,31,EPHA2,TYR_EPHA2_HUMAN,DFGin,BLBminus,Type1,5,5,5,5,5,5
5NK6A,5NK6,A,757,785,787,4.453211036893786,28,31,EPHA2,TYR_EPHA2_HUMAN,DFGin,BLBminus,Type1,5,5,5,5,5,5
5NK7A,5NK7,A,757,785,787,4.452085329711394,27,31,EPHA2,TYR_EPHA2_HUMAN,DFGin,BLBminus,Type1,5,5,5,5,5,5
5NK9A,5NK9,A,757,785,787,4.447589695386168,29,31,EPHA2,TYR_EPHA2_HUMAN,DFGin,BLBminus,Type1,5,5,5,5,5,5
5NKBA,5NKB,A,757,785,787,4.446792384458832,29,31,EPHA2,TYR_EPHA2_HUMAN,DFGin,BLBminus,Type1,5,5,5,5,5,5
5NKCA,5NKC,A,757,785,787,4.5013455915691925,26,31,EPHA2,TYR_EPHA2_HUMAN,DFGin,BLBminus,Type1,5,5,5,5,5,5
5NKDA,5NKD,A,757,785,787,4.4984153048183835,27,31,EPHA2,TYR_EPHA2_HUMAN,DFGin,BLBminus,Type1,5,5,5,5,5,5
5NKEA,5NKE,A,757,785,787,4.414904930543236,31,31,EPHA2,TYR_EPHA2_HUMAN,DFGin,BLBminus,Type1,5,5,5,5,5,5
5NKFA,5NKF,A,757,785,787,4.444827145397183,31,31,EPHA2,TYR_EPHA2_HUMAN,DFGin,BLBminus,Type1,5,5,5,5,5,5
5NKGA,5NKG,A,757,785,787,4.4438138195739825,31,31,EPHA2,TYR_EPHA2_HUMAN,DFGin,BLBminus,Type1,5,5,5,5,5,5
5NKHA,5NKH,A,757,785,787,4.406122934317032,31,31,EPHA2,TYR_EPHA2_HUMAN,DFGin,BLBminus,Type1,5,5,5,5,5,5
5NTJA,5NTJ,A,184,206,208,4.862162484848752,24,25,PRKACA,AGC_PRKACA_CRIGR,DFGin,BLAminus,No_ligand,5,5,5,5,5,5
5NW8A,5NW8,A,184,206,208,4.857676633629137,24,25,PRKACA,AGC_PRKACA_CRIGR,DFGin,ABAminus,Type1,5,5,5,5,5,5
5NZZE,5NZZ,E,168,190,192,4.687886397107425,23,25,MAPK14,CMGC_MAPK14_MOUSE,DFGin,BLAminus,ATPlike,5,5,5,5,5,5
5NZZF,5NZZ,F,168,190,192,4.693857994425526,23,25,MAPK14,CMGC_MAPK14_MOUSE,DFGin,BLAminus,ATPlike,5,5,5,5,5,5
5NZZG,5NZZ,G,168,190,192,4.723789931308176,23,25,MAPK14,CMGC_MAPK14_MOUSE,DFGin,BLAminus,ATPlike,5,5,5,5,5,5
5NZZH,5NZZ,H,168,190,192,4.755123428465148,23,25,MAPK14,CMGC_MAPK14_MOUSE,DFGin,BLAminus,ATPlike,5,5,5,5,5,5
5O0EA,5O0E,A,184,206,208,4.834127752154159,24,25,PRKACA,AGC_PRKACA_CRIGR,DFGin,ABAminus,Type1,5,5,5,5,5,5
5O1SA,5O1S,A,561,586,588,8.154506521619112,25,28,RPS6KA3,CAMK_RPS6KA3-2_MOUSE,DFGin,BLAminus,"Allosteric,Type1",5,5,5,5,5,5
5O1VA,5O1V,A,294,317,319,6.8848684628662005,25,26,WNK3,OTHER_WNK3_HUMAN,DFGin,BLBminus,No_ligand,5,5,5,5,5,5
5O1VB,5O1V,B,294,317,319,7.021174073498056,19,26,WNK3,OTHER_WNK3_HUMAN,DFGin,BLBminus,No_ligand,5,5,5,5,5,5
5O21A,5O21,A,294,317,319,6.736398338277843,25,26,WNK3,OTHER_WNK3_HUMAN,DFGin,BLAminus,No_ligand,5,5,5,5,5,5
5O21B,5O21,B,294,317,319,6.7481317476963465,25,26,WNK3,OTHER_WNK3_HUMAN,DFGin,BLAminus,No_ligand,5,5,5,5,5,5
5O23A,5O23,A,294,317,319,6.78273365260113,25,26,WNK3,OTHER_WNK3_HUMAN,DFGin,None,No_ligand,5,5,5,5,5,5
5O23B,5O23,B,294,317,319,6.7149197620615215,25,26,WNK3,OTHER_WNK3_HUMAN,DFGin,None,No_ligand,5,5,5,5,5,5
5O26A,5O26,A,294,317,319,6.664666363863552,24,26,WNK3,OTHER_WNK3_HUMAN,DFGin,BLAminus,ATPlike,5,5,5,5,5,5
5O26B,5O26,B,294,317,319,6.7045449375768555,24,26,WNK3,OTHER_WNK3_HUMAN,DFGin,BLAminus,ATPlike,5,5,5,5,5,5
5O2CA,5O2C,A,294,317,319,6.53109942822714,26,26,WNK3,OTHER_WNK3_HUMAN,DFGin,BLBminus,No_ligand,5,5,5,5,5,5
5O49A,5O49,A,641,668,670,4.377607339741694,30,30,FGFR1,TYR_FGFR1_HUMAN,DFGin,BLAplus,Type1,5,5,5,5,5,5
5O49B,5O49,B,641,668,670,4.4062781101115265,25,30,FGFR1,TYR_FGFR1_HUMAN,DFGin,BLAplus,Type1,5,5,5,5,5,5
5O4AA,5O4A,A,641,668,670,4.375611792050114,30,30,FGFR1,TYR_FGFR1_HUMAN,DFGin,BLAplus,Type1,5,5,5,5,5,5
5O4AB,5O4A,B,641,668,670,4.418725472225275,25,30,FGFR1,TYR_FGFR1_HUMAN,DFGin,BLAplus,Type1,5,5,5,5,5,5
5O5MA,5O5M,A,184,206,208,4.885343418303619,24,25,PRKACA,AGC_PRKACA_CRIGR,DFGin,ABAminus,Type1,5,5,5,5,5,5
5O7IA,5O7I,A,200,229,231,4.504447461533339,32,32,MAPK7,CMGC_MAPK7_HUMAN,DFGin,BLAminus,Type1,5,5,5,5,5,5
5OATA,5OAT,A,359,390,392,7.003104511740242,34,34,PINK1,OTHER_PINK1_TRICA,DFGin,BLAminus,No_ligand,5,5,5,5,5,5
5OATB,5OAT,B,359,390,392,6.9681211878516685,34,34,PINK1,OTHER_PINK1_TRICA,DFGin,BLAminus,No_ligand,5,5,5,5,5,5
5OATC,5OAT,C,359,390,392,6.972929159183933,34,34,PINK1,OTHER_PINK1_TRICA,DFGin,BLAminus,No_ligand,5,5,5,5,5,5
5OATD,5OAT,D,359,390,392,6.962240192735156,34,34,PINK1,OTHER_PINK1_TRICA,DFGin,BLAminus,No_ligand,5,5,5,5,5,5
5OATE,5OAT,E,359,390,392,6.977225282765458,34,34,PINK1,OTHER_PINK1_TRICA,DFGin,BLAminus,No_ligand,5,5,5,5,5,5
5OATF,5OAT,F,359,390,392,6.961419567582413,34,34,PINK1,OTHER_PINK1_TRICA,DFGin,BLAminus,No_ligand,5,5,5,5,5,5
5OK3A,5OK3,A,184,206,208,4.8323250182319795,24,25,PRKACA,AGC_PRKACA_CRIGR,DFGin,ABAminus,Type1,5,5,5,5,5,5
5OL3A,5OL3,A,184,206,208,4.873097856569263,24,25,PRKACA,AGC_PRKACA_CRIGR,DFGin,ABAminus,Type1,5,5,5,5,5,5
5OO0A,5OO0,A,145,170,172,4.744276796631224,28,28,CDK2,CMGC_CDK2_HUMAN,DFGin,BLBtrans,Allosteric,5,5,5,5,5,5
5OO3A,5OO3,A,145,170,172,4.686890540694673,28,28,CDK2,CMGC_CDK2_HUMAN,DFGin,BLBminus,Type1,5,5,5,5,5,5
5OQ5A,5OQ5,A,148,175,177,5.185478581272218,30,30,CHEK1,CAMK_CHEK1_HUMAN,DFGin,BLAminus,Type1,5,5,5,5,5,5
5OQ7A,5OQ7,A,148,175,177,5.164315955263474,30,30,CHEK1,CAMK_CHEK1_HUMAN,DFGin,BLAminus,Type1,5,5,5,5,5,5
5OQ7B,5OQ7,B,148,175,177,5.132279294836339,30,30,CHEK1,CAMK_CHEK1_HUMAN,DFGin,BLAminus,Type1,5,5,5,5,5,5
5OSJA,5OSJ,A,145,170,172,4.741801931448867,28,28,CDK2,CMGC_CDK2_HUMAN,DFGin,BLBtrans,Allosteric,5,5,5,5,5,5
5OSMA,5OSM,A,145,170,172,4.672227578383925,28,28,CDK2,CMGC_CDK2_HUMAN,None,None,Type1,5,5,5,5,5,5
5OT3A,5OT3,A,184,206,208,4.8628022385065535,24,25,PRKACA,AGC_PRKACA_CRIGR,DFGin,ABAminus,Type1,5,5,5,5,5,5
5OTEA,5OTE,A,218,244,246,3.6548714890989946,29,29,CDC42BPB,AGC_CDC42BPB_HUMAN,DFGin,BLAminus,Type1,5,5,5,5,5,5
5OTFA,5OTF,A,218,244,246,3.859023849498577,29,29,CDC42BPB,AGC_CDC42BPB_HUMAN,DFGin,BLAminus,Type1,5,5,5,5,5,5
5OTGA,5OTG,A,184,206,208,4.839025791824002,24,25,PRKACA,AGC_PRKACA_CRIGR,DFGin,ABAminus,Type1,5,5,5,5,5,5
5OUAA,5OUA,A,184,206,208,4.907588955979029,24,25,PRKACA,AGC_PRKACA_CRIGR,DFGin,ABAminus,No_ligand,5,5,5,5,5,5
5OUCA,5OUC,A,184,206,208,4.829034544370123,24,25,PRKACA,AGC_PRKACA_CRIGR,DFGin,ABAminus,Type1,5,5,5,5,5,5
5OUSA,5OUS,A,184,206,208,4.849036789389094,24,25,PRKACA,AGC_PRKACA_CRIGR,DFGin,ABAminus,No_ligand,5,5,5,5,5,5
5OWRA,5OWR,A,175,200,202,4.211891442311682,21,28,STK10,STE_STK10_HUMAN,DFGin,BLAminus,Type1,5,5,5,5,5,5
5OXGA,5OXG,A,354,383,385,8.206832317857579,32,32,ACVR1,TKL_ACVR1_HUMAN,DFGin,BLAminus,Type1,5,5,5,5,5,5
5OXGB,5OXG,B,354,383,385,8.196156495508914,32,32,ACVR1,TKL_ACVR1_HUMAN,DFGin,BLAminus,Type1,5,5,5,5,5,5
5OXGC,5OXG,C,354,383,385,8.215746416044501,32,32,ACVR1,TKL_ACVR1_HUMAN,DFGin,BLAminus,Type1,5,5,5,5,5,5
5OXGD,5OXG,D,354,383,385,8.2153416253338,32,32,ACVR1,TKL_ACVR1_HUMAN,DFGin,BLAminus,Type1,5,5,5,5,5,5
5OY4A,5OY4,A,200,224,226,5.529527498275001,26,27,GSK3B,CMGC_GSK3B_HUMAN,DFGin,BLAminus,Type1.5_Back,5,5,5,5,5,5
5OY4B,5OY4,B,200,224,226,5.512055849549398,26,27,GSK3B,CMGC_GSK3B_HUMAN,DFGin,BLAminus,Type1.5_Back,5,5,5,5,5,5
5OY6A,5OY6,A,354,383,385,8.177406804815595,28,32,ACVR1,TKL_ACVR1_HUMAN,DFGin,BLAminus,Type1,5,5,5,5,5,5
5OY6B,5OY6,B,354,383,385,8.192741278834255,28,32,ACVR1,TKL_ACVR1_HUMAN,DFGin,BLAminus,Type1,5,5,5,5,5,5
5OY6C,5OY6,C,354,383,385,8.242369921072502,28,32,ACVR1,TKL_ACVR1_HUMAN,DFGin,BLAminus,Type1,5,5,5,5,5,5
5OY6D,5OY6,D,354,383,385,8.156766555020418,28,32,ACVR1,TKL_ACVR1_HUMAN,DFGin,BLAminus,Type1,5,5,5,5,5,5
5QIKA,5QIK,A,351,380,382,8.315918794829237,32,32,TGFBR1,TKL_TGFBR1_HUMAN,DFGin,BLAminus,Type1,5,5,5,5,5,5
5QILA,5QIL,A,351,380,382,8.332917709303823,32,32,TGFBR1,TKL_TGFBR1_HUMAN,DFGin,BLAminus,Type1,5,5,5,5,5,5
5QIMA,5QIM,A,351,380,382,8.327974780518781,32,32,TGFBR1,TKL_TGFBR1_HUMAN,DFGin,BLAminus,Type1.5_Back,5,5,5,5,5,5
5QINA,5QIN,A,397,426,428,8.12566054646609,30,32,TGFBR2,TKL_TGFBR2_HUMAN,DFGin,BLAminus,Type1,5,5,5,5,5,5
5QTZA,5QTZ,A,351,380,382,8.304811390709762,32,32,TGFBR1,TKL_TGFBR1_HUMAN,DFGin,BLAminus,Type1,5,5,5,5,5,5
5QU0A,5QU0,A,351,380,382,8.304295844720372,32,32,TGFBR1,TKL_TGFBR1_HUMAN,DFGin,BLAminus,Type1,5,5,5,5,5,5
5R8UA,5R8U,A,168,190,192,4.6161239670595124,25,25,MAPK14,CMGC_MAPK14_MOUSE,DFGin,BLBminus,Type1.5_Back,5,5,5,5,5,5
5R8VA,5R8V,A,168,190,192,4.664963548295697,24,25,MAPK14,CMGC_MAPK14_MOUSE,DFGin,BLBminus,Allosteric,5,5,5,5,5,5
5R8WA,5R8W,A,168,190,192,4.681213632677781,25,25,MAPK14,CMGC_MAPK14_MOUSE,DFGin,BLBminus,Allosteric,5,5,5,5,5,5
5R8XA,5R8X,A,168,190,192,4.654708471220438,25,25,MAPK14,CMGC_MAPK14_MOUSE,DFGin,BLBminus,Allosteric,5,5,5,5,5,5
5R8YA,5R8Y,A,168,190,192,4.618702097746867,25,25,MAPK14,CMGC_MAPK14_MOUSE,DFGin,BLBminus,Type3,5,5,5,5,5,5
5R8ZA,5R8Z,A,168,190,192,4.6292347201783315,25,25,MAPK14,CMGC_MAPK14_MOUSE,DFGin,BLBminus,Type3,5,5,5,5,5,5
5R90A,5R90,A,168,190,192,4.6377302462216345,23,25,MAPK14,CMGC_MAPK14_MOUSE,DFGin,BLBminus,Type1,5,5,5,5,5,5
5R91A,5R91,A,168,190,192,4.639404090035372,25,25,MAPK14,CMGC_MAPK14_MOUSE,DFGin,BLBminus,Type1,5,5,5,5,5,5
5R92A,5R92,A,168,190,192,4.6386976306277,23,25,MAPK14,CMGC_MAPK14_MOUSE,DFGin,BLBminus,Type1,5,5,5,5,5,5
5R93A,5R93,A,168,190,192,4.6762761902316425,24,25,MAPK14,CMGC_MAPK14_MOUSE,DFGin,BLBminus,Allosteric,5,5,5,5,5,5
5R94A,5R94,A,168,190,192,4.645526597759953,24,25,MAPK14,CMGC_MAPK14_MOUSE,DFGin,BLBminus,Allosteric,5,5,5,5,5,5
5R95A,5R95,A,168,190,192,4.651258790756779,24,25,MAPK14,CMGC_MAPK14_MOUSE,DFGin,BLBminus,Allosteric,5,5,5,5,5,5
5R96A,5R96,A,168,190,192,4.649219316516582,24,25,MAPK14,CMGC_MAPK14_MOUSE,DFGin,BLBminus,Allosteric,5,5,5,5,5,5
5R97A,5R97,A,168,190,192,4.633902749253414,25,25,MAPK14,CMGC_MAPK14_MOUSE,DFGin,BLBminus,Type3,5,5,5,5,5,5
5R98A,5R98,A,168,190,192,4.674470504427515,25,25,MAPK14,CMGC_MAPK14_MOUSE,DFGin,BLBminus,Allosteric,5,5,5,5,5,5
5R99A,5R99,A,168,190,192,4.65234783357939,25,25,MAPK14,CMGC_MAPK14_MOUSE,DFGin,BLBminus,Type1,5,5,5,5,5,5
5R9AA,5R9A,A,168,190,192,4.679533435647254,25,25,MAPK14,CMGC_MAPK14_MOUSE,DFGin,BLBminus,Allosteric,5,5,5,5,5,5
5R9BA,5R9B,A,168,190,192,4.690526599129112,23,25,MAPK14,CMGC_MAPK14_MOUSE,DFGin,BLBminus,Allosteric,5,5,5,5,5,5
5R9CA,5R9C,A,168,190,192,4.6439898291319475,25,25,MAPK14,CMGC_MAPK14_MOUSE,DFGin,BLBminus,Type1,5,5,5,5,5,5
5R9DA,5R9D,A,168,190,192,4.627048754596689,25,25,MAPK14,CMGC_MAPK14_MOUSE,DFGin,BLBminus,Type3,5,5,5,5,5,5
5R9EA,5R9E,A,168,190,192,4.652296985747266,24,25,MAPK14,CMGC_MAPK14_MOUSE,DFGin,BLBminus,Type3,5,5,5,5,5,5
5R9FA,5R9F,A,168,190,192,4.645282912442105,24,25,MAPK14,CMGC_MAPK14_MOUSE,DFGin,BLBminus,Type1,5,5,5,5,5,5
5R9GA,5R9G,A,168,190,192,4.653692606775283,25,25,MAPK14,CMGC_MAPK14_MOUSE,DFGin,BLBminus,Allosteric,5,5,5,5,5,5
5R9HA,5R9H,A,168,190,192,4.64669587159378,24,25,MAPK14,CMGC_MAPK14_MOUSE,DFGin,BLBminus,Allosteric,5,5,5,5,5,5
5R9IA,5R9I,A,168,190,192,4.6411295972982956,23,25,MAPK14,CMGC_MAPK14_MOUSE,DFGin,BLBminus,Type1,5,5,5,5,5,5
5R9JA,5R9J,A,168,190,192,4.641115939453575,24,25,MAPK14,CMGC_MAPK14_MOUSE,DFGin,BLBminus,Type1,5,5,5,5,5,5
5R9KA,5R9K,A,168,190,192,4.627230777439189,25,25,MAPK14,CMGC_MAPK14_MOUSE,DFGin,BLBminus,Type3,5,5,5,5,5,5
5R9LA,5R9L,A,168,190,192,4.645179342689689,23,25,MAPK14,CMGC_MAPK14_MOUSE,DFGin,BLBminus,Type1,5,5,5,5,5,5
5R9MA,5R9M,A,168,190,192,4.657194286156961,23,25,MAPK14,CMGC_MAPK14_MOUSE,DFGin,BLBminus,"Allosteric,Allosteric",5,5,5,5,5,5
5R9NA,5R9N,A,168,190,192,4.640070282238887,25,25,MAPK14,CMGC_MAPK14_MOUSE,DFGin,BLBminus,Type1,5,5,5,5,5,5
5R9OA,5R9O,A,168,190,192,4.684991574281228,25,25,MAPK14,CMGC_MAPK14_MOUSE,DFGin,BLBminus,Allosteric,5,5,5,5,5,5
5R9PA,5R9P,A,168,190,192,4.66457037289367,25,25,MAPK14,CMGC_MAPK14_MOUSE,DFGin,BLBminus,Type1,5,5,5,5,5,5
5R9QA,5R9Q,A,168,190,192,4.642721787172442,25,25,MAPK14,CMGC_MAPK14_MOUSE,DFGin,BLBminus,Type3,5,5,5,5,5,5
5R9RA,5R9R,A,168,190,192,4.65057961869343,25,25,MAPK14,CMGC_MAPK14_MOUSE,DFGin,BLBminus,Type1,5,5,5,5,5,5
5R9SA,5R9S,A,168,190,192,4.688532007533085,25,25,MAPK14,CMGC_MAPK14_MOUSE,DFGin,BLBminus,Allosteric,5,5,5,5,5,5
5R9TA,5R9T,A,168,190,192,4.6700098897573135,25,25,MAPK14,CMGC_MAPK14_MOUSE,DFGin,BLBminus,Allosteric,5,5,5,5,5,5
5R9VA,5R9V,A,168,190,192,4.6810838944027635,25,25,MAPK14,CMGC_MAPK14_MOUSE,DFGin,BLBminus,Allosteric,5,5,5,5,5,5
5R9WA,5R9W,A,168,190,192,4.669408046203656,25,25,MAPK14,CMGC_MAPK14_MOUSE,DFGin,BLBminus,Type3,5,5,5,5,5,5
5R9XA,5R9X,A,168,190,192,4.660778591744041,25,25,MAPK14,CMGC_MAPK14_MOUSE,DFGin,BLBminus,Allosteric,5,5,5,5,5,5
5R9YA,5R9Y,A,168,190,192,4.648148235786934,23,25,MAPK14,CMGC_MAPK14_MOUSE,DFGin,BLBminus,Type1,5,5,5,5,5,5
5R9ZA,5R9Z,A,168,190,192,4.699116190085651,25,25,MAPK14,CMGC_MAPK14_MOUSE,DFGin,BLBminus,Allosteric,5,5,5,5,5,5
5RA0A,5RA0,A,168,190,192,4.657172406057351,25,25,MAPK14,CMGC_MAPK14_MOUSE,DFGin,BLBminus,Type1,5,5,5,5,5,5
5RA1A,5RA1,A,168,190,192,4.645309209023817,25,25,MAPK14,CMGC_MAPK14_MOUSE,DFGin,BLBminus,Type3,5,5,5,5,5,5
5RA2A,5RA2,A,168,190,192,4.648028937755936,25,25,MAPK14,CMGC_MAPK14_MOUSE,DFGin,BLBminus,Type1,5,5,5,5,5,5
5RA3A,5RA3,A,168,190,192,4.662866952712948,25,25,MAPK14,CMGC_MAPK14_MOUSE,DFGin,BLBminus,Allosteric,5,5,5,5,5,5
5RA4A,5RA4,A,168,190,192,4.654204175323396,25,25,MAPK14,CMGC_MAPK14_MOUSE,DFGin,BLBminus,Allosteric,5,5,5,5,5,5
5RA5A,5RA5,A,168,190,192,4.662216452614119,25,25,MAPK14,CMGC_MAPK14_MOUSE,DFGin,BLBminus,Allosteric,5,5,5,5,5,5
5RA6A,5RA6,A,168,190,192,4.648776041978535,25,25,MAPK14,CMGC_MAPK14_MOUSE,DFGin,BLBminus,Type1,5,5,5,5,5,5
5RA7A,5RA7,A,168,190,192,4.650768067370569,25,25,MAPK14,CMGC_MAPK14_MOUSE,DFGin,BLBminus,Type1.5_Back,5,5,5,5,5,5
5RA8A,5RA8,A,168,190,192,4.650138738377245,25,25,MAPK14,CMGC_MAPK14_MOUSE,DFGin,BLBminus,Type1.5_Back,5,5,5,5,5,5
5RA9A,5RA9,A,168,190,192,4.650092703054484,25,25,MAPK14,CMGC_MAPK14_MOUSE,DFGin,BLBminus,Type3,5,5,5,5,5,5
5S75B,5S75,B,354,383,385,7.919620072633078,32,32,ACVR1,TKL_ACVR1_HUMAN,DFGin,BLAminus,"Type1,Allosteric,Allosteric",5,5,5,5,5,5
5S76B,5S76,B,354,383,385,7.84966145769351,32,32,ACVR1,TKL_ACVR1_HUMAN,DFGin,BLAminus,"Type1,Type1.5_Back",5,5,5,5,5,5
5S77B,5S77,B,354,383,385,7.845537156823961,32,32,ACVR1,TKL_ACVR1_HUMAN,DFGin,BLAminus,Type1,5,5,5,5,5,5
5S78B,5S78,B,354,383,385,8.111166049205872,32,32,ACVR1,TKL_ACVR1_HUMAN,DFGin,BLAminus,Type1,5,5,5,5,5,5
5S79B,5S79,B,354,383,385,7.8107547448296035,32,32,ACVR1,TKL_ACVR1_HUMAN,DFGin,BLAminus,Type1,5,5,5,5,5,5
5S7AB,5S7A,B,354,383,385,7.8500155290164075,32,32,ACVR1,TKL_ACVR1_HUMAN,DFGin,BLAminus,"Type1,Allosteric,Allosteric",5,5,5,5,5,5
5S7BB,5S7B,B,354,383,385,7.853257927335492,32,32,ACVR1,TKL_ACVR1_HUMAN,DFGin,BLAminus,"Type1,Allosteric",5,5,5,5,5,5
5S7CB,5S7C,B,354,383,385,7.843867839991666,32,32,ACVR1,TKL_ACVR1_HUMAN,DFGin,BLAminus,"Type1,Allosteric",5,5,5,5,5,5
5S7DB,5S7D,B,354,383,385,8.16814781737896,32,32,ACVR1,TKL_ACVR1_HUMAN,DFGin,BLAminus,"Type1,Allosteric",5,5,5,5,5,5
5S7EB,5S7E,B,354,383,385,7.943076225334219,32,32,ACVR1,TKL_ACVR1_HUMAN,DFGin,BLAminus,"Type1,Allosteric",5,5,5,5,5,5
5S7FB,5S7F,B,354,383,385,7.841512820801504,32,32,ACVR1,TKL_ACVR1_HUMAN,DFGin,BLAminus,"Type1,Allosteric,Allosteric",5,5,5,5,5,5
5S7GB,5S7G,B,354,383,385,7.819761090010757,24,32,ACVR1,TKL_ACVR1_HUMAN,DFGin,BLAminus,Type1,5,5,5,5,5,5
5S7HB,5S7H,B,354,383,385,7.941702432427255,32,32,ACVR1,TKL_ACVR1_HUMAN,DFGin,BLAminus,Type1,5,5,5,5,5,5
5S7IB,5S7I,B,354,383,385,8.04711312698113,32,32,ACVR1,TKL_ACVR1_HUMAN,DFGin,BLAminus,"Type1,Allosteric,Allosteric,Allosteric,Allosteric,Allosteric,Allosteric,Allosteric,Allosteric,Allosteric",5,5,5,5,5,5
5S7JB,5S7J,B,354,383,385,7.836432422595632,32,32,ACVR1,TKL_ACVR1_HUMAN,DFGin,BLAminus,Type1,5,5,5,5,5,5
5S7KB,5S7K,B,354,383,385,7.964848422521045,32,32,ACVR1,TKL_ACVR1_HUMAN,DFGin,BLAminus,"Type1,Allosteric",5,5,5,5,5,5
5S7LB,5S7L,B,354,383,385,7.843741305910152,32,32,ACVR1,TKL_ACVR1_HUMAN,DFGin,BLAminus,"Type1,Allosteric,Allosteric,Allosteric,Type3",5,5,5,5,5,5
5S7MB,5S7M,B,354,383,385,7.9290480218820605,32,32,ACVR1,TKL_ACVR1_HUMAN,DFGin,BLAminus,"Type1,Allosteric",5,5,5,5,5,5
5S7NB,5S7N,B,354,383,385,7.8474295032494945,32,32,ACVR1,TKL_ACVR1_HUMAN,DFGin,BLAminus,"Type1,Allosteric",5,5,5,5,5,5
5S7OB,5S7O,B,354,383,385,8.134131776611808,32,32,ACVR1,TKL_ACVR1_HUMAN,DFGin,BLAminus,"Type1,Type1",5,5,5,5,5,5
5S7PB,5S7P,B,354,383,385,7.828103404813009,32,32,ACVR1,TKL_ACVR1_HUMAN,DFGin,BLAminus,Type1,5,5,5,5,5,5
5S7QB,5S7Q,B,354,383,385,7.806001720140436,32,32,ACVR1,TKL_ACVR1_HUMAN,DFGin,BLAminus,"Allosteric,Type1,Allosteric",5,5,5,5,5,5
5S7RB,5S7R,B,354,383,385,7.864848326183592,32,32,ACVR1,TKL_ACVR1_HUMAN,DFGin,BLAminus,"Type1,Allosteric,Allosteric,Allosteric,Allosteric,Allosteric,Allosteric",5,5,5,5,5,5
5S7SB,5S7S,B,354,383,385,7.842188941660234,32,32,ACVR1,TKL_ACVR1_HUMAN,DFGin,BLAminus,"Type1,Allosteric",5,5,5,5,5,5
5S7SA,5S7S,A,354,383,385,8.007051705268518,23,32,ACVR1,TKL_ACVR1_HUMAN,DFGin,BLAminus,"Type1,Allosteric,Allosteric,Allosteric",5,5,5,5,5,5
5S7TB,5S7T,B,354,383,385,8.140130730315308,32,32,ACVR1,TKL_ACVR1_HUMAN,DFGin,BLAminus,"Type1,Allosteric,Allosteric,Allosteric",5,5,5,5,5,5
5S7UB,5S7U,B,354,383,385,7.794064256050181,23,32,ACVR1,TKL_ACVR1_HUMAN,DFGin,BLAminus,"Type1,Allosteric,Allosteric",5,5,5,5,5,5
5S7VB,5S7V,B,354,383,385,7.77931939017239,32,32,ACVR1,TKL_ACVR1_HUMAN,DFGin,BLAminus,"Type1,Allosteric",5,5,5,5,5,5
5S7WB,5S7W,B,354,383,385,7.868442041844025,32,32,ACVR1,TKL_ACVR1_HUMAN,DFGin,BLAminus,Type1,5,5,5,5,5,5
5S7XB,5S7X,B,354,383,385,7.837749692965221,32,32,ACVR1,TKL_ACVR1_HUMAN,DFGin,BLAminus,"Type1,Allosteric",5,5,5,5,5,5
5S7YB,5S7Y,B,354,383,385,7.852908942623225,32,32,ACVR1,TKL_ACVR1_HUMAN,DFGin,BLAminus,"Type1,Allosteric,Allosteric,Allosteric,Allosteric,Allosteric",5,5,5,5,5,5
5S7ZB,5S7Z,B,354,383,385,7.841449256228805,32,32,ACVR1,TKL_ACVR1_HUMAN,DFGin,BLAminus,"Type1,Allosteric",5,5,5,5,5,5
5S7ZA,5S7Z,A,354,383,385,8.023837147949909,23,32,ACVR1,TKL_ACVR1_HUMAN,DFGin,BLAminus,"Type1,Allosteric,Allosteric,Allosteric,Allosteric",5,5,5,5,5,5
5S80B,5S80,B,354,383,385,7.862563336257776,32,32,ACVR1,TKL_ACVR1_HUMAN,DFGin,BLAminus,"Type1,Allosteric,Allosteric",5,5,5,5,5,5
5S81B,5S81,B,354,383,385,7.853322508927493,32,32,ACVR1,TKL_ACVR1_HUMAN,DFGin,BLAminus,"Type1,Allosteric,Allosteric,Allosteric,Allosteric",5,5,5,5,5,5
5S82B,5S82,B,354,383,385,8.213497867292896,25,32,ACVR1,TKL_ACVR1_HUMAN,DFGin,BLAminus,"Type1,Allosteric",5,5,5,5,5,5
5S83B,5S83,B,354,383,385,7.843120896283587,32,32,ACVR1,TKL_ACVR1_HUMAN,DFGin,BLAminus,Type1,5,5,5,5,5,5
5S84B,5S84,B,354,383,385,7.837289327500351,32,32,ACVR1,TKL_ACVR1_HUMAN,DFGin,BLAminus,Type1,5,5,5,5,5,5
5S85B,5S85,B,354,383,385,7.839967088815282,32,32,ACVR1,TKL_ACVR1_HUMAN,DFGin,BLAminus,"Type1,Type1,Allosteric,Allosteric",5,5,5,5,5,5
5S86B,5S86,B,354,383,385,7.880623745699686,32,32,ACVR1,TKL_ACVR1_HUMAN,DFGin,BLAminus,"Type1,Allosteric",5,5,5,5,5,5
5S87B,5S87,B,354,383,385,7.742609124929046,32,32,ACVR1,TKL_ACVR1_HUMAN,DFGin,BLAminus,"Type1,Allosteric",5,5,5,5,5,5
5S88B,5S88,B,354,383,385,7.8712806334183565,32,32,ACVR1,TKL_ACVR1_HUMAN,DFGin,BLAminus,"Type1,Allosteric",5,5,5,5,5,5
5S89B,5S89,B,354,383,385,7.8652368500239636,32,32,ACVR1,TKL_ACVR1_HUMAN,DFGin,BLAminus,Type1,5,5,5,5,5,5
5S8AB,5S8A,B,354,383,385,7.8582390574061955,32,32,ACVR1,TKL_ACVR1_HUMAN,DFGin,BLAminus,"Type1,Allosteric",5,5,5,5,5,5
5S8BB,5S8B,B,354,383,385,7.861245026114371,32,32,ACVR1,TKL_ACVR1_HUMAN,DFGin,BLAminus,"Type1,Allosteric,Allosteric,Allosteric",5,5,5,5,5,5
5S9KB,5S9K,B,354,383,385,7.8814264164428325,32,32,ACVR1,TKL_ACVR1_HUMAN,DFGin,BLAminus,"Type1,Type3",5,5,5,5,5,5
5T1SA,5T1S,A,329,356,358,5.532966947773672,24,30,IRAK4,TKL_IRAK4_HUMAN,DFGin,BLAminus,Type1,5,5,5,5,5,5
5T1SC,5T1S,C,329,356,358,5.530423060323348,22,30,IRAK4,TKL_IRAK4_HUMAN,DFGin,BLAminus,Type1,5,5,5,5,5,5
5T1SD,5T1S,D,329,356,358,5.526072132550816,22,30,IRAK4,TKL_IRAK4_HUMAN,DFGin,BLAminus,Type1,5,5,5,5,5,5
5T1SB,5T1S,B,329,356,358,5.553065860930572,22,30,IRAK4,TKL_IRAK4_HUMAN,DFGin,BLAminus,Type1.5_Back,5,5,5,5,5,5
5T1TA,5T1T,A,329,356,358,5.4854978725602725,21,30,IRAK4,TKL_IRAK4_HUMAN,DFGin,BLAminus,Type1,5,5,5,5,5,5
5T1TB,5T1T,B,329,356,358,5.463251669272545,22,30,IRAK4,TKL_IRAK4_HUMAN,DFGin,BLAminus,Type1,5,5,5,5,5,5
5T1TC,5T1T,C,329,356,358,5.470064328294222,23,30,IRAK4,TKL_IRAK4_HUMAN,DFGin,BLAminus,Type1,5,5,5,5,5,5
5T1TD,5T1T,D,329,356,358,5.4679144603593,22,30,IRAK4,TKL_IRAK4_HUMAN,DFGin,BLAminus,Type1,5,5,5,5,5,5
5T31A,5T31,A,200,224,226,5.571044166258578,26,27,GSK3B,CMGC_GSK3B_HUMAN,DFGin,BLAminus,Type1,5,5,5,5,5,5
5T31B,5T31,B,200,224,226,5.541203133476362,26,27,GSK3B,CMGC_GSK3B_HUMAN,DFGin,BLAminus,Type1,5,5,5,5,5,5
5T5TA,5T5T,A,157,181,183,4.29256817343042,26,27,PRKAA1,CAMK_PRKAA1_RAT,DFGin,BLAminus,Type1,5,5,5,5,5,5
5T68A,5T68,A,512,540,542,4.615512722777464,27,31,SYK,TYR_SYK_HUMAN,DFGin,BLAminus,Type1,5,5,5,5,5,5
5T68B,5T68,B,512,540,542,4.648817423152124,27,31,SYK,TYR_SYK_HUMAN,DFGin,BLAminus,Type1,5,5,5,5,5,5
5T6AA,5T6A,A,195,219,221,7.536274257596665,26,27,CDPK1,CAMK_CDPK1_TOXGO,None,None,Type1,5,5,5,5,5,5
5T6IA,5T6I,A,195,219,221,7.551411755607553,27,27,CDPK1,CAMK_CDPK1_TOXGO,None,None,Type1,5,5,5,5,5,5
5T6KA,5T6K,A,195,219,221,7.544330938014504,26,27,CDPK1,CAMK_CDPK1_TOXGO,None,None,Type1,5,5,5,5,5,5
5T8OA,5T8O,A,536,566,568,5.429781530516615,29,33,MAP3K14,STE_MAP3K14_MOUSE,DFGin,BLAminus,Type1.5_Back,5,5,5,5,5,5
5T8OB,5T8O,B,536,566,568,5.454939601568771,33,33,MAP3K14,STE_MAP3K14_MOUSE,DFGin,BLAminus,Type1.5_Back,5,5,5,5,5,5
5T8PA,5T8P,A,536,566,568,5.660656608092208,31,33,MAP3K14,STE_MAP3K14_MOUSE,DFGin,BLAminus,Type1,5,5,5,5,5,5
5T8PB,5T8P,B,536,566,568,5.723186147592814,33,33,MAP3K14,STE_MAP3K14_MOUSE,DFGin,BLAminus,Type1,5,5,5,5,5,5
5T8QA,5T8Q,A,536,566,568,5.44116497853464,28,33,MAP3K14,STE_MAP3K14_MOUSE,DFGin,BLAminus,Type1,5,5,5,5,5,5
5T8QB,5T8Q,B,536,566,568,5.5258178352731555,33,33,MAP3K14,STE_MAP3K14_MOUSE,DFGin,BLAminus,Type1,5,5,5,5,5,5
5TA6A,5TA6,A,194,219,221,4.702320699256724,28,28,PLK1,CAMK_PLK1_HUMAN,DFGin,BLAminus,Type1,5,5,5,5,5,5
5TA8A,5TA8,A,194,219,221,4.691460322908445,28,28,PLK1,CAMK_PLK1_HUMAN,DFGin,BLAminus,Type1,5,5,5,5,5,5
5TE0A,5TE0,A,194,227,229,4.475129214175136,36,36,AAK1,OTHER_AAK1_HUMAN,DFGin,BLAminus,Type1,5,5,5,5,5,5
5TIUA,5TIU,A,512,540,542,4.559508963049412,31,31,SYK,TYR_SYK_HUMAN,DFGin,BLAminus,Type1,5,5,5,5,5,5
5TOZA,5TOZ,A,967,995,997,4.125804749230311,31,31,JAK3,TYR_JAK3-2_HUMAN,DFGin,BLAminus,Type1,5,5,5,5,5,5
5TQ3A,5TQ3,A,994,1022,1024,4.143949856891148,27,31,JAK2,TYR_JAK2-2_HUMAN,DFGin,None,Type1.5_Back,5,5,5,5,5,5
5TQ3B,5TQ3,B,994,1022,1024,4.146017905111309,29,31,JAK2,TYR_JAK2-2_HUMAN,DFGin,None,Type1.5_Back,5,5,5,5,5,5
5TQ4A,5TQ4,A,994,1022,1024,4.1074817463604045,29,31,JAK2,TYR_JAK2-2_HUMAN,DFGin,BLAminus,Type1.5_Back,5,5,5,5,5,5
5TQ5A,5TQ5,A,994,1022,1024,4.1791043669026005,31,31,JAK2,TYR_JAK2-2_HUMAN,DFGin,BLAminus,Type1.5_Back,5,5,5,5,5,5
5TQ6A,5TQ6,A,994,1022,1024,4.144102236839996,26,31,JAK2,TYR_JAK2-2_HUMAN,DFGin,ABAminus,Type1,5,5,5,5,5,5
5TQ6B,5TQ6,B,994,1022,1024,4.16520437630399,25,31,JAK2,TYR_JAK2-2_HUMAN,DFGin,ABAminus,Type1,5,5,5,5,5,5
5TQ7A,5TQ7,A,994,1022,1024,4.179903584871083,25,31,JAK2,TYR_JAK2-2_HUMAN,DFGin,ABAminus,Type1,5,5,5,5,5,5
5TQ7B,5TQ7,B,994,1022,1024,4.161741084073708,26,31,JAK2,TYR_JAK2-2_HUMAN,DFGin,ABAminus,Type1,5,5,5,5,5,5
5TQ8A,5TQ8,A,994,1022,1024,4.143071947364814,31,31,JAK2,TYR_JAK2-2_HUMAN,DFGin,BLAminus,Type1.5_Back,5,5,5,5,5,5
5TR6A,5TR6,A,512,540,542,4.590057566218197,31,31,SYK,TYR_SYK_HUMAN,DFGin,BLAminus,Type1,5,5,5,5,5,5
5TT7A,5TT7,A,512,540,542,4.574835345489565,31,31,SYK,TYR_SYK_HUMAN,DFGin,BLAminus,Type1,5,5,5,5,5,5
5TTSA,5TTS,A,967,995,997,4.1296867708473695,31,31,JAK3,TYR_JAK3-2_HUMAN,DFGin,BLAminus,Type1,5,5,5,5,5,5
5TTUA,5TTU,A,967,995,997,4.118275250700089,31,31,JAK3,TYR_JAK3-2_HUMAN,DFGin,BLAminus,Type1,5,5,5,5,5,5
5TTVA,5TTV,A,967,995,997,4.17943093401924,31,31,JAK3,TYR_JAK3-2_HUMAN,DFGin,BLAminus,Type1,5,5,5,5,5,5
5TWUA,5TWU,A,150,176,178,4.215023736265935,22,29,MELK,CAMK_MELK_HUMAN,DFGin,BLAminus,No_ligand,5,5,5,5,5,5
5TX5B,5TX5,B,156,194,196,3.0531766826962086,29,41,RIPK1,TKL_RIPK1_HUMAN,DFGout,BBAminus,Type1,5,5,5,5,5,5
5U6IA,5U6I,A,165,193,195,4.825732841595492,31,31,MAPK1,CMGC_MAPK1_RAT,DFGin,BLAminus,Type1,5,5,5,5,5,5
5U6YA,5U6Y,A,156,181,183,7.1486566669549605,28,28,CAMK2A,CAMK_CAMK2A_RAT,DFGin,BLAminus,No_ligand,5,5,5,5,5,5
5U6YB,5U6Y,B,156,181,183,7.148611440182013,28,28,CAMK2A,CAMK_CAMK2A_RAT,DFGin,BLAminus,No_ligand,5,5,5,5,5,5
5U6YC,5U6Y,C,156,181,183,7.1485385036458835,28,28,CAMK2A,CAMK_CAMK2A_RAT,DFGin,BLAminus,No_ligand,5,5,5,5,5,5
5U6YD,5U6Y,D,156,181,183,7.148574151192283,28,28,CAMK2A,CAMK_CAMK2A_RAT,DFGin,BLAminus,No_ligand,5,5,5,5,5,5
5U6YE,5U6Y,E,156,181,183,7.148581655288584,28,28,CAMK2A,CAMK_CAMK2A_RAT,DFGin,BLAminus,No_ligand,5,5,5,5,5,5
5U6YF,5U6Y,F,156,181,183,7.148665149838923,28,28,CAMK2A,CAMK_CAMK2A_RAT,DFGin,BLAminus,No_ligand,5,5,5,5,5,5
5U6YG,5U6Y,G,156,181,183,7.148522824459342,28,28,CAMK2A,CAMK_CAMK2A_RAT,DFGin,BLAminus,No_ligand,5,5,5,5,5,5
5U6YH,5U6Y,H,156,181,183,7.148608926754511,28,28,CAMK2A,CAMK_CAMK2A_RAT,DFGin,BLAminus,No_ligand,5,5,5,5,5,5
5U6YI,5U6Y,I,156,181,183,7.148534475496076,28,28,CAMK2A,CAMK_CAMK2A_RAT,DFGin,BLAminus,No_ligand,5,5,5,5,5,5
5U6YJ,5U6Y,J,156,181,183,7.1486324470318054,28,28,CAMK2A,CAMK_CAMK2A_RAT,DFGin,BLAminus,No_ligand,5,5,5,5,5,5
5U6YK,5U6Y,K,156,181,183,7.148625859974727,28,28,CAMK2A,CAMK_CAMK2A_RAT,DFGin,BLAminus,No_ligand,5,5,5,5,5,5
5U6YL,5U6Y,L,156,181,183,7.148633107610116,28,28,CAMK2A,CAMK_CAMK2A_RAT,DFGin,BLAminus,No_ligand,5,5,5,5,5,5
5U7QA,5U7Q,A,232,258,260,2.9490364564757723,29,29,ROCK2,AGC_ROCK2_HUMAN,DFGin,ABAminus,No_ligand,5,5,5,5,5,5
5U7QB,5U7Q,B,232,258,260,2.9808076122851666,29,29,ROCK2,AGC_ROCK2_HUMAN,DFGin,ABAminus,No_ligand,5,5,5,5,5,5
5U7QC,5U7Q,C,232,258,260,2.946713297975068,29,29,ROCK2,AGC_ROCK2_HUMAN,DFGin,ABAminus,No_ligand,5,5,5,5,5,5
5U7QD,5U7Q,D,232,258,260,2.9325216789555952,26,29,ROCK2,AGC_ROCK2_HUMAN,DFGin,ABAminus,No_ligand,5,5,5,5,5,5
5U7RA,5U7R,A,232,258,260,2.99667012102124,29,29,ROCK2,AGC_ROCK2_HUMAN,DFGin,ABAminus,Type1,5,5,5,5,5,5
5U7RC,5U7R,C,232,258,260,2.973079394983107,29,29,ROCK2,AGC_ROCK2_HUMAN,DFGin,ABAminus,Type1,5,5,5,5,5,5
5U7RB,5U7R,B,232,258,260,2.963777355544535,29,29,ROCK2,AGC_ROCK2_HUMAN,DFGin,BLAminus,Type1,5,5,5,5,5,5
5U7RD,5U7R,D,232,258,260,2.982278594557671,27,29,ROCK2,AGC_ROCK2_HUMAN,DFGin,None,Type1,5,5,5,5,5,5
5UFUA,5UFU,A,157,181,183,4.2728388187439155,26,27,PRKAA1,CAMK_PRKAA1_MOUSE,DFGin,BLAminus,"Type1,Allosteric",5,5,5,5,5,5
5UGLA,5UGL,A,644,671,673,4.143142552564222,30,30,FGFR2,TYR_FGFR2_HUMAN,DFGin,BLAminus,ATPlike,5,5,5,5,5,5
5UGXA,5UGX,A,644,671,673,4.172580855122991,30,30,FGFR2,TYR_FGFR2_HUMAN,DFGin,BLAminus,ATPlike,5,5,5,5,5,5
5UHNA,5UHN,A,644,671,673,4.191063179555845,30,30,FGFR2,TYR_FGFR2_HUMAN,DFGin,BLAminus,ATPlike,5,5,5,5,5,5
5UI0B,5UI0,B,644,671,673,4.191840502648579,30,30,FGFR2,TYR_FGFR2_HUMAN,DFGin,BLAminus,ATPlike,5,5,5,5,5,5
5UI0A,5UI0,A,644,671,673,4.155776160661598,30,30,FGFR2,TYR_FGFR2_HUMAN,DFGin,BLAminus,No_ligand,5,5,5,5,5,5
5UIQA,5UIQ,A,329,356,358,5.495714118874934,23,30,IRAK4,TKL_IRAK4_HUMAN,DFGin,BLAminus,Type1,5,5,5,5,5,5
5UIQB,5UIQ,B,329,356,358,5.488681026558556,22,30,IRAK4,TKL_IRAK4_HUMAN,DFGin,BLAminus,Type1,5,5,5,5,5,5
5UIQC,5UIQ,C,329,356,358,5.4287450811101605,23,30,IRAK4,TKL_IRAK4_HUMAN,DFGin,BLAminus,Type1,5,5,5,5,5,5
5UIQD,5UIQ,D,329,356,358,5.435468891938653,21,30,IRAK4,TKL_IRAK4_HUMAN,DFGin,BLAminus,Type1,5,5,5,5,5,5
5UIRB,5UIR,B,329,356,358,5.503799137716738,22,30,IRAK4,TKL_IRAK4_HUMAN,DFGin,BLAminus,Type1,5,5,5,5,5,5
5UISA,5UIS,A,329,356,358,5.504321052509109,21,30,IRAK4,TKL_IRAK4_HUMAN,DFGin,BLAminus,Type1,5,5,5,5,5,5
5UISB,5UIS,B,329,356,358,5.504263343664679,22,30,IRAK4,TKL_IRAK4_HUMAN,DFGin,BLAminus,Type1,5,5,5,5,5,5
5UISC,5UIS,C,329,356,358,5.526291484744363,21,30,IRAK4,TKL_IRAK4_HUMAN,DFGin,BLAminus,Type1,5,5,5,5,5,5
5UISD,5UIS,D,329,356,358,5.5190225602457685,21,30,IRAK4,TKL_IRAK4_HUMAN,DFGin,BLAminus,Type1,5,5,5,5,5,5
5UITA,5UIT,A,329,356,358,5.529344123280618,23,30,IRAK4,TKL_IRAK4_HUMAN,DFGin,BLAminus,Type1,5,5,5,5,5,5
5UITB,5UIT,B,329,356,358,5.524021634971344,23,30,IRAK4,TKL_IRAK4_HUMAN,DFGin,BLAminus,Type1,5,5,5,5,5,5
5UIUA,5UIU,A,329,356,358,5.497070091986713,22,30,IRAK4,TKL_IRAK4_HUMAN,DFGin,BLAminus,Type1,5,5,5,5,5,5
5UIUB,5UIU,B,329,356,358,5.523184934522132,22,30,IRAK4,TKL_IRAK4_HUMAN,DFGin,BLAminus,Type1,5,5,5,5,5,5
5UKKA,5UKK,A,335,358,360,3.984942345481394,26,26,GRK2,AGC_GRK2_HUMAN,DFGin,BLAminus,Type1.5_Front,5,5,5,5,5,5
5UKLA,5UKL,A,335,358,360,3.930527404784904,26,26,GRK2,AGC_GRK2_HUMAN,DFGin,BLAminus,Type1,5,5,5,5,5,5
5UKMA,5UKM,A,335,358,360,3.9762829890370255,26,26,GRK2,AGC_GRK2_BOVIN,DFGin,BLAminus,Type1,5,5,5,5,5,5
5UMOA,5UMO,A,165,193,195,4.789458376394639,31,31,MAPK1,CMGC_MAPK1_RAT,DFGin,BLAminus,No_ligand,5,5,5,5,5,5
5UOJA,5UOJ,A,168,190,192,4.66191544756834,19,25,MAPK14,CMGC_MAPK14_MOUSE,DFGin,BLBminus,No_ligand,5,5,5,5,5,5
5UORB,5UOR,B,822,847,849,4.112117382601408,20,28,MAP3K5,STE_MAP3K5_HUMAN,DFGin,BLAminus,Type1,5,5,5,5,5,5
5UOXA,5UOX,A,822,847,849,4.124645259683201,20,28,MAP3K5,STE_MAP3K5_HUMAN,DFGin,BLAminus,Type1,5,5,5,5,5,5
5UOXB,5UOX,B,822,847,849,4.11344085563104,20,28,MAP3K5,STE_MAP3K5_HUMAN,DFGin,BLAminus,Type1,5,5,5,5,5,5
5UP3A,5UP3,A,822,847,849,4.117741357269774,20,28,MAP3K5,STE_MAP3K5_HUMAN,DFGin,BLAminus,Type1,5,5,5,5,5,5
5UPKB,5UPK,B,458,483,485,4.851851904594587,27,28,PAK4,STE_PAK4_HUMAN,DFGin,BLAminus,ATPlike,5,5,5,5,5,5
5UPLA,5UPL,A,458,483,485,4.823939358163549,27,28,PAK4,STE_PAK4_HUMAN,DFGin,BLAminus,No_ligand,5,5,5,5,5,5
5UQ1A,5UQ1,A,145,170,172,4.709280484571671,28,28,CDK2,CMGC_CDK2_HUMAN,DFGin,BLAminus,No_ligand,5,5,5,5,5,5
5UQ1C,5UQ1,C,145,170,172,4.7401947706117715,28,28,CDK2,CMGC_CDK2_HUMAN,DFGin,None,No_ligand,5,5,5,5,5,5
5UQ2A,5UQ2,A,145,170,172,4.728558614792394,28,28,CDK2,CMGC_CDK2_HUMAN,DFGin,BLAminus,No_ligand,5,5,5,5,5,5
5UQ3A,5UQ3,A,145,170,172,4.618703465875861,28,28,CDK2,CMGC_CDK2_HUMAN,DFGin,BLAminus,No_ligand,5,5,5,5,5,5
5USQA,5USQ,A,351,380,382,8.311656743521931,32,32,TGFBR1,TKL_TGFBR1_HUMAN,DFGin,BLAminus,Type1,5,5,5,5,5,5
5USYA,5USY,A,994,1022,1024,4.129385847427064,27,31,JAK2,TYR_JAK2-2_HUMAN,DFGin,BLAminus,Type1,5,5,5,5,5,5
5USYB,5USY,B,994,1022,1024,4.140412469103876,27,31,JAK2,TYR_JAK2-2_HUMAN,DFGin,BLAminus,Type1,5,5,5,5,5,5
5UUUA,5UUU,A,335,358,360,3.9639750547921238,26,26,GRK2,AGC_GRK2_HUMAN,DFGin,BLAminus,Type1.5_Front,5,5,5,5,5,5
5UVCA,5UVC,A,335,358,360,3.9312020940918577,26,26,GRK2,AGC_GRK2_HUMAN,DFGin,BLAminus,Type1,5,5,5,5,5,5
5UY6A,5UY6,A,330,355,357,2.5910463252150313,28,28,CAMKK2,CAMK_CAMKK2_HUMAN,DFGin,BLAminus,Type1,5,5,5,5,5,5
5UYJA,5UYJ,A,330,355,357,2.6019949883229043,28,28,CAMKK2,CAMK_CAMKK2_HUMAN,DFGin,BLAminus,Type1,5,5,5,5,5,5
5UZJA,5UZJ,A,216,242,244,2.563259718105325,29,29,ROCK1,AGC_ROCK1_HUMAN,DFGin,BLAminus,Type1,5,5,5,5,5,5
5UZJB,5UZJ,B,216,242,244,2.5219446821680322,29,29,ROCK1,AGC_ROCK1_HUMAN,DFGin,BLAminus,Type1,5,5,5,5,5,5
5UZKA,5UZK,A,184,206,208,4.834219206888709,24,25,PRKACA,AGC_PRKACA_HUMAN,DFGin,BLAminus,Type1,5,5,5,5,5,5
5V19A,5V19,A,822,847,849,4.170621140229841,20,28,MAP3K5,STE_MAP3K5_HUMAN,DFGin,BLAminus,Type1,5,5,5,5,5,5
5V19B,5V19,B,822,847,849,4.09127860850093,22,28,MAP3K5,STE_MAP3K5_HUMAN,DFGin,BLAminus,Type1,5,5,5,5,5,5
5V24B,5V24,B,822,847,849,4.113324847716744,20,28,MAP3K5,STE_MAP3K5_HUMAN,DFGin,BLAminus,Type1,5,5,5,5,5,5
5V60A,5V60,A,167,195,197,4.714564470442325,29,31,MAPK1,CMGC_MAPK1_HUMAN,DFGin,BLAminus,ATPlike,5,5,5,5,5,5
5V61A,5V61,A,167,195,197,4.675646187074118,29,31,MAPK1,CMGC_MAPK1_HUMAN,DFGin,BLAminus,No_ligand,5,5,5,5,5,5
5V62A,5V62,A,167,195,197,4.641041818080564,29,31,MAPK1,CMGC_MAPK1_HUMAN,DFGin,BLAminus,"Type1,Type1",5,5,5,5,5,5
5VAMA,5VAM,A,594,621,623,1.2569193565606522,26,30,BRAF,TKL_BRAF_HUMAN,DFGout,BBAminus,Type2,5,5,5,5,5,5
5VCVA,5VCV,A,251,275,277,6.497018894397301,26,27,PKMYT1,OTHER_PKMYT1_HUMAN,DFGin,BLAminus,Type1,5,5,5,5,5,5
5VCWA,5VCW,A,251,275,277,6.5925464835274585,27,27,PKMYT1,OTHER_PKMYT1_HUMAN,DFGin,BLAminus,Type1,5,5,5,5,5,5
5VCWB,5VCW,B,251,275,277,6.636354318818957,27,27,PKMYT1,OTHER_PKMYT1_HUMAN,DFGin,BLAminus,Type1,5,5,5,5,5,5
5VCXA,5VCX,A,251,275,277,6.475751677401844,27,27,PKMYT1,OTHER_PKMYT1_HUMAN,DFGin,BLAminus,Type1,5,5,5,5,5,5
5VCYA,5VCY,A,251,275,277,6.5750749752590325,27,27,PKMYT1,OTHER_PKMYT1_HUMAN,DFGin,BLAminus,Type1,5,5,5,5,5,5
5VCZA,5VCZ,A,251,275,277,6.577259160855707,27,27,PKMYT1,OTHER_PKMYT1_HUMAN,DFGin,BLAminus,Type1,5,5,5,5,5,5
5VD0A,5VD0,A,251,275,277,6.570407550530394,27,27,PKMYT1,OTHER_PKMYT1_HUMAN,DFGin,BLAminus,Type1,5,5,5,5,5,5
5VD1A,5VD1,A,251,275,277,6.5506727284851785,27,27,PKMYT1,OTHER_PKMYT1_HUMAN,DFGin,BLAminus,Type1,5,5,5,5,5,5
5VD3A,5VD3,A,251,275,277,6.570398221265942,27,27,PKMYT1,OTHER_PKMYT1_HUMAN,DFGin,BLAminus,Type1,5,5,5,5,5,5
5VEDA,5VED,A,458,483,485,4.9010571461675685,27,28,PAK4,STE_PAK4_HUMAN,DFGin,BLAminus,Type1,5,5,5,5,5,5
5VEEA,5VEE,A,458,483,485,4.877466058659072,27,28,PAK4,STE_PAK4_HUMAN,DFGin,BLAminus,Type1,5,5,5,5,5,5
5VEFA,5VEF,A,458,483,485,4.849223739958328,27,28,PAK4,STE_PAK4_HUMAN,DFGin,BLAminus,Type1,5,5,5,5,5,5
5VHBA,5VHB,A,185,207,209,4.835465229712381,24,25,PRKACA,AGC_PRKACA_BOVIN,DFGin,BLAminus,Type1,5,5,5,5,5,5
5VI9A,5VI9,A,185,207,209,4.859631106352889,24,25,PRKACA,AGC_PRKACA_BOVIN,DFGin,ABAminus,Type1,5,5,5,5,5,5
5VIBA,5VIB,A,185,207,209,4.903807670490416,24,25,PRKACA,AGC_PRKACA_BOVIN,DFGin,ABAminus,Type1,5,5,5,5,5,5
5VILA,5VIL,A,822,847,849,4.130425660656276,28,28,MAP3K5,STE_MAP3K5_HUMAN,DFGin,BLAminus,Type1,5,5,5,5,5,5
5VILB,5VIL,B,822,847,849,4.149877641152085,28,28,MAP3K5,STE_MAP3K5_HUMAN,DFGin,BLAminus,Type1,5,5,5,5,5,5
5VILD,5VIL,D,822,847,849,4.123315765500237,28,28,MAP3K5,STE_MAP3K5_HUMAN,DFGin,BLAminus,Type1,5,5,5,5,5,5
5VILC,5VIL,C,822,847,849,4.11596882684682,28,28,MAP3K5,STE_MAP3K5_HUMAN,DFGin,None,Type1,5,5,5,5,5,5
5VIOA,5VIO,A,822,847,849,4.133303120249908,28,28,MAP3K5,STE_MAP3K5_HUMAN,DFGin,BLAminus,Type1,5,5,5,5,5,5
5VIOB,5VIO,B,822,847,849,4.120335682233485,28,28,MAP3K5,STE_MAP3K5_HUMAN,DFGin,BLAminus,Type1,5,5,5,5,5,5
5VIOD,5VIO,D,822,847,849,4.105690546106107,28,28,MAP3K5,STE_MAP3K5_HUMAN,DFGin,BLAminus,Type1,5,5,5,5,5,5
5VIOC,5VIO,C,822,847,849,4.109056911881134,28,28,MAP3K5,STE_MAP3K5_HUMAN,DFGin,None,No_ligand,5,5,5,5,5,5
5VJAA,5VJA,A,161,185,187,7.602874621540677,27,27,DAPK3,CAMK_DAPK3_HUMAN,DFGin,BLAminus,Type1,5,5,5,5,5,5
5VJAB,5VJA,B,161,185,187,7.592701276929311,27,27,DAPK3,CAMK_DAPK3_HUMAN,DFGin,BLAminus,Type1,5,5,5,5,5,5
5VJAC,5VJA,C,161,185,187,7.624312952837704,27,27,DAPK3,CAMK_DAPK3_HUMAN,DFGin,BLAminus,Type1,5,5,5,5,5,5
5VJAD,5VJA,D,161,185,187,7.63651246045777,27,27,DAPK3,CAMK_DAPK3_HUMAN,DFGin,BLAminus,Type1,5,5,5,5,5,5
5VLOA,5VLO,A,157,182,184,7.0727398769554926,28,28,CAMK2D,CAMK_CAMK2D_HUMAN,DFGin,BLAminus,Type1,5,5,5,5,5,5
5VLOB,5VLO,B,157,182,184,7.137444283269167,28,28,CAMK2D,CAMK_CAMK2D_HUMAN,DFGin,BLAminus,Type1,5,5,5,5,5,5
5VNDA,5VND,A,641,668,670,4.394689571179583,29,30,FGFR1,TYR_FGFR1_HUMAN,DFGin,BLAplus,Type1.5_Back,5,5,5,5,5,5
5VNDB,5VND,B,641,668,670,4.438131826790572,30,30,FGFR1,TYR_FGFR1_HUMAN,DFGin,BLAplus,Type1.5_Back,5,5,5,5,5,5
5VO6A,5VO6,A,967,995,997,4.171579770117512,25,31,JAK3,TYR_JAK3-2_HUMAN,DFGin,BLAminus,Type1,5,5,5,5,5,5
5VT1A,5VT1,A,330,355,357,2.45199648505636,28,28,CAMKK2,CAMK_CAMKK2_HUMAN,DFGin,BLAminus,Type1,5,5,5,5,5,5
5W5QA,5W5Q,A,171,196,198,3.8847282939974406,28,28,MAP4K4,STE_MAP4K4_HUMAN,DFGin,BLBplus,Type1.5_Back,5,5,5,5,5,5
5W5QB,5W5Q,B,171,196,198,3.995664729913056,28,28,MAP4K4,STE_MAP4K4_HUMAN,DFGout,None,No_ligand,5,5,5,5,5,5
5W7TA,5W7T,A,368,391,393,6.56211449783719,25,26,WNK1,OTHER_WNK1_RAT,DFGin,BLBtrans,ATPlike,5,5,5,5,5,5
5W7TB,5W7T,B,368,391,393,6.563212445830044,25,26,WNK1,OTHER_WNK1_RAT,DFGin,BLBtrans,ATPlike,5,5,5,5,5,5
5W80A,5W80,A,195,219,221,7.557727543156658,27,27,CDPK1,CAMK_CDPK1_TOXGO,None,None,Type1,5,5,5,5,5,5
5W84A,5W84,A,329,356,358,5.480679449970975,22,30,IRAK4,TKL_IRAK4_HUMAN,DFGin,BLAminus,Type1,5,5,5,5,5,5
5W84B,5W84,B,329,356,358,5.514471738082181,22,30,IRAK4,TKL_IRAK4_HUMAN,DFGin,BLAminus,Type1,5,5,5,5,5,5
5W85A,5W85,A,329,356,358,5.494790991777934,22,30,IRAK4,TKL_IRAK4_HUMAN,DFGin,BLAminus,Type1,5,5,5,5,5,5
5W85B,5W85,B,329,356,358,5.528205800351162,23,30,IRAK4,TKL_IRAK4_HUMAN,DFGin,BLAminus,Type1,5,5,5,5,5,5
5W86A,5W86,A,967,995,997,4.053498903808804,24,31,JAK3,TYR_JAK3-2_HUMAN,DFGin,BLAminus,Type1,5,5,5,5,5,5
5W86B,5W86,B,967,995,997,4.070226141341819,24,31,JAK3,TYR_JAK3-2_HUMAN,DFGin,BLAminus,Type1,5,5,5,5,5,5
5W86C,5W86,C,967,995,997,4.078776342491108,23,31,JAK3,TYR_JAK3-2_HUMAN,DFGin,BLAminus,Type1,5,5,5,5,5,5
5W86D,5W86,D,967,995,997,4.057392843611502,24,31,JAK3,TYR_JAK3-2_HUMAN,DFGin,BLAminus,Type1,5,5,5,5,5,5
5W8RA,5W8R,A,195,219,221,7.582364864852251,27,27,CDPK1,CAMK_CDPK1_TOXGO,None,None,Type1,5,5,5,5,5,5
5W91A,5W91,A,195,219,221,7.596920111312899,27,27,CDPK1,CAMK_CDPK1_TOXGO,None,None,Type1,5,5,5,5,5,5
5W9EA,5W9E,A,195,219,221,7.602878518910202,27,27,CDPK1,CAMK_CDPK1_TOXGO,None,None,Type1,5,5,5,5,5,5
5W9RA,5W9R,A,195,219,221,7.583082789772478,27,27,CDPK1,CAMK_CDPK1_TOXGO,None,None,Type1,5,5,5,5,5,5
5WALA,5WAL,A,1041,1069,1071,4.122213989637692,29,31,TYK2,TYR_TYK2-2_HUMAN,DFGin,ABAminus,Type1,5,5,5,5,5,5
5WE8A,5WE8,A,368,391,393,6.847030733435677,26,26,WNK1,OTHER_WNK1_HUMAN,DFGin,BLAminus,"ATPlike,Type3",5,5,5,5,5,5
5WE8B,5WE8,B,368,391,393,6.856559834220094,26,26,WNK1,OTHER_WNK1_HUMAN,DFGin,BLAminus,"ATPlike,Type3",5,5,5,5,5,5
5WEVA,5WEV,A,994,1022,1024,4.148788679542693,29,31,JAK2,TYR_JAK2-2_HUMAN,DFGin,BLAminus,Type1,5,5,5,5,5,5
5WFJA,5WFJ,A,967,995,997,4.114105197106862,29,31,JAK3,TYR_JAK3-2_HUMAN,DFGin,BLAminus,Type1,5,5,5,5,5,5
5WG3A,5WG3,A,335,358,360,3.897525923882407,26,26,GRK2,AGC_GRK2_HUMAN,DFGin,BLAminus,Type1,5,5,5,5,5,5
5WG4A,5WG4,A,335,358,360,3.9038703556240013,26,26,GRK2,AGC_GRK2_HUMAN,DFGin,BLAminus,Type1,5,5,5,5,5,5
5WG5A,5WG5,A,335,358,360,3.863267931536475,26,26,GRK2,AGC_GRK2_HUMAN,DFGin,BLAminus,Type1,5,5,5,5,5,5
5WJJA,5WJJ,A,168,190,192,4.570566400932601,19,25,MAPK14,CMGC_MAPK14_HUMAN,DFGinter,None,Type1,5,5,5,5,5,5
5WNEA,5WNE,A,216,242,244,2.7631386944109138,29,29,ROCK1,AGC_ROCK1_HUMAN,DFGin,BLAminus,Type1.5_Front,5,5,5,5,5,5
5WNEC,5WNE,C,216,242,244,2.654449149960055,29,29,ROCK1,AGC_ROCK1_HUMAN,DFGin,BLAminus,Type1.5_Front,5,5,5,5,5,5
5WNED,5WNE,D,216,242,244,2.8845678790127605,29,29,ROCK1,AGC_ROCK1_HUMAN,DFGin,BLAminus,Type1.5_Front,5,5,5,5,5,5
5WNFA,5WNF,A,216,242,244,2.764876376859516,29,29,ROCK1,AGC_ROCK1_HUMAN,DFGin,ABAminus,Type1,5,5,5,5,5,5
5WNFB,5WNF,B,216,242,244,2.5955983358014367,22,29,ROCK1,AGC_ROCK1_HUMAN,DFGin,ABAminus,Type1,5,5,5,5,5,5
5WNFC,5WNF,C,216,242,244,2.661029963865449,29,29,ROCK1,AGC_ROCK1_HUMAN,DFGin,ABAminus,Type1,5,5,5,5,5,5
5WNFD,5WNF,D,216,242,244,2.9454269804779925,29,29,ROCK1,AGC_ROCK1_HUMAN,DFGin,ABAminus,Type1,5,5,5,5,5,5
5WNGA,5WNG,A,216,242,244,2.763258688164035,29,29,ROCK1,AGC_ROCK1_HUMAN,DFGin,ABAminus,Type1,5,5,5,5,5,5
5WNGB,5WNG,B,216,242,244,2.567479950455807,22,29,ROCK1,AGC_ROCK1_HUMAN,DFGin,ABAminus,Type1,5,5,5,5,5,5
5WNGC,5WNG,C,216,242,244,2.673580861888652,29,29,ROCK1,AGC_ROCK1_HUMAN,DFGin,ABAminus,Type1,5,5,5,5,5,5
5WNGD,5WNG,D,216,242,244,2.887202928148078,29,29,ROCK1,AGC_ROCK1_HUMAN,DFGin,ABAminus,Type1,5,5,5,5,5,5
5WNHA,5WNH,A,216,242,244,2.773055985854235,29,29,ROCK1,AGC_ROCK1_HUMAN,DFGin,ABAminus,Type1,5,5,5,5,5,5
5WNHB,5WNH,B,216,242,244,2.5822825874403783,22,29,ROCK1,AGC_ROCK1_HUMAN,DFGin,ABAminus,Type1,5,5,5,5,5,5
5WNHC,5WNH,C,216,242,244,2.6978528591545685,29,29,ROCK1,AGC_ROCK1_HUMAN,DFGin,ABAminus,Type1,5,5,5,5,5,5
5WNHD,5WNH,D,216,242,244,2.923951085130579,29,29,ROCK1,AGC_ROCK1_HUMAN,DFGin,ABAminus,Type1,5,5,5,5,5,5
5WO4A,5WO4,A,1021,1049,1051,4.225816572900154,29,31,JAK1,TYR_JAK1-2_HUMAN,DFGin,ABAminus,Type1,5,5,5,5,5,5
5WO4B,5WO4,B,1021,1049,1051,4.206637464348051,29,31,JAK1,TYR_JAK1-2_HUMAN,DFGin,ABAminus,Type1,5,5,5,5,5,5
5WP1A,5WP1,A,167,195,197,4.891689050419559,31,31,MAPK1,CMGC_MAPK1_HUMAN,DFGin,BLAminus,"Type1,Allosteric",5,5,5,5,5,5
5X02A,5X02,A,829,856,858,4.297387014362117,30,30,FLT3,TYR_FLT3_HUMAN,DFGout,None,Type1,5,5,5,5,5,5
5X1QA,5X1Q,A,183,266,268,8.54085268703102,81,86,None,OTHER_None_SERSF,DFGin,ABAminus,ATPlike,5,5,5,5,5,5
5X1RA,5X1R,A,183,266,268,8.404268953019896,81,86,None,OTHER_None_SERSF,DFGin,ABAminus,No_ligand,5,5,5,5,5,5
5X1SA,5X1S,A,183,266,268,8.412404732675693,81,86,None,OTHER_None_SERSF,DFGin,ABAminus,ATPlike,5,5,5,5,5,5
5X1TA,5X1T,A,183,266,268,8.542966858582282,81,86,None,OTHER_None_SERSF,DFGin,ABAminus,ATPlike,5,5,5,5,5,5
5X3FB,5X3F,B,323,345,347,4.826846110419208,24,25,PRKACA,AGC_PRKACA_MOUSE,DFGin,ABAminus,No_ligand,5,5,5,5,5,5
5X5OA,5X5O,A,151,174,176,5.488462434592569,25,26,MAP3K20,TKL_MAP3K20_HUMAN,DFGin,BLAplus,Type1.5_Back,5,5,5,5,5,5
5XKAA,5XKA,A,159,170,172,8.711620556273145,14,14,PKNI,OTHER_PKNI_MYCTU,DFGin,BLBminus,No_ligand,5,5,5,5,5,5
5XKAB,5XKA,B,159,170,172,8.68604216747867,14,14,PKNI,OTHER_PKNI_MYCTU,DFGin,BLBminus,No_ligand,5,5,5,5,5,5
5XP5A,5XP5,A,404,430,432,4.475161265655094,21,29,SRC,TYR_SRC_CHICK,DFGin,BLAminus,Type1,5,5,5,5,5,5
5XP5B,5XP5,B,404,430,432,4.462158607616914,21,29,SRC,TYR_SRC_CHICK,DFGin,BLAminus,Type1,5,5,5,5,5,5
5XVAA,5XVA,A,458,483,485,4.85494648429301,27,28,PAK4,STE_PAK4_HUMAN,DFGin,BLAminus,Type1,5,5,5,5,5,5
5XVFA,5XVF,A,458,483,485,4.8962037624328545,27,28,PAK4,STE_PAK4_HUMAN,DFGin,BLAminus,Type1,5,5,5,5,5,5
5XVGA,5XVG,A,458,483,485,4.8568425516133304,27,28,PAK4,STE_PAK4_HUMAN,DFGin,BLAminus,Type1,5,5,5,5,5,5
5XYXA,5XYX,A,168,190,192,4.647043688212477,22,25,MAPK14,CMGC_MAPK14_HUMAN,DFGin,BLBminus,Type1.5_Back,5,5,5,5,5,5
5XYYA,5XYY,A,168,190,192,4.6521458364882955,25,25,MAPK14,CMGC_MAPK14_HUMAN,DFGin,BLBminus,Type1.5_Back,5,5,5,5,5,5
5Y5TA,5Y5T,A,512,540,542,4.571027689658945,31,31,SYK,TYR_SYK_HUMAN,DFGin,BLAminus,Type1,5,5,5,5,5,5
5Y5UA,5Y5U,A,512,540,542,4.5793518536196265,31,31,SYK,TYR_SYK_HUMAN,DFGin,BLAminus,Type1,5,5,5,5,5,5
5Y5UB,5Y5U,B,512,540,542,4.588126297407966,25,31,SYK,TYR_SYK_HUMAN,DFGin,BLAminus,Type1,5,5,5,5,5,5
5Y86A,5Y86,A,355,377,379,6.730577093305452,24,25,DYRK3,CMGC_DYRK3_HUMAN,DFGin,BLAminus,Type1,5,5,5,5,5,5
5YJ9D,5YJ9,D,359,390,392,6.994279926217764,32,34,PINK1,OTHER_PINK1_TRICA,DFGin,ABAminus,ATPlike,5,5,5,5,5,5
5YKSB,5YKS,B,158,182,184,4.941686499038138,21,27,SNRK,CAMK_SNRK_HUMAN,DFGin,BLBminus,No_ligand,5,5,5,5,5,5
5YT3B,5YT3,B,208,231,233,7.73628088412418,26,26,MAP2K1,STE_MAP2K1_HUMAN,DFGin,None,ATPlike,5,5,5,5,5,5
5YT3D,5YT3,D,208,231,233,7.701380448069263,26,26,MAP2K1,STE_MAP2K1_HUMAN,DFGin,None,ATPlike,5,5,5,5,5,5
5YV8A,5YV8,A,330,355,357,2.5699001413863853,28,28,CAMKK2,CAMK_CAMKK2_HUMAN,DFGin,BLAminus,Type1,5,5,5,5,5,5
5YV9A,5YV9,A,330,355,357,2.5591910501579456,28,28,CAMKK2,CAMK_CAMKK2_HUMAN,DFGin,BLAminus,Type1.5_Back,5,5,5,5,5,5
5YVAA,5YVA,A,330,355,357,2.560305285794177,28,28,CAMKK2,CAMK_CAMKK2_HUMAN,DFGin,BLAminus,Type1,5,5,5,5,5,5
5YVBA,5YVB,A,330,355,357,2.5625969695684248,28,28,CAMKK2,CAMK_CAMKK2_HUMAN,DFGin,BLAminus,Type1,5,5,5,5,5,5
5YVCA,5YVC,A,330,355,357,2.5893006251020245,28,28,CAMKK2,CAMK_CAMKK2_HUMAN,DFGin,BLAminus,Type1,5,5,5,5,5,5
5Z0SA,5Z0S,A,641,668,670,4.368384031174171,30,30,FGFR1,TYR_FGFR1_HUMAN,DFGin,BLAplus,Type1,5,5,5,5,5,5
5Z0SB,5Z0S,B,641,668,670,4.371998420028304,29,30,FGFR1,TYR_FGFR1_HUMAN,DFGin,BLAplus,Type1,5,5,5,5,5,5
5Z33A,5Z33,A,167,196,198,4.614036247664099,32,32,MPS1,CMGC_MPS1_PYRO7,DFGin,BLAminus,No_ligand,5,5,5,5,5,5
5ZJ6A,5ZJ6,A,404,430,432,4.397503910020159,29,29,HCK,TYR_HCK_HUMAN,DFGin,BLBplus,Type1,5,5,5,5,5,5
5ZJ6B,5ZJ6,B,404,430,432,4.389608529737851,29,29,HCK,TYR_HCK_HUMAN,DFGin,BLBplus,Type1.5_Back,5,5,5,5,5,5
5ZJWA,5ZJW,A,458,483,485,4.893638387475326,27,28,PAK4,STE_PAK4_HUMAN,DFGin,BLAminus,Type1,5,5,5,5,5,5
5ZTNA,5ZTN,A,295,317,319,6.64116473558261,24,25,DYRK2,CMGC_DYRK2_HUMAN,DFGin,BLAminus,Type1,5,5,5,5,5,5
5ZTNB,5ZTN,B,295,317,319,6.64269199083,24,25,DYRK2,CMGC_DYRK2_HUMAN,DFGin,BLAminus,Type1,5,5,5,5,5,5
5ZV2A,5ZV2,A,641,668,670,4.390697625502769,28,30,FGFR1,TYR_FGFR1_HUMAN,DFGin,BLBplus,Type1.5_Back,5,5,5,5,5,5
6A1FA,6A1F,A,307,329,331,7.068960727601635,24,25,DYRK1A,CMGC_DYRK1A_HUMAN,DFGin,BLAminus,Type1,5,5,5,5,5,5
6A1GA,6A1G,A,307,329,331,7.061699415877741,24,25,DYRK1A,CMGC_DYRK1A_HUMAN,DFGin,BLAminus,Type1,5,5,5,5,5,5
6A1GB,6A1G,B,307,329,331,7.058939779466568,24,25,DYRK1A,CMGC_DYRK1A_HUMAN,DFGin,BLAminus,Type1,5,5,5,5,5,5
6A32A,6A32,A,836,863,865,4.378560543113492,30,30,PDGFRA,TYR_PDGFRA_HUMAN,DFGout,None,No_ligand,5,5,5,5,5,5
6AAHA,6AAH,A,1021,1049,1051,4.2761004624247745,29,31,JAK1,TYR_JAK1-2_HUMAN,DFGin,ABAminus,Type1,5,5,5,5,5,5
6AAHB,6AAH,B,1021,1049,1051,4.198639399445659,29,31,JAK1,TYR_JAK1-2_HUMAN,DFGin,ABAminus,Type1,5,5,5,5,5,5
6AAJA,6AAJ,A,994,1022,1024,4.178110513330516,29,31,JAK2,TYR_JAK2-2_HUMAN,DFGin,BLAminus,Type1,5,5,5,5,5,5
6AAJB,6AAJ,B,994,1022,1024,4.170432973308775,27,31,JAK2,TYR_JAK2-2_HUMAN,DFGin,BLAminus,Type1,5,5,5,5,5,5
6AAKA,6AAK,A,967,995,997,4.127701016393835,29,31,JAK3,TYR_JAK3-2_HUMAN,DFGin,BLAminus,Type1,5,5,5,5,5,5
6AAKB,6AAK,B,967,995,997,4.097256665750595,29,31,JAK3,TYR_JAK3-2_HUMAN,DFGin,BLAminus,Type1,5,5,5,5,5,5
6AAKC,6AAK,C,967,995,997,4.138609454425018,29,31,JAK3,TYR_JAK3-2_HUMAN,DFGin,BLAminus,Type1,5,5,5,5,5,5
6AAKD,6AAK,D,967,995,997,4.079006652463966,24,31,JAK3,TYR_JAK3-2_HUMAN,DFGin,BLAminus,Type1,5,5,5,5,5,5
6AARA,6AAR,A,161,185,187,7.5951331118732766,27,27,DAPK1,CAMK_DAPK1_HUMAN,DFGin,BLAminus,Type1,5,5,5,5,5,5
6ACRA,6ACR,A,354,383,385,8.05109189455228,32,32,ACVR1,TKL_ACVR1_HUMAN,DFGin,BLAminus,Type1,5,5,5,5,5,5
6ACRB,6ACR,B,354,383,385,7.9568481655795384,32,32,ACVR1,TKL_ACVR1_HUMAN,DFGin,BLAminus,Type1,5,5,5,5,5,5
6AE3C,6AE3,C,200,224,226,5.520171231472865,26,27,GSK3B,CMGC_GSK3B_MOUSE,DFGin,BLAminus,No_ligand,5,5,5,5,5,5
6AE3D,6AE3,D,200,224,226,5.552644216261844,26,27,GSK3B,CMGC_GSK3B_MOUSE,DFGin,BLAminus,No_ligand,5,5,5,5,5,5
6AE3A,6AE3,A,200,224,226,5.521482137090273,26,27,GSK3B,CMGC_GSK3B_MOUSE,DFGin,BLAminus,Type1,5,5,5,5,5,5
6AE3B,6AE3,B,200,224,226,5.576429322953891,26,27,GSK3B,CMGC_GSK3B_MOUSE,DFGin,BLAminus,Type1,5,5,5,5,5,5
6AGXA,6AGX,A,644,671,673,4.234499743145048,24,30,FGFR2,TYR_FGFR2_HUMAN,DFGin,BLAminus,Type1.5_Back,5,5,5,5,5,5
6AGXB,6AGX,B,644,671,673,4.205965945219147,28,30,FGFR2,TYR_FGFR2_HUMAN,DFGin,BLAminus,Type1.5_Back,5,5,5,5,5,5
6AGXC,6AGX,C,644,671,673,4.218678716243741,24,30,FGFR2,TYR_FGFR2_HUMAN,DFGin,BLAminus,Type1.5_Back,5,5,5,5,5,5
6AGXD,6AGX,D,644,671,673,4.1932346738489406,28,30,FGFR2,TYR_FGFR2_HUMAN,DFGin,BLAminus,Type1.5_Back,5,5,5,5,5,5
6ATHA,6ATH,A,145,170,172,4.696032138377289,27,28,CDK2,CMGC_CDK2_HUMAN,DFGin,BLAminus,No_ligand,5,5,5,5,5,5
6AYWA,6AYW,A,157,182,184,7.101654864494372,28,28,CAMK2D,CAMK_CAMK2D_HUMAN,DFGin,BLAminus,Type1,5,5,5,5,5,5
6AYWB,6AYW,B,157,182,184,7.122037173745035,28,28,CAMK2D,CAMK_CAMK2D_HUMAN,DFGin,BLAminus,Type1,5,5,5,5,5,5
6B16A,6B16,A,407,432,434,4.825571452501744,28,28,PAK1,STE_PAK1_HUMAN,DFGin,BLAminus,Type1,5,5,5,5,5,5
6B16B,6B16,B,407,432,434,4.896436684053003,21,28,PAK1,STE_PAK1_HUMAN,DFGin,BLBplus,Type1,5,5,5,5,5,5
6B1UC,6B1U,C,157,181,183,4.347744879505817,26,27,PRKAA2,CAMK_PRKAA2_HUMAN,DFGin,ABAminus,"Type1,Allosteric",5,5,5,5,5,5
6B1UA,6B1U,A,157,181,183,4.393847858581976,26,27,PRKAA2,CAMK_PRKAA2_HUMAN,DFGin,None,"Type1,Allosteric",5,5,5,5,5,5
6B2EA,6B2E,A,157,181,183,4.401776865411393,26,27,PRKAA2,CAMK_PRKAA2_HUMAN,DFGin,BLAminus,"Type1,Allosteric",5,5,5,5,5,5
6B2QB,6B2Q,B,159,185,187,5.18658734987355,21,29,PKNA,OTHER_PKNA_MYCTU,DFGin,BLAminus,Type1,5,5,5,5,5,5
6B5JC,6B5J,C,606,632,634,5.102064099598368,22,29,TNNI3K,TKL_TNNI3K_HUMAN,DFGin,BLAminus,Type1,5,5,5,5,5,5
6B8JA,6B8J,A,200,224,226,5.551128457808418,26,27,GSK3B,CMGC_GSK3B_HUMAN,DFGin,BLAminus,Type1,5,5,5,5,5,5
6B8YA,6B8Y,A,351,380,382,8.321002041791072,32,32,TGFBR1,TKL_TGFBR1_HUMAN,DFGin,BLAminus,Type1.5_Back,5,5,5,5,5,5
6BABA,6BAB,A,158,183,185,7.136662845513146,28,28,CAMK2D,CAMK_CAMK2D_MOUSE,DFGin,BLAminus,Type1,5,5,5,5,5,5
6BABB,6BAB,B,158,183,185,7.116510432012227,28,28,CAMK2D,CAMK_CAMK2D_MOUSE,DFGin,BLAminus,Type1,5,5,5,5,5,5
6BABC,6BAB,C,158,183,185,7.124075564978643,28,28,CAMK2D,CAMK_CAMK2D_MOUSE,DFGin,BLAminus,Type1,5,5,5,5,5,5
6BABD,6BAB,D,159,184,186,7.126646621919596,28,28,CAMK2D,CAMK_CAMK2D_MOUSE,DFGin,BLAminus,Type1,5,5,5,5,5,5
6BBUA,6BBU,A,1021,1049,1051,4.199963024127228,29,31,JAK1,TYR_JAK1-2_HUMAN,DFGin,ABAminus,Type1,5,5,5,5,5,5
6BBVA,6BBV,A,994,1022,1024,4.174264614311846,31,31,JAK2,TYR_JAK2-2_HUMAN,DFGin,ABAminus,Type1,5,5,5,5,5,5
6BDLA,6BDL,A,502,526,528,4.919188241252665,26,27,PRKG1,AGC_PRKG1_HUMAN,DFGin,BLAminus,No_ligand,5,5,5,5,5,5
6BDLB,6BDL,B,502,526,528,4.86519627562968,26,27,PRKG1,AGC_PRKG1_HUMAN,DFGin,BLAminus,No_ligand,5,5,5,5,5,5
6BDNA,6BDN,A,165,186,188,2.5368310165142343,24,24,TAOK3,STE_TAOK3_HUMAN,DFGin,BLAminus,ATPlike,5,5,5,5,5,5
6BFAA,6BFA,A,195,219,221,7.536045125956747,27,27,CDPK1,CAMK_CDPK1_TOXGV,None,None,Type1,5,5,5,5,5,5
6BG2A,6BG2,A,502,526,528,5.01889605331652,26,27,PRKG1,AGC_PRKG1_HUMAN,DFGin,BLAminus,ATPlike,5,5,5,5,5,5
6BG2B,6BG2,B,502,526,528,4.934221988219829,26,27,PRKG1,AGC_PRKG1_HUMAN,DFGin,BLAminus,ATPlike,5,5,5,5,5,5
6BG2C,6BG2,C,502,526,528,4.87566502813087,26,27,PRKG1,AGC_PRKG1_HUMAN,DFGin,BLAminus,ATPlike,5,5,5,5,5,5
6BG2D,6BG2,D,502,526,528,4.886592059477228,26,27,PRKG1,AGC_PRKG1_HUMAN,DFGin,BLAminus,ATPlike,5,5,5,5,5,5
6BKUA,6BKU,A,330,355,357,2.6410466886470023,28,28,CAMKK2,CAMK_CAMKK2_HUMAN,DFGin,BLAminus,Type1,5,5,5,5,5,5
6BL8A,6BL8,A,381,407,409,4.373547501265444,29,29,ABL1,TYR_ABL1_HUMAN,DFGinter,None,Type1,5,5,5,5,5,5
6BL8B,6BL8,B,381,407,409,4.442954159808424,28,29,ABL1,TYR_ABL1_HUMAN,DFGinter,None,Type1,5,5,5,5,5,5
6BLEA,6BLE,A,330,355,357,2.699111117648524,28,28,CAMKK2,CAMK_CAMKK2_HUMAN,DFGin,BLAminus,Type1,5,5,5,5,5,5
6BQLA,6BQL,A,330,355,357,2.6949021085703344,28,28,CAMKK2,CAMK_CAMKK2_HUMAN,DFGin,BLAminus,Type1,5,5,5,5,5,5
6BQPA,6BQP,A,330,355,357,2.7035135778888773,28,28,CAMKK2,CAMK_CAMKK2_HUMAN,DFGin,BLAminus,Type1,5,5,5,5,5,5
6BQQA,6BQQ,A,330,355,357,2.6410190477460933,28,28,CAMKK2,CAMK_CAMKK2_HUMAN,DFGin,BLAminus,Type1,5,5,5,5,5,5
6BRCA,6BRC,A,330,355,357,2.7668572586661093,28,28,CAMKK2,CAMK_CAMKK2_HUMAN,DFGin,BLAminus,Type1,5,5,5,5,5,5
6BRCB,6BRC,B,330,355,357,2.779105922373926,28,28,CAMKK2,CAMK_CAMKK2_HUMAN,DFGin,BLAminus,Type1,5,5,5,5,5,5
6BUUA,6BUU,A,292,317,319,5.256997137900722,27,28,AKT1,AGC_AKT1_HUMAN,DFGin,BLAminus,No_ligand,5,5,5,5,5,5
6BUUB,6BUU,B,292,317,319,5.2627511008415375,27,28,AKT1,AGC_AKT1_HUMAN,DFGin,BLAminus,No_ligand,5,5,5,5,5,5
6BXIA,6BXI,A,230,290,292,4.912798980830744,63,63,STK38,AGC_STK38_HUMAN,DFGin,None,ATPlike,5,5,5,5,5,5
6BXIB,6BXI,B,230,290,292,4.905096491653977,63,63,STK38,AGC_STK38_HUMAN,DFGin,None,ATPlike,5,5,5,5,5,5
6BYRA,6BYR,A,239,261,263,4.886452492386845,24,25,PRKACA,AGC_PRKACA_HUMAN,DFGin,BLAminus,ATPlike,5,5,5,5,5,5
6BYRC,6BYR,C,239,261,263,4.888535814549142,24,25,PRKACA,AGC_PRKACA_HUMAN,DFGin,BLAminus,ATPlike,5,5,5,5,5,5
6BYSA,6BYS,A,184,206,208,4.857802186137885,24,25,PRKACA,AGC_PRKACA_HUMAN,DFGin,BLAminus,No_ligand,5,5,5,5,5,5
6BYSC,6BYS,C,184,206,208,4.856466219813618,24,25,PRKACA,AGC_PRKACA_HUMAN,DFGin,BLAminus,No_ligand,5,5,5,5,5,5
6BYSE,6BYS,E,184,206,208,4.85870389980073,24,25,PRKACA,AGC_PRKACA_HUMAN,DFGin,BLAminus,No_ligand,5,5,5,5,5,5
6BYSG,6BYS,G,184,206,208,4.859725225900569,24,25,PRKACA,AGC_PRKACA_HUMAN,DFGin,BLAminus,No_ligand,5,5,5,5,5,5
6C0TA,6C0T,A,502,526,528,4.860786664266764,26,27,PRKG1,AGC_PRKG1_HUMAN,DFGin,BLAminus,Type1.5_Front,5,5,5,5,5,5
6C0UA,6C0U,A,184,206,208,4.786623490003364,24,25,PRKACA,AGC_PRKACA_HUMAN,DFGin,BLAminus,Type1,5,5,5,5,5,5
6C2YA,6C2Y,A,335,358,360,3.904182909798543,26,26,GRK2,AGC_GRK2_HUMAN,DFGin,BLAminus,Type1,5,5,5,5,5,5
6C7YA,6C7Y,A,1021,1049,1051,4.246077264476541,30,31,JAK1,TYR_JAK1-2_HUMAN,DFGin,BLAminus,ATPlike,5,5,5,5,5,5
6C9DA,6C9D,A,200,224,226,4.3175507191032585,27,27,MARK1,CAMK_MARK1_HUMAN,DFGin,BLAminus,No_ligand,5,5,5,5,5,5
6C9DB,6C9D,B,200,224,226,4.32280614967824,27,27,MARK1,CAMK_MARK1_HUMAN,DFGin,BLAminus,No_ligand,5,5,5,5,5,5
6C9FA,6C9F,A,159,183,185,4.295390528931993,26,27,PRKAA1,CAMK_PRKAA1_HUMAN,DFGin,ABAminus,"Allosteric,Type1",5,5,5,5,5,5
6C9GA,6C9G,A,159,183,185,4.284230371385437,26,27,PRKAA1,CAMK_PRKAA1_HUMAN,DFGin,BLAminus,"Allosteric,Type1",5,5,5,5,5,5
6C9HA,6C9H,A,159,183,185,4.2931701778130185,27,27,PRKAA1,CAMK_PRKAA1_HUMAN,DFGin,BLAminus,"Allosteric,Type1",5,5,5,5,5,5
6C9JA,6C9J,A,159,183,185,4.297145337127641,26,27,PRKAA1,CAMK_PRKAA1_HUMAN,DFGin,BLAminus,"Allosteric,Type1",5,5,5,5,5,5
6CCFA,6CCF,A,293,318,320,2.594905799176588,28,28,CAMKK1,CAMK_CAMKK1_HUMAN,DFGin,BLAminus,Type1,5,5,5,5,5,5
6CCFB,6CCF,B,293,318,320,2.6205123596499655,28,28,CAMKK1,CAMK_CAMKK1_HUMAN,DFGin,BLAminus,Type1,5,5,5,5,5,5
6CCYA,6CCY,A,292,317,319,5.294387127552985,27,28,AKT1,AGC_AKT1_HUMAN,DFGin,BLAminus,Type1,5,5,5,5,5,5
6CD6A,6CD6,A,293,318,320,2.4845193437787545,28,28,CAMKK1,CAMK_CAMKK1_HUMAN,DFGin,BLAminus,Type1,5,5,5,5,5,5
6CD6B,6CD6,B,293,318,320,2.483150385760006,28,28,CAMKK1,CAMK_CAMKK1_HUMAN,DFGin,BLAminus,Type1,5,5,5,5,5,5
6CD6C,6CD6,C,293,318,320,2.482913832394596,28,28,CAMKK1,CAMK_CAMKK1_HUMAN,DFGin,BLAminus,Type1,5,5,5,5,5,5
6CD6D,6CD6,D,293,318,320,2.4580307079886987,28,28,CAMKK1,CAMK_CAMKK1_HUMAN,DFGin,BLAminus,Type1,5,5,5,5,5,5
6CMJA,6CMJ,A,330,355,357,2.698796643625044,27,28,CAMKK2,CAMK_CAMKK2_HUMAN,DFGin,BLAminus,Type1,5,5,5,5,5,5
6CMJB,6CMJ,B,330,355,357,2.68766935555273,27,28,CAMKK2,CAMK_CAMKK2_HUMAN,DFGin,BLAminus,Type1,5,5,5,5,5,5
6CN9A,6CN9,A,180,203,205,6.720659479707469,25,26,WNK1,OTHER_WNK1_RAT,DFGin,BLAminus,No_ligand,5,5,5,5,5,5
6CN9B,6CN9,B,180,203,205,6.644379797156037,25,26,WNK1,OTHER_WNK1_RAT,DFGin,BLBminus,No_ligand,5,5,5,5,5,5
6CPWA,6CPW,A,165,193,195,4.8403036016268475,31,31,MAPK1,CMGC_MAPK1_RAT,DFGin,BLAminus,Type1.5_Front,5,5,5,5,5,5
6CQDA,6CQD,A,155,180,182,3.4193633422517604,28,28,MAP4K1,STE_MAP4K1_HUMAN,DFGin,BLAminus,ATPlike,5,5,5,5,5,5
6CQDB,6CQD,B,155,180,182,3.542126337953637,28,28,MAP4K1,STE_MAP4K1_HUMAN,DFGin,BLAminus,ATPlike,5,5,5,5,5,5
6CQEA,6CQE,A,155,180,182,3.6765629609273516,28,28,MAP4K1,STE_MAP4K1_HUMAN,None,None,No_ligand,5,5,5,5,5,5
6CQEB,6CQE,B,155,180,182,3.690537912113462,28,28,MAP4K1,STE_MAP4K1_HUMAN,None,None,No_ligand,5,5,5,5,5,5
6CQFA,6CQF,A,155,180,182,3.6050441075739887,22,28,MAP4K1,STE_MAP4K1_HUMAN,DFGin,None,Type1,5,5,5,5,5,5
6CTHA,6CTH,A,411,437,439,5.617058571602738,23,29,PR1RK2,TKL_PR1RK2_THECC,DFGin,BLAminus,Type1,5,5,5,5,5,5
6CZ2A,6CZ2,A,330,355,357,4.572165304789484,27,28,PTK6,TYR_PTK6_HUMAN,DFGin,BLBplus,No_ligand,5,5,5,5,5,5
6CZ3A,6CZ3,A,330,355,357,4.574285884480797,28,28,PTK6,TYR_PTK6_HUMAN,DFGin,BLBplus,Type1,5,5,5,5,5,5
6CZ4A,6CZ4,A,330,355,357,4.511641281454313,24,28,PTK6,TYR_PTK6_HUMAN,DFGout,BBAminus,Type2,5,5,5,5,5,5
6D3KC,6D3K,C,432,456,458,4.686045926777802,24,27,EIF2AK2,OTHER_EIF2AK2_HUMAN,DFGin,BLAminus,ATPlike,5,5,5,5,5,5
6DA4A,6DA4,A,967,995,997,4.191648177000904,31,31,JAK3,TYR_JAK3-2_HUMAN,DFGin,BLAminus,Type1,5,5,5,5,5,5
6DB3A,6DB3,A,967,995,997,4.135198428280426,31,31,JAK3,TYR_JAK3-2_HUMAN,DFGin,BLAminus,Type1,5,5,5,5,5,5
6DB4A,6DB4,A,967,995,997,4.1109772621039395,31,31,JAK3,TYR_JAK3-2_HUMAN,DFGin,BLAminus,Type1,5,5,5,5,5,5
6DBKA,6DBK,A,1041,1069,1071,4.1251959550073884,30,31,TYK2,TYR_TYK2-2_HUMAN,DFGin,ABAminus,Type1,5,5,5,5,5,5
6DBMA,6DBM,A,1041,1069,1071,4.138307417482785,27,31,TYK2,TYR_TYK2-2_HUMAN,DFGin,ABAminus,Type1,5,5,5,5,5,5
6DBNA,6DBN,A,1021,1049,1051,4.222335965640226,29,31,JAK1,TYR_JAK1-2_HUMAN,DFGin,ABAminus,Type1,5,5,5,5,5,5
6DCGA,6DCG,A,165,193,195,4.818770791718855,31,31,MAPK1,CMGC_MAPK1_RAT,DFGin,BLAminus,Type1.5_Front,5,5,5,5,5,5
6DMGA,6DMG,A,165,193,195,4.819168702203278,31,31,MAPK1,CMGC_MAPK1_HUMAN,DFGin,BLAminus,Type1,5,5,5,5,5,5
6DRWA,6DRW,A,994,1022,1024,4.202515375699459,27,31,JAK2,TYR_JAK2-2_HUMAN,DFGin,BLAminus,Type1,5,5,5,5,5,5
6DTLA,6DTL,A,207,231,233,4.636196207312494,19,27,MPK6,CMGC_MPK6_ARATH,DFGin,BLAminus,No_ligand,5,5,5,5,5,5
6DTLB,6DTL,B,207,231,233,4.692051426479193,21,27,MPK6,CMGC_MPK6_ARATH,DFGin,None,No_ligand,5,5,5,5,5,5
6DUDA,6DUD,A,967,995,997,4.121888537512338,31,31,JAK3,TYR_JAK3-2_HUMAN,DFGin,BLAminus,Type1,5,5,5,5,5,5
6E2MA,6E2M,A,822,847,849,4.112051806151507,24,28,MAP3K5,STE_MAP3K5_HUMAN,DFGin,BLAminus,Type1,5,5,5,5,5,5
6E2NA,6E2N,A,822,847,849,4.112008633819108,24,28,MAP3K5,STE_MAP3K5_HUMAN,DFGin,BLAminus,Type1,5,5,5,5,5,5
6E2OA,6E2O,A,822,847,849,4.114329314307459,23,28,MAP3K5,STE_MAP3K5_HUMAN,DFGin,BLAminus,Type1,5,5,5,5,5,5
6E4TA,6E4T,A,157,181,183,4.302704729181162,26,27,PRKAA1,CAMK_PRKAA1_RAT,DFGin,ABAminus,"Allosteric,Type1",5,5,5,5,5,5
6E4UA,6E4U,A,157,181,183,4.290708415249716,26,27,PRKAA1,CAMK_PRKAA1_RAT,DFGin,ABAminus,"Type1,Allosteric",5,5,5,5,5,5
6E4WA,6E4W,A,157,181,183,4.298985222527811,26,27,PRKAA1,CAMK_PRKAA1_RAT,DFGin,ABAminus,"Type1,Allosteric",5,5,5,5,5,5
6E99A,6E99,A,185,207,209,4.850781871453694,24,25,PRKACA,AGC_PRKACA_BOVIN,DFGin,BLAminus,Type1,5,5,5,5,5,5
6E9LA,6E9L,A,185,207,209,4.857711172132492,24,25,PRKACA,AGC_PRKACA_BOVIN,DFGin,BLAminus,Type1,5,5,5,5,5,5
6E9WA,6E9W,A,216,242,244,2.5663540169672228,29,29,ROCK1,AGC_ROCK1_HUMAN,DFGin,ABAminus,Type1,5,5,5,5,5,5
6E9WB,6E9W,B,216,242,244,2.686850712750488,29,29,ROCK1,AGC_ROCK1_HUMAN,DFGin,ABAminus,Type1,5,5,5,5,5,5
6ED6A,6ED6,A,232,258,260,2.616494964637131,29,29,ROCK2,AGC_ROCK2_HUMAN,DFGin,BLAminus,Type1,5,5,5,5,5,5
6EGED,6EGE,D,329,356,358,5.571451975944111,25,30,IRAK4,TKL_IRAK4_HUMAN,DFGin,BLAminus,Type1,5,5,5,5,5,5
6EGWA,6EGW,A,184,206,208,4.912099033959937,24,25,PRKACA,AGC_PRKACA_CRIGR,DFGin,ABAminus,Type1,5,5,5,5,5,5
6EH0A,6EH0,A,184,206,208,4.889548904463548,24,25,PRKACA,AGC_PRKACA_CRIGR,DFGin,BLAminus,No_ligand,5,5,5,5,5,5
6EH2A,6EH2,A,184,206,208,4.852862493122835,24,25,PRKACA,AGC_PRKACA_CRIGR,DFGin,BLAminus,ATPlike,5,5,5,5,5,5
6EH3A,6EH3,A,184,206,208,4.842320035290003,24,25,PRKACA,AGC_PRKACA_CRIGR,DFGin,ABAminus,Type1,5,5,5,5,5,5
6EIFA,6EIF,A,307,329,331,7.077765613341203,24,25,DYRK1A,CMGC_DYRK1A_HUMAN,DFGin,BLAminus,Type1,5,5,5,5,5,5
6EIFB,6EIF,B,307,329,331,7.09262201257923,24,25,DYRK1A,CMGC_DYRK1A_HUMAN,DFGin,BLAminus,Type1,5,5,5,5,5,5
6EIFC,6EIF,C,307,329,331,7.133040371188381,24,25,DYRK1A,CMGC_DYRK1A_HUMAN,DFGin,BLAminus,Type1,5,5,5,5,5,5
6EIFD,6EIF,D,307,329,331,7.123388749778147,24,25,DYRK1A,CMGC_DYRK1A_HUMAN,DFGin,BLAminus,Type1,5,5,5,5,5,5
6EIJA,6EIJ,A,307,329,331,7.069539036620688,24,25,DYRK1A,CMGC_DYRK1A_HUMAN,DFGin,BLAminus,Type1,5,5,5,5,5,5
6EIJB,6EIJ,B,307,329,331,7.084455173033278,24,25,DYRK1A,CMGC_DYRK1A_HUMAN,DFGin,BLAminus,Type1,5,5,5,5,5,5
6EIJD,6EIJ,D,307,329,331,7.088857750506327,24,25,DYRK1A,CMGC_DYRK1A_HUMAN,DFGin,BLAminus,Type1,5,5,5,5,5,5
6EIJC,6EIJ,C,307,329,331,7.084720141203557,24,25,DYRK1A,CMGC_DYRK1A_HUMAN,DFGin,BLAminus,Type1.5_Front,5,5,5,5,5,5
6EILC,6EIL,C,307,329,331,7.114801545025363,24,25,DYRK1A,CMGC_DYRK1A_HUMAN,DFGin,BLAminus,No_ligand,5,5,5,5,5,5
6EILA,6EIL,A,307,329,331,7.054669300226918,24,25,DYRK1A,CMGC_DYRK1A_HUMAN,DFGin,BLAminus,Type1,5,5,5,5,5,5
6EILB,6EIL,B,307,329,331,7.068416806305277,24,25,DYRK1A,CMGC_DYRK1A_HUMAN,DFGin,BLAminus,Type1,5,5,5,5,5,5
6EILD,6EIL,D,307,329,331,7.100111869793621,24,25,DYRK1A,CMGC_DYRK1A_HUMAN,DFGin,BLAminus,Type1,5,5,5,5,5,5
6EIMA,6EIM,A,175,200,202,4.335114229500041,28,28,STK10,STE_STK10_HUMAN,DFGout,BBAminus,Type2,5,5,5,5,5,5
6EIMB,6EIM,B,175,200,202,4.26543559725229,28,28,STK10,STE_STK10_HUMAN,DFGout,BBAminus,Type2,5,5,5,5,5,5
6EIPA,6EIP,A,307,329,331,7.059614372682745,24,25,DYRK1A,CMGC_DYRK1A_HUMAN,DFGin,BLAminus,Type1,5,5,5,5,5,5
6EIPB,6EIP,B,307,329,331,7.0727515297068,24,25,DYRK1A,CMGC_DYRK1A_HUMAN,DFGin,BLAminus,Type1,5,5,5,5,5,5
6EIPC,6EIP,C,307,329,331,7.101540125412494,24,25,DYRK1A,CMGC_DYRK1A_HUMAN,DFGin,BLAminus,Type1,5,5,5,5,5,5
6EIPD,6EIP,D,307,329,331,7.108147406294656,24,25,DYRK1A,CMGC_DYRK1A_HUMAN,DFGin,BLAminus,Type1,5,5,5,5,5,5
6EIQA,6EIQ,A,307,329,331,7.102013387578124,24,25,DYRK1A,CMGC_DYRK1A_HUMAN,DFGin,BLAminus,Type1,5,5,5,5,5,5
6EIQB,6EIQ,B,307,329,331,7.044714317743471,24,25,DYRK1A,CMGC_DYRK1A_HUMAN,DFGin,BLAminus,Type1,5,5,5,5,5,5
6EIQC,6EIQ,C,307,329,331,7.116114361310066,24,25,DYRK1A,CMGC_DYRK1A_HUMAN,DFGin,BLAminus,Type1,5,5,5,5,5,5
6EIQD,6EIQ,D,307,329,331,7.117401524319275,24,25,DYRK1A,CMGC_DYRK1A_HUMAN,DFGin,BLAminus,Type1,5,5,5,5,5,5
6EIRA,6EIR,A,307,329,331,7.049094897765806,24,25,DYRK1A,CMGC_DYRK1A_HUMAN,DFGin,BLAminus,Type1,5,5,5,5,5,5
6EIRB,6EIR,B,307,329,331,7.070592608120214,24,25,DYRK1A,CMGC_DYRK1A_HUMAN,DFGin,BLAminus,Type1,5,5,5,5,5,5
6EIRC,6EIR,C,307,329,331,7.119369683273707,24,25,DYRK1A,CMGC_DYRK1A_HUMAN,DFGin,BLAminus,Type1,5,5,5,5,5,5
6EIRD,6EIR,D,307,329,331,7.104435622393053,24,25,DYRK1A,CMGC_DYRK1A_HUMAN,DFGin,BLAminus,Type1,5,5,5,5,5,5
6EISA,6EIS,A,307,329,331,7.057337488076862,24,25,DYRK1A,CMGC_DYRK1A_HUMAN,DFGin,BLAminus,Type1,5,5,5,5,5,5
6EISB,6EIS,B,307,329,331,7.040996168795336,24,25,DYRK1A,CMGC_DYRK1A_HUMAN,DFGin,BLAminus,Type1,5,5,5,5,5,5
6EISC,6EIS,C,307,329,331,7.097935399614675,24,25,DYRK1A,CMGC_DYRK1A_HUMAN,DFGin,BLAminus,Type1,5,5,5,5,5,5
6EISD,6EIS,D,307,329,331,7.069965275484012,24,25,DYRK1A,CMGC_DYRK1A_HUMAN,DFGin,BLAminus,Type1,5,5,5,5,5,5
6EIVA,6EIV,A,307,329,331,7.117534803414774,24,25,DYRK1A,CMGC_DYRK1A_HUMAN,DFGin,BLAminus,Type1,5,5,5,5,5,5
6EIVB,6EIV,B,307,329,331,7.091787706892223,24,25,DYRK1A,CMGC_DYRK1A_HUMAN,DFGin,BLAminus,Type1,5,5,5,5,5,5
6EIVC,6EIV,C,307,329,331,7.068865701232981,24,25,DYRK1A,CMGC_DYRK1A_HUMAN,DFGin,BLAminus,Type1,5,5,5,5,5,5
6EIVD,6EIV,D,307,329,331,7.099333950586183,24,25,DYRK1A,CMGC_DYRK1A_HUMAN,DFGin,BLAminus,Type1,5,5,5,5,5,5
6EIXA,6EIX,A,354,383,385,8.25430182020324,32,32,ACVR1,TKL_ACVR1_HUMAN,DFGin,BLAminus,Type1,5,5,5,5,5,5
6EJ4A,6EJ4,A,307,329,331,7.10295446056174,24,25,DYRK1A,CMGC_DYRK1A_HUMAN,DFGin,BLAminus,Type1,5,5,5,5,5,5
6EJ4B,6EJ4,B,307,329,331,7.099323606408216,24,25,DYRK1A,CMGC_DYRK1A_HUMAN,DFGin,BLAminus,Type1,5,5,5,5,5,5
6EJ4C,6EJ4,C,307,329,331,7.124276891105858,24,25,DYRK1A,CMGC_DYRK1A_HUMAN,DFGin,BLAminus,Type1,5,5,5,5,5,5
6EJ4D,6EJ4,D,307,329,331,7.125008122475022,24,25,DYRK1A,CMGC_DYRK1A_HUMAN,DFGin,BLAminus,Type1,5,5,5,5,5,5
6ELRA,6ELR,A,1021,1049,1051,4.218863006107944,29,31,JAK1,TYR_JAK1-2_HUMAN,DFGin,ABAminus,Type1,5,5,5,5,5,5
6ELRB,6ELR,B,1021,1049,1051,4.214057244005939,29,31,JAK1,TYR_JAK1-2_HUMAN,DFGin,ABAminus,Type1,5,5,5,5,5,5
6EM2A,6EM2,A,184,206,208,4.851777300119498,24,25,PRKACA,AGC_PRKACA_CRIGR,DFGin,BLAminus,Type1,5,5,5,5,5,5
6EM6A,6EM6,A,184,206,208,4.844466442700363,24,25,PRKACA,AGC_PRKACA_CRIGR,DFGin,BLAminus,ATPlike,5,5,5,5,5,5
6EM7A,6EM7,A,184,206,208,4.814793339352327,24,25,PRKACA,AGC_PRKACA_CRIGR,DFGin,BLAminus,ATPlike,5,5,5,5,5,5
6EMAA,6EMA,A,184,206,208,4.8723167388869255,24,25,PRKACA,AGC_PRKACA_CRIGR,DFGin,BLAminus,ATPlike,5,5,5,5,5,5
6EMHA,6EMH,A,207,231,233,5.374851320105941,22,27,MAPK10,CMGC_MAPK10_HUMAN,DFGin,ABAminus,"Type1,Allosteric",5,5,5,5,5,5
6EMHB,6EMH,B,207,231,233,5.377192621982788,22,27,MAPK10,CMGC_MAPK10_HUMAN,DFGin,ABAminus,"Type1,Allosteric",5,5,5,5,5,5
6EQ9A,6EQ9,A,207,231,233,5.359721591901627,22,27,MAPK10,CMGC_MAPK10_HUMAN,DFGin,ABAminus,"ATPlike,Allosteric",5,5,5,5,5,5
6EQIC,6EQI,C,357,388,390,7.899435795293504,34,34,PINK1,OTHER_PINK1_PEDHC,DFGin,ABAminus,No_ligand,5,5,5,5,5,5
6ERTA,6ERT,A,184,206,208,4.857266579148374,24,25,PRKACA,AGC_PRKACA_CRIGR,DFGin,ABAminus,Type1,5,5,5,5,5,5
6ERUA,6ERU,A,184,206,208,4.847774673841701,24,25,PRKACA,AGC_PRKACA_CRIGR,DFGin,BLAminus,No_ligand,5,5,5,5,5,5
6ERVA,6ERV,A,184,206,208,4.8467185519692055,24,25,PRKACA,AGC_PRKACA_CRIGR,DFGin,BLAminus,No_ligand,5,5,5,5,5,5
6ERWA,6ERW,A,184,206,208,4.863780782106506,24,25,PRKACA,AGC_PRKACA_CRIGR,DFGin,ABAminus,Type1,5,5,5,5,5,5
6ESAA,6ESA,A,184,206,208,4.822809930622916,24,25,PRKACA,AGC_PRKACA_CRIGR,DFGin,BLAminus,ATPlike,5,5,5,5,5,5
6F14A,6F14,A,184,206,208,4.823759293025021,24,25,PRKACA,AGC_PRKACA_CRIGR,DFGin,BLAminus,Type1,5,5,5,5,5,5
6F3DA,6F3D,A,329,356,358,5.551308161505085,21,30,IRAK4,TKL_IRAK4_HUMAN,DFGin,BLAminus,Type1,5,5,5,5,5,5
6F3DB,6F3D,B,329,356,358,5.544206836039162,21,30,IRAK4,TKL_IRAK4_HUMAN,DFGin,BLAminus,Type1,5,5,5,5,5,5
6F3EB,6F3E,B,329,356,358,5.480801796873948,23,30,IRAK4,TKL_IRAK4_HUMAN,DFGin,BLAminus,Type1,5,5,5,5,5,5
6F3FA,6F3F,A,404,430,432,4.3762096237162575,29,29,SRC,TYR_SRC_MOUSE,DFGin,BLBplus,ATPlike,5,5,5,5,5,5
6F3GA,6F3G,A,329,356,358,5.541377604420694,21,30,IRAK4,TKL_IRAK4_HUMAN,DFGin,BLAminus,Type1,5,5,5,5,5,5
6F3GB,6F3G,B,329,356,358,5.549440509858278,22,30,IRAK4,TKL_IRAK4_HUMAN,DFGin,BLAminus,Type1,5,5,5,5,5,5
6F3IA,6F3I,A,329,356,358,5.530931272835567,21,30,IRAK4,TKL_IRAK4_HUMAN,DFGin,BLAminus,Type1,5,5,5,5,5,5
6F3IB,6F3I,B,329,356,358,5.541797717645549,21,30,IRAK4,TKL_IRAK4_HUMAN,DFGin,BLAminus,Type1,5,5,5,5,5,5
6F5EB,6F5E,B,169,193,195,5.433223038942851,23,27,MAPK8,CMGC_MAPK8_HUMAN,DFGin,ABAminus,No_ligand,5,5,5,5,5,5
6FC8A,6FC8,A,148,175,177,5.1544864586427215,30,30,CHEK1,CAMK_CHEK1_HUMAN,DFGin,BLAminus,Type1,5,5,5,5,5,5
6FCFA,6FCF,A,148,175,177,5.157058381105904,29,30,CHEK1,CAMK_CHEK1_HUMAN,DFGin,BLAminus,Type1,5,5,5,5,5,5
6FCKA,6FCK,A,148,175,177,5.165941146702892,30,30,CHEK1,CAMK_CHEK1_HUMAN,DFGin,BLAminus,Type1,5,5,5,5,5,5
6FD3A,6FD3,A,420,445,447,4.979379368628112,27,28,PAK3,STE_PAK3_HUMAN,DFGin,BLAminus,ATPlike,5,5,5,5,5,5
6FDYU,6FDY,U,157,181,183,6.153760013218968,27,27,ULK3,OTHER_ULK3_HUMAN,DFGin,BLAminus,"Type1,Allosteric",5,5,5,5,5,5
6FDZU,6FDZ,U,157,181,183,6.146605744350841,27,27,ULK3,OTHER_ULK3_HUMAN,DFGout,BBAminus,Type1,5,5,5,5,5,5
6FHAA,6FHA,A,161,185,187,7.595147118181741,27,27,DAPK1,CAMK_DAPK1_HUMAN,DFGin,BLAminus,No_ligand,5,5,5,5,5,5
6FHBA,6FHB,A,161,185,187,7.669035024967475,27,27,DAPK1,CAMK_DAPK1_HUMAN,DFGin,BLAminus,No_ligand,5,5,5,5,5,5
6FI3A,6FI3,A,165,193,195,4.709437979072961,31,31,MAPK1,CMGC_MAPK1_RAT,DFGin,BLAminus,Type1,5,5,5,5,5,5
6FI6A,6FI6,A,165,193,195,4.83549443003382,31,31,MAPK1,CMGC_MAPK1_RAT,DFGin,BLAminus,Type1,5,5,5,5,5,5
6FJ0A,6FJ0,A,165,193,195,4.722214359246788,31,31,MAPK1,CMGC_MAPK1_RAT,DFGin,BLAminus,Type1,5,5,5,5,5,5
6FJBA,6FJB,A,165,193,195,4.810537310412155,31,31,MAPK1,CMGC_MAPK1_RAT,DFGin,BLAminus,Type1,5,5,5,5,5,5
6FJZA,6FJZ,A,165,193,195,4.835633706846057,31,31,MAPK1,CMGC_MAPK1_RAT,DFGin,None,Type1,5,5,5,5,5,5
6FLEA,6FLE,A,165,193,195,4.8079354431593435,31,31,MAPK1,CMGC_MAPK1_RAT,DFGin,BLAminus,Type1,5,5,5,5,5,5
6FLVA,6FLV,A,165,193,195,4.714349187239223,31,31,MAPK1,CMGC_MAPK1_RAT,DFGin,BLAminus,Type1,5,5,5,5,5,5
6FMAA,6FMA,A,165,193,195,4.715948052457603,31,31,MAPK1,CMGC_MAPK1_RAT,DFGin,BLAminus,Type1,5,5,5,5,5,5
6FN5A,6FN5,A,165,193,195,4.8126471272341504,31,31,MAPK1,CMGC_MAPK1_RAT,DFGin,BLAminus,Type1,5,5,5,5,5,5
6FNHB,6FNH,B,757,785,787,4.340012452008949,24,31,EPHA2,TYR_EPHA2_HUMAN,DFGin,ABAminus,Type1,5,5,5,5,5,5
6FQ7A,6FQ7,A,165,193,195,4.713932400033809,31,31,MAPK1,CMGC_MAPK1_RAT,DFGin,BLAminus,Type1,5,5,5,5,5,5
6FR1A,6FR1,A,165,193,195,4.723133182114579,31,31,MAPK1,CMGC_MAPK1_RAT,DFGin,BLAminus,Type1,5,5,5,5,5,5
6FRPA,6FRP,A,165,193,195,4.794415522238603,31,31,MAPK1,CMGC_MAPK1_RAT,DFGin,BLAminus,Type1,5,5,5,5,5,5
6FRXA,6FRX,A,184,206,208,4.8614980839245465,24,25,PRKACA,AGC_PRKACA_HUMAN,DFGin,BLAminus,Type1,5,5,5,5,5,5
6FXVA,6FXV,A,165,193,195,4.80537888670076,31,31,MAPK1,CMGC_MAPK1_RAT,DFGin,BLAminus,Type1,5,5,5,5,5,5
6G4YA,6G4Y,A,536,566,568,5.426554686438445,27,33,MAP3K14,STE_MAP3K14_MOUSE,DFGin,BLAminus,Type1.5_Back,5,5,5,5,5,5
6G4YB,6G4Y,B,536,566,568,5.462386465515141,33,33,MAP3K14,STE_MAP3K14_MOUSE,DFGin,BLAminus,Type1.5_Back,5,5,5,5,5,5
6G4ZA,6G4Z,A,536,566,568,5.3744547285758895,27,33,MAP3K14,STE_MAP3K14_MOUSE,DFGin,BLAminus,Type1.5_Back,5,5,5,5,5,5
6G4ZB,6G4Z,B,536,566,568,5.44340418839542,33,33,MAP3K14,STE_MAP3K14_MOUSE,DFGin,BLAminus,Type1.5_Back,5,5,5,5,5,5
6G54A,6G54,A,167,195,197,4.802211313536056,31,31,MAPK1,CMGC_MAPK1_HUMAN,DFGin,BLAminus,Type1,5,5,5,5,5,5
6G76A,6G76,A,216,241,243,5.155263883534125,27,28,RPS6KA6,AGC_RPS6KA6-1_HUMAN,DFGinter,None,"ATPlike,Allosteric",5,5,5,5,5,5
6G77A,6G77,A,216,241,243,5.151568013310034,28,28,RPS6KA6,AGC_RPS6KA6-1_HUMAN,DFGin,None,"Allosteric,ATPlike",5,5,5,5,5,5
6G77B,6G77,B,216,241,243,5.136504572445993,28,28,RPS6KA6,AGC_RPS6KA6-1_HUMAN,DFGin,None,"Allosteric,ATPlike",5,5,5,5,5,5
6G78A,6G78,A,216,241,243,5.154285285860422,20,28,RPS6KA6,AGC_RPS6KA6-1_HUMAN,DFGinter,None,ATPlike,5,5,5,5,5,5
6G8XA,6G8X,A,167,195,197,4.690448741271574,31,31,MAPK1,CMGC_MAPK1_HUMAN,DFGin,BLAminus,"Allosteric,Type1",5,5,5,5,5,5
6G91A,6G91,A,167,195,197,4.813625964943241,31,31,MAPK1,CMGC_MAPK1_HUMAN,DFGin,BLAminus,Type1,5,5,5,5,5,5
6G92A,6G92,A,167,195,197,4.839934394465216,31,31,MAPK1,CMGC_MAPK1_HUMAN,DFGin,BLAminus,Type1,5,5,5,5,5,5
6G93A,6G93,A,167,195,197,4.81349763021122,31,31,MAPK1,CMGC_MAPK1_HUMAN,DFGin,BLAminus,Type1,5,5,5,5,5,5
6G97A,6G97,A,167,195,197,4.8005268594939405,31,31,MAPK1,CMGC_MAPK1_HUMAN,DFGin,BLAminus,Type1,5,5,5,5,5,5
6G9AA,6G9A,A,167,195,197,4.823467970428837,31,31,MAPK1,CMGC_MAPK1_HUMAN,DFGin,BLAminus,Type1,5,5,5,5,5,5
6G9DA,6G9D,A,167,195,197,4.8203263372165885,31,31,MAPK1,CMGC_MAPK1_HUMAN,DFGin,BLAminus,Type1.5_Front,5,5,5,5,5,5
6G9HA,6G9H,A,167,195,197,4.824287316790142,31,31,MAPK1,CMGC_MAPK1_HUMAN,DFGin,BLAminus,Type1.5_Front,5,5,5,5,5,5
6G9JA,6G9J,A,167,195,197,4.877618255709074,31,31,MAPK1,CMGC_MAPK1_HUMAN,DFGin,BLAminus,Type1.5_Front,5,5,5,5,5,5
6G9KA,6G9K,A,167,195,197,4.798588915900796,31,31,MAPK1,CMGC_MAPK1_HUMAN,DFGin,BLAminus,Type1.5_Front,5,5,5,5,5,5
6G9MA,6G9M,A,167,195,197,4.837935264421351,31,31,MAPK1,CMGC_MAPK1_HUMAN,DFGin,BLAminus,Type1,5,5,5,5,5,5
6G9NA,6G9N,A,167,195,197,4.703541033376995,31,31,MAPK1,CMGC_MAPK1_HUMAN,DFGin,BLAminus,Type1.5_Front,5,5,5,5,5,5
6GDMA,6GDM,A,167,195,197,4.857435005027803,31,31,MAPK1,CMGC_MAPK1_HUMAN,DFGin,BLAminus,Type1.5_Front,5,5,5,5,5,5
6GDQA,6GDQ,A,167,195,197,4.837159998159918,31,31,MAPK1,CMGC_MAPK1_HUMAN,DFGin,BLAminus,Type1,5,5,5,5,5,5
6GE0A,6GE0,A,167,195,197,4.8394616394509375,31,31,MAPK1,CMGC_MAPK1_HUMAN,DFGin,BLAminus,Type1.5_Front,5,5,5,5,5,5
6GESB,6GES,B,184,212,214,4.789445233400578,31,31,MAPK3,CMGC_MAPK3_HUMAN,DFGin,BLAminus,Type1,5,5,5,5,5,5
6GESA,6GES,A,184,212,214,4.777550169134165,31,31,MAPK3,CMGC_MAPK3_HUMAN,DFGin,BLAminus,"Type1,Allosteric",5,5,5,5,5,5
6GGHA,6GGH,A,1021,1049,1051,4.211648818689319,29,31,JAK1,TYR_JAK1-2_HUMAN,DFGin,ABAminus,Type1,5,5,5,5,5,5
6GGHB,6GGH,B,1021,1049,1051,4.207385677344592,29,31,JAK1,TYR_JAK1-2_HUMAN,DFGin,ABAminus,Type1,5,5,5,5,5,5
6GI6A,6GI6,A,354,383,385,8.205144917763578,32,32,ACVR1,TKL_ACVR1_HUMAN,DFGin,BLAminus,Type1,5,5,5,5,5,5
6GINA,6GIN,A,354,383,385,8.231337815955838,32,32,ACVR1,TKL_ACVR1_HUMAN,DFGin,BLAminus,Type1,5,5,5,5,5,5
6GINB,6GIN,B,354,383,385,8.21671992383723,32,32,ACVR1,TKL_ACVR1_HUMAN,DFGin,BLAminus,Type1,5,5,5,5,5,5
6GIPA,6GIP,A,354,383,385,8.165186436003825,32,32,ACVR1,TKL_ACVR1_HUMAN,DFGin,BLAminus,Type1,5,5,5,5,5,5
6GJBA,6GJB,A,167,195,197,4.812638327403919,31,31,MAPK1,CMGC_MAPK1_HUMAN,DFGin,BLAminus,Type1,5,5,5,5,5,5
6GJDA,6GJD,A,167,195,197,4.841082766827845,31,31,MAPK1,CMGC_MAPK1_HUMAN,DFGin,BLAminus,Type1.5_Front,5,5,5,5,5,5
6GJOA,6GJO,A,200,224,226,5.5163882956144485,27,27,GSK3B,CMGC_GSK3B_HUMAN,DFGin,BLAminus,Type1,5,5,5,5,5,5
6GJOB,6GJO,B,200,224,226,5.513440557005193,27,27,GSK3B,CMGC_GSK3B_HUMAN,DFGin,BLAminus,Type1,5,5,5,5,5,5
6GL9A,6GL9,A,967,995,997,4.116793141339486,31,31,JAK3,TYR_JAK3-2_HUMAN,DFGin,BLAminus,Type1,5,5,5,5,5,5
6GL9B,6GL9,B,967,995,997,4.1152544857862345,31,31,JAK3,TYR_JAK3-2_HUMAN,DFGin,BLAminus,Type1,5,5,5,5,5,5
6GLAA,6GLA,A,967,995,997,4.1332147085738224,28,31,JAK3,TYR_JAK3-2_HUMAN,DFGin,BLAminus,Type1,5,5,5,5,5,5
6GLAB,6GLA,B,967,995,997,4.127066108842377,28,31,JAK3,TYR_JAK3-2_HUMAN,DFGin,BLAminus,Type1,5,5,5,5,5,5
6GLBA,6GLB,A,967,995,997,4.104695269421608,28,31,JAK3,TYR_JAK3-2_HUMAN,DFGin,BLAminus,Type1,5,5,5,5,5,5
6GLBB,6GLB,B,967,995,997,4.097682886364293,28,31,JAK3,TYR_JAK3-2_HUMAN,DFGin,BLAminus,Type1,5,5,5,5,5,5
6GN1A,6GN1,A,200,224,226,5.477695179773759,26,27,GSK3B,CMGC_GSK3B_HUMAN,DFGin,BLAminus,Type1,5,5,5,5,5,5
6GN1B,6GN1,B,200,224,226,5.478105094027401,26,27,GSK3B,CMGC_GSK3B_HUMAN,DFGin,BLAminus,Type1,5,5,5,5,5,5
6GQJA,6GQJ,A,810,837,839,4.409298337767074,30,30,KIT,TYR_KIT_HUMAN,DFGout,BBAminus,Type2,5,5,5,5,5,5
6GQJB,6GQJ,B,810,837,839,4.381409502873673,30,30,KIT,TYR_KIT_HUMAN,DFGout,BBAminus,Type2,5,5,5,5,5,5
6GQKA,6GQK,A,810,837,839,4.423819106401913,30,30,KIT,TYR_KIT_HUMAN,DFGout,BBAminus,Type2,5,5,5,5,5,5
6GQKB,6GQK,B,810,837,839,4.386764817755731,30,30,KIT,TYR_KIT_HUMAN,DFGout,BBAminus,Type2,5,5,5,5,5,5
6GQLA,6GQL,A,810,837,839,4.409132729519409,30,30,KIT,TYR_KIT_HUMAN,DFGout,BBAminus,Type2,5,5,5,5,5,5
6GQLB,6GQL,B,810,837,839,4.370505047013252,30,30,KIT,TYR_KIT_HUMAN,DFGout,BBAminus,Type2,5,5,5,5,5,5
6GQMA,6GQM,A,810,837,839,4.426382035758923,30,30,KIT,TYR_KIT_HUMAN,DFGout,BBAminus,Type2,5,5,5,5,5,5
6GQMB,6GQM,B,810,837,839,4.362071879562477,30,30,KIT,TYR_KIT_HUMAN,DFGout,BBAminus,Type2,5,5,5,5,5,5
6GQOA,6GQO,A,1046,1073,1075,4.422410567188412,30,30,KDR,TYR_KDR_HUMAN,DFGout,BBAminus,Type2,5,5,5,5,5,5
6GQPA,6GQP,A,1046,1073,1075,4.423953829381458,30,30,KDR,TYR_KDR_HUMAN,DFGout,BBAminus,Type2,5,5,5,5,5,5
6GQQA,6GQQ,A,1046,1073,1075,4.4096480500060915,30,30,KDR,TYR_KDR_HUMAN,DFGout,BBAminus,Type2,5,5,5,5,5,5
6GU2A,6GU2,A,146,171,173,4.652750412520119,25,28,CDK1,CMGC_CDK1_HUMAN,DFGin,BLAminus,Type1,5,5,5,5,5,5
6GU3A,6GU3,A,146,171,173,4.58039999233229,28,28,CDK1,CMGC_CDK1_HUMAN,DFGin,BLAminus,Type1,5,5,5,5,5,5
6GU4A,6GU4,A,146,171,173,4.555428752091137,28,28,CDK1,CMGC_CDK1_HUMAN,DFGin,BLAminus,Type1,5,5,5,5,5,5
6GU6A,6GU6,A,146,171,173,4.587553375111739,25,28,CDK1,CMGC_CDK1_HUMAN,DFGin,BLBplus,Type1,5,5,5,5,5,5
6GU7C,6GU7,C,146,171,173,4.575938201559272,28,28,CDK1,CMGC_CDK1_HUMAN,DFGin,BLBplus,No_ligand,5,5,5,5,5,5
6GU7E,6GU7,E,146,171,173,4.564616673150286,20,28,CDK1,CMGC_CDK1_HUMAN,DFGin,BLBplus,No_ligand,5,5,5,5,5,5
6GU7G,6GU7,G,146,171,173,4.564126151915981,20,28,CDK1,CMGC_CDK1_HUMAN,DFGin,BLBplus,No_ligand,5,5,5,5,5,5
6GUBA,6GUB,A,145,170,172,4.742312189009184,27,28,CDK2,CMGC_CDK2_HUMAN,DFGin,BLAminus,Type1,5,5,5,5,5,5
6GUBC,6GUB,C,145,170,172,4.687135775555134,27,28,CDK2,CMGC_CDK2_HUMAN,DFGin,BLAminus,Type1,5,5,5,5,5,5
6GUCA,6GUC,A,145,170,172,4.735831618979477,27,28,CDK2,CMGC_CDK2_HUMAN,DFGin,BLAminus,Type1,5,5,5,5,5,5
6GUCC,6GUC,C,145,170,172,4.631836091444637,27,28,CDK2,CMGC_CDK2_HUMAN,DFGin,BLAminus,Type1,5,5,5,5,5,5
6GUEC,6GUE,C,145,170,172,4.655681159429665,27,28,CDK2,CMGC_CDK2_HUMAN,DFGin,BLAminus,Type1,5,5,5,5,5,5
6GUEA,6GUE,A,145,170,172,4.733631103794854,27,28,CDK2,CMGC_CDK2_HUMAN,DFGin,BLAminus,Type1,5,5,5,5,5,5
6GUFA,6GUF,A,145,170,172,4.7440892021092775,27,28,CDK2,CMGC_CDK2_HUMAN,DFGin,BLAminus,Type1,5,5,5,5,5,5
6GUFC,6GUF,C,145,170,172,4.6995721358059654,27,28,CDK2,CMGC_CDK2_HUMAN,DFGin,BLAminus,Type1,5,5,5,5,5,5
6GUHA,6GUH,A,145,170,172,4.73211314647563,20,28,CDK2,CMGC_CDK2_HUMAN,DFGin,BLBminus,Type1,5,5,5,5,5,5
6GVAA,6GVA,A,145,170,172,4.6874955296418745,27,28,CDK2,CMGC_CDK2_HUMAN,DFGin,BLAminus,Type1,5,5,5,5,5,5
6GVXA,6GVX,A,150,176,178,4.313543667127676,22,29,MELK,CAMK_MELK_HUMAN,DFGin,BLAminus,Type1,5,5,5,5,5,5
6H0UA,6H0U,A,200,224,226,5.534960846593851,27,27,GSK3B,CMGC_GSK3B_HUMAN,DFGin,BLAminus,Type1,5,5,5,5,5,5
6H0UB,6H0U,B,200,224,226,5.54918707508274,27,27,GSK3B,CMGC_GSK3B_HUMAN,DFGin,BLAminus,Type1,5,5,5,5,5,5
6HD4A,6HD4,A,400,426,428,4.37669716270223,29,29,ABL1,TYR_ABL1_MOUSE,DFGout,BBAminus,"Allosteric,Type2",5,5,5,5,5,5
6HD4B,6HD4,B,400,426,428,4.392560497522612,29,29,ABL1,TYR_ABL1_MOUSE,DFGout,BBAminus,"Allosteric,Type2",5,5,5,5,5,5
6HD6A,6HD6,A,400,426,428,4.3631033236565955,29,29,ABL1,TYR_ABL1_MOUSE,DFGout,BBAminus,"Allosteric,Type2",5,5,5,5,5,5
6HD6B,6HD6,B,400,426,428,4.405063964737603,29,29,ABL1,TYR_ABL1_MOUSE,DFGout,BBAminus,Type2,5,5,5,5,5,5
6HDPA,6HDP,A,295,317,319,6.666499724244291,24,25,DYRK2,CMGC_DYRK2_HUMAN,DFGin,BLAminus,Type1,5,5,5,5,5,5
6HDRA,6HDR,A,295,317,319,6.647272401316341,24,25,DYRK2,CMGC_DYRK2_HUMAN,DFGin,BLAminus,Type1,5,5,5,5,5,5
6HH1A,6HH1,A,810,837,839,4.382387308145014,30,30,KIT,TYR_KIT_HUMAN,DFGout,BBAminus,Type2,5,5,5,5,5,5
6HHGA,6HHG,A,292,317,319,5.344998632740453,25,28,AKT1,AGC_AKT1_HUMAN,None,None,Allosteric,5,5,5,5,5,5
6HHIA,6HHI,A,292,317,319,5.352097242242917,25,28,AKT1,AGC_AKT1_HUMAN,None,None,Allosteric,5,5,5,5,5,5
6HHJA,6HHJ,A,292,317,319,5.357017370960443,28,28,AKT1,AGC_AKT1_HUMAN,DFGout,BBAminus,Allosteric,5,5,5,5,5,5
6HHOA,6HHO,A,156,194,196,3.226826655301233,30,41,RIPK1,TKL_RIPK1_HUMAN,DFGout,BBAminus,Type3,5,5,5,5,5,5
6HHOB,6HHO,B,156,194,196,3.0548993646951863,29,41,RIPK1,TKL_RIPK1_HUMAN,DFGout,BBAminus,Type3,5,5,5,5,5,5
6HK3A,6HK3,A,200,224,226,5.529064196836818,26,27,GSK3B,CMGC_GSK3B_HUMAN,DFGin,BLAminus,Type1,5,5,5,5,5,5
6HK3B,6HK3,B,200,224,226,5.537131959029637,26,27,GSK3B,CMGC_GSK3B_HUMAN,DFGin,BLAminus,Type1,5,5,5,5,5,5
6HK4A,6HK4,A,200,224,226,5.555754611931944,26,27,GSK3B,CMGC_GSK3B_HUMAN,DFGin,BLAminus,Type1,5,5,5,5,5,5
6HK4B,6HK4,B,200,224,226,5.5274979225998875,26,27,GSK3B,CMGC_GSK3B_HUMAN,DFGin,BLAminus,Type1,5,5,5,5,5,5
6HK7A,6HK7,A,200,224,226,5.555524580720436,26,27,GSK3B,CMGC_GSK3B_HUMAN,DFGin,BLAminus,Type1,5,5,5,5,5,5
6HKMA,6HKM,A,200,229,231,4.5042203466214845,30,32,MAPK7,CMGC_MAPK7_HUMAN,DFGin,BLAminus,Type1.5_Front,5,5,5,5,5,5
6HKNA,6HKN,A,200,229,231,4.520181243896552,32,32,MAPK7,CMGC_MAPK7_HUMAN,DFGin,BLAminus,Type1.5_Front,5,5,5,5,5,5
6HM6A,6HM6,A,512,540,542,4.608392021540232,28,31,SYK,TYR_SYK_HUMAN,DFGin,BLAminus,Type1,5,5,5,5,5,5
6HM7A,6HM7,A,512,540,542,4.55793531057967,27,31,SYK,TYR_SYK_HUMAN,DFGin,BLAminus,Type1,5,5,5,5,5,5
6HV0A,6HV0,A,711,739,741,6.97249971385506,31,31,ERN1,OTHER_ERN1_HUMAN,None,None,Type1,5,5,5,5,5,5
6HVDA,6HVD,A,173,198,200,6.781123371570467,22,28,SLK,STE_SLK_HUMAN,DFGin,BLAminus,Type1,5,5,5,5,5,5
6HX1A,6HX1,A,711,739,741,6.972310246842137,29,31,ERN1,OTHER_ERN1_HUMAN,None,None,Type1,5,5,5,5,5,5
6HXFA,6HXF,A,175,200,202,3.6171133176412087,23,28,STK10,STE_STK10_HUMAN,DFGin,BLAminus,Type1,5,5,5,5,5,5
6HXFB,6HXF,B,175,200,202,3.6383021800571163,26,28,STK10,STE_STK10_HUMAN,DFGin,BLAminus,Type1,5,5,5,5,5,5
6HXFC,6HXF,C,175,200,202,3.6972894706421244,26,28,STK10,STE_STK10_HUMAN,DFGin,BLAminus,Type1,5,5,5,5,5,5
6HXFD,6HXF,D,175,200,202,3.445385037088328,26,28,STK10,STE_STK10_HUMAN,DFGin,BLAminus,Type1,5,5,5,5,5,5
6HZUA,6HZU,A,1021,1049,1051,4.267254846160675,29,31,JAK1,TYR_JAK1-2_HUMAN,DFGin,ABAminus,Type1,5,5,5,5,5,5
6HZUB,6HZU,B,1021,1049,1051,4.260253067075377,29,31,JAK1,TYR_JAK1-2_HUMAN,DFGin,ABAminus,Type1,5,5,5,5,5,5
6HZVA,6HZV,A,967,995,997,4.119840572157337,24,31,JAK3,TYR_JAK3-2_HUMAN,DFGin,BLAminus,Type1,5,5,5,5,5,5
6HZVB,6HZV,B,967,995,997,4.101946777025769,23,31,JAK3,TYR_JAK3-2_HUMAN,DFGin,BLAminus,Type1,5,5,5,5,5,5
6HZVC,6HZV,C,967,995,997,4.120449356536399,24,31,JAK3,TYR_JAK3-2_HUMAN,DFGin,BLAminus,Type1,5,5,5,5,5,5
6HZVD,6HZV,D,967,995,997,3.6976778766289957,24,31,JAK3,TYR_JAK3-2_HUMAN,DFGin,BLAminus,Type1,5,5,5,5,5,5
6I1SA,6I1S,A,354,383,385,8.16723485310177,32,32,ACVR1,TKL_ACVR1_HUMAN,DFGin,BLAminus,Type1,5,5,5,5,5,5
6I2AA,6I2A,A,184,206,208,4.8312505980246785,24,25,PRKACA,AGC_PRKACA_CRIGR,DFGin,ABAminus,Type1,5,5,5,5,5,5
6I2BA,6I2B,A,184,206,208,4.8405538098574725,24,25,PRKACA,AGC_PRKACA_CRIGR,DFGin,ABAminus,"Type1,Allosteric",5,5,5,5,5,5
6I2CA,6I2C,A,184,206,208,4.863363275814188,24,25,PRKACA,AGC_PRKACA_CRIGR,DFGin,ABAminus,Type1,5,5,5,5,5,5
6I2DA,6I2D,A,184,206,208,4.855585706430715,24,25,PRKACA,AGC_PRKACA_CRIGR,DFGin,ABAminus,Type1,5,5,5,5,5,5
6I2HA,6I2H,A,184,206,208,4.865697728619466,24,25,PRKACA,AGC_PRKACA_CRIGR,DFGin,ABAminus,Type1,5,5,5,5,5,5
6I2PA,6I2P,A,156,184,186,5.088039761738342,23,31,PKNB,OTHER_PKNB_MYCTU,None,None,ATPlike,5,5,5,5,5,5
6I99A,6I99,A,554,580,582,4.313710495337997,29,29,BMX,TYR_BMX_HUMAN,DFGinter,BABtrans,Type1,5,5,5,5,5,5
6I99B,6I99,B,554,580,582,4.304633702896141,29,29,BMX,TYR_BMX_HUMAN,DFGinter,BABtrans,Type1,5,5,5,5,5,5
6IG8A,6IG8,A,796,823,825,4.414865580161502,30,30,CSF1R,TYR_CSF1R_HUMAN,DFGout,BBAminus,Type2,5,5,5,5,5,5
6IL3A,6IL3,A,829,856,858,4.333886087540052,30,30,FLT3,TYR_FLT3_HUMAN,DFGout,None,Type1,5,5,5,5,5,5
6ILZA,6ILZ,A,396,421,423,4.2746776168945075,27,28,PRKCI,AGC_PRKCI_HUMAN,DFGin,ABAminus,Type1,5,5,5,5,5,5
6ILZC,6ILZ,C,396,421,423,4.338136515407477,27,28,PRKCI,AGC_PRKCI_HUMAN,DFGin,BLAminus,Type1,5,5,5,5,5,5
6ILZE,6ILZ,E,396,421,423,4.301832646689042,27,28,PRKCI,AGC_PRKCI_HUMAN,DFGin,BLAminus,Type1,5,5,5,5,5,5
6ILZG,6ILZ,G,396,421,423,4.359242773553142,27,28,PRKCI,AGC_PRKCI_HUMAN,DFGin,BLAminus,Type1,5,5,5,5,5,5
6IN4A,6IN4,A,161,185,187,7.554786375669904,27,27,DAPK1,CAMK_DAPK1_HUMAN,DFGin,BLAminus,No_ligand,5,5,5,5,5,5
6ITJA,6ITJ,A,641,668,670,4.376113114122838,30,30,FGFR1,TYR_FGFR1_HUMAN,DFGin,BLAplus,Type1,5,5,5,5,5,5
6ITJB,6ITJ,B,641,668,670,4.376981245389401,25,30,FGFR1,TYR_FGFR1_HUMAN,DFGin,BLAplus,Type1,5,5,5,5,5,5
6ITTA,6ITT,A,810,837,839,4.347963077343439,30,30,KIT,TYR_KIT_HUMAN,DFGout,BBAminus,Type2,5,5,5,5,5,5
6ITTB,6ITT,B,810,837,839,4.5042822976145995,30,30,KIT,TYR_KIT_HUMAN,DFGout,BBAminus,Type2,5,5,5,5,5,5
6ITVA,6ITV,A,810,837,839,4.416357597948621,30,30,KIT,TYR_KIT_HUMAN,DFGout,BBAminus,Type2,5,5,5,5,5,5
6IUPA,6IUP,A,630,657,659,4.247083480215112,30,30,FGFR4,TYR_FGFR4_HUMAN,DFGin,BLAplus,Type1,5,5,5,5,5,5
6JMFA,6JMF,A,701,728,730,4.441168336192227,30,30,FES,TYR_FES_HUMAN,DFGin,BLAminus,Type1,5,5,5,5,5,5
6JOJA,6JOJ,A,836,863,865,4.322775339425708,30,30,PDGFRA,TYR_PDGFRA_HUMAN,None,None,Type1,5,5,5,5,5,5
6JOKA,6JOK,A,836,863,865,4.336943915822826,30,30,PDGFRA,TYR_PDGFRA_HUMAN,DFGout,None,Type1,5,5,5,5,5,5
6JOLA,6JOL,A,836,863,865,4.414790088698357,30,30,PDGFRA,TYR_PDGFRA_HUMAN,DFGout,BBAminus,Type2,5,5,5,5,5,5
6JPEA,6JPE,A,630,657,659,4.2533791626671995,30,30,FGFR4,TYR_FGFR4_HUMAN,DFGin,BLAplus,Type1.5_Back,5,5,5,5,5,5
6JPJA,6JPJ,A,630,657,659,4.257340846301947,30,30,FGFR4,TYR_FGFR4_HUMAN,DFGin,BLAplus,Type1,5,5,5,5,5,5
6JUTA,6JUT,A,151,174,176,5.520101489947477,26,26,MAP3K20,TKL_MAP3K20_HUMAN,DFGin,BLAplus,Type1.5_Back,5,5,5,5,5,5
6JUUA,6JUU,A,151,174,176,5.494140672917956,26,26,MAP3K20,TKL_MAP3K20_HUMAN,DFGin,BLAplus,Type1.5_Back,5,5,5,5,5,5
6JUXA,6JUX,A,354,383,385,8.064569210999608,32,32,ACVR1,TKL_ACVR1_HUMAN,DFGin,BLAminus,Type1,5,5,5,5,5,5
6K0JA,6K0J,A,368,390,392,6.680122313664727,24,25,DYRK2,CMGC_DYRK2_HUMAN,DFGin,BLAminus,Type1,5,5,5,5,5,5
6KLAA,6KLA,A,810,837,839,4.318304832567586,30,30,KIT,TYR_KIT_HUMAN,DFGout,BBAminus,Type1,5,5,5,5,5,5
6KYQA,6KYQ,A,533,555,557,7.693111766693916,25,25,DCLK1,CAMK_DCLK1_HUMAN,DFGin,BLAminus,No_ligand,5,5,5,5,5,5
6KYQB,6KYQ,B,533,555,557,7.716728443312787,25,25,DCLK1,CAMK_DCLK1_HUMAN,DFGin,BLAminus,No_ligand,5,5,5,5,5,5
6KYRA,6KYR,A,533,555,557,7.700611006803441,25,25,DCLK1,CAMK_DCLK1_HUMAN,DFGin,BLAminus,No_ligand,5,5,5,5,5,5
6KYRB,6KYR,B,533,555,557,7.72414241813428,25,25,DCLK1,CAMK_DCLK1_HUMAN,DFGin,BLAminus,No_ligand,5,5,5,5,5,5
6LN1A,6LN1,A,307,329,331,7.057342657133859,24,25,DYRK1A,CMGC_DYRK1A_HUMAN,DFGin,BLAminus,Type1,5,5,5,5,5,5
6LN1B,6LN1,B,307,329,331,7.097200078592994,20,25,DYRK1A,CMGC_DYRK1A_HUMAN,DFGin,BLAminus,Type1,5,5,5,5,5,5
6LVKA,6LVK,A,644,671,673,4.26084737670468,30,30,FGFR2,TYR_FGFR2_HUMAN,DFGin,BLAminus,Type1,5,5,5,5,5,5
6LVKB,6LVK,B,644,671,673,4.2174789258576375,30,30,FGFR2,TYR_FGFR2_HUMAN,DFGin,BLAminus,Type1,5,5,5,5,5,5
6LVLA,6LVL,A,644,671,673,4.253994683174324,30,30,FGFR2,TYR_FGFR2_HUMAN,DFGin,BLAminus,Type1,5,5,5,5,5,5
6LVLB,6LVL,B,644,671,673,4.199324199534039,30,30,FGFR2,TYR_FGFR2_HUMAN,DFGin,BLAminus,Type1,5,5,5,5,5,5
6LVMA,6LVM,A,635,662,664,4.389690432784951,28,30,FGFR3,TYR_FGFR3_HUMAN,DFGin,BLAminus,Type1.5_Back,5,5,5,5,5,5
6LXYA,6LXY,A,329,356,358,5.477091958662327,26,30,IRAK4,TKL_IRAK4_HUMAN,DFGin,BLAminus,Type1,5,5,5,5,5,5
6LXYB,6LXY,B,329,356,358,5.366775466581788,28,30,IRAK4,TKL_IRAK4_HUMAN,DFGin,BLAminus,Type1,5,5,5,5,5,5
6LXYD,6LXY,D,329,356,358,5.456369385974546,23,30,IRAK4,TKL_IRAK4_HUMAN,DFGin,BLAminus,Type1,5,5,5,5,5,5
6LXYE,6LXY,E,329,356,358,5.481829061566198,21,30,IRAK4,TKL_IRAK4_HUMAN,DFGin,BLAminus,Type1,5,5,5,5,5,5
6MM5E,6MM5,E,184,206,208,4.909544511376565,24,25,PRKACA,AGC_PRKACA_MOUSE,DFGin,BLAminus,ATPlike,5,5,5,5,5,5
6MM6C,6MM6,C,184,206,208,4.920253451411986,24,25,PRKACA,AGC_PRKACA_MOUSE,DFGin,ABAminus,ATPlike,5,5,5,5,5,5
6MM6E,6MM6,E,184,206,208,4.94067946007124,24,25,PRKACA,AGC_PRKACA_MOUSE,DFGin,ABAminus,ATPlike,5,5,5,5,5,5
6MM7A,6MM7,A,184,206,208,4.8778988769085805,24,25,PRKACA,AGC_PRKACA_MOUSE,DFGin,ABAminus,ATPlike,5,5,5,5,5,5
6MM7D,6MM7,D,184,206,208,4.880774875694672,24,25,PRKACA,AGC_PRKACA_MOUSE,DFGin,ABAminus,ATPlike,5,5,5,5,5,5
6MM8C,6MM8,C,184,206,208,4.881875713965062,24,25,PRKACA,AGC_PRKACA_MOUSE,DFGin,ABAminus,ATPlike,5,5,5,5,5,5
6MOBA,6MOB,A,810,837,839,4.287323731809924,30,30,KIT,TYR_KIT_HUMAN,DFGout,BBAminus,Type2,5,5,5,5,5,5
6MOMA,6MOM,A,329,356,358,5.457025755908786,24,30,IRAK4,TKL_IRAK4_HUMAN,DFGin,BLAminus,Type1,5,5,5,5,5,5
6MOMB,6MOM,B,329,356,358,5.368350366049476,23,30,IRAK4,TKL_IRAK4_HUMAN,DFGin,BLAminus,Type1,5,5,5,5,5,5
6MOMC,6MOM,C,329,356,358,5.469234645859359,24,30,IRAK4,TKL_IRAK4_HUMAN,DFGin,BLAminus,Type1,5,5,5,5,5,5
6MOMD,6MOM,D,329,356,358,5.3752681875314225,27,30,IRAK4,TKL_IRAK4_HUMAN,DFGin,BLAminus,Type1,5,5,5,5,5,5
6MYNA,6MYN,A,536,566,568,5.399177696414775,27,33,MAP3K14,STE_MAP3K14_MOUSE,DFGin,BLAminus,Type1.5_Back,5,5,5,5,5,5
6MYNB,6MYN,B,536,566,568,5.447531852759653,33,33,MAP3K14,STE_MAP3K14_MOUSE,DFGin,BLAminus,Type1.5_Back,5,5,5,5,5,5
6N0PA,6N0P,A,594,621,623,1.3270478300846256,25,30,BRAF,TKL_BRAF_HUMAN,DFGout,BBAminus,Type2,5,5,5,5,5,5
6N33A,6N33,A,796,823,825,4.4450725631706485,30,30,CSF1R,TYR_CSF1R_HUMAN,DFGout,BBAminus,Type2,5,5,5,5,5,5
6N77A,6N77,A,1021,1049,1051,4.251793020281964,29,31,JAK1,TYR_JAK1-2_HUMAN,DFGin,ABAminus,Type1,5,5,5,5,5,5
6N77B,6N77,B,1021,1049,1051,4.242747194187758,29,31,JAK1,TYR_JAK1-2_HUMAN,DFGin,ABAminus,Type1,5,5,5,5,5,5
6N78A,6N78,A,1021,1049,1051,4.266077338191526,29,31,JAK1,TYR_JAK1-2_HUMAN,DFGin,ABAminus,Type1,5,5,5,5,5,5
6N79A,6N79,A,1021,1049,1051,4.2944188288895475,27,31,JAK1,TYR_JAK1-2_HUMAN,DFGin,ABAminus,Type1,5,5,5,5,5,5
6N7AA,6N7A,A,1021,1049,1051,4.295348568118263,29,31,JAK1,TYR_JAK1-2_HUMAN,DFGin,ABAminus,Type1,5,5,5,5,5,5
6N7AB,6N7A,B,1021,1049,1051,4.269331529385597,29,31,JAK1,TYR_JAK1-2_HUMAN,DFGin,ABAminus,Type1,5,5,5,5,5,5
6N7BA,6N7B,A,1021,1049,1051,4.2930029183143,29,31,JAK1,TYR_JAK1-2_HUMAN,DFGin,ABAminus,Type1,5,5,5,5,5,5
6N7CA,6N7C,A,1021,1049,1051,4.259051013386707,27,31,JAK1,TYR_JAK1-2_HUMAN,DFGin,ABAminus,Type1,5,5,5,5,5,5
6N7CB,6N7C,B,1021,1049,1051,4.25668482669909,25,31,JAK1,TYR_JAK1-2_HUMAN,DFGin,ABAminus,Type1,5,5,5,5,5,5
6N7DA,6N7D,A,1021,1049,1051,4.268068367949827,29,31,JAK1,TYR_JAK1-2_HUMAN,DFGin,ABAminus,Type1,5,5,5,5,5,5
6N8GA,6N8G,A,329,356,358,5.501508123085517,23,30,IRAK4,TKL_IRAK4_HUMAN,DFGin,BLAminus,Type1,5,5,5,5,5,5
6N8GB,6N8G,B,329,356,358,5.538407672716593,22,30,IRAK4,TKL_IRAK4_HUMAN,DFGin,BLAminus,Type1,5,5,5,5,5,5
6N8GC,6N8G,C,329,356,358,5.517120219401009,23,30,IRAK4,TKL_IRAK4_HUMAN,DFGin,BLAminus,Type1,5,5,5,5,5,5
6N8GD,6N8G,D,329,356,358,5.522302524966527,22,30,IRAK4,TKL_IRAK4_HUMAN,DFGin,BLAminus,Type1,5,5,5,5,5,5
6NBSA,6NBS,A,165,193,195,4.8057174081637015,31,31,MAPK1,CMGC_MAPK1_HUMAN,DFGin,BLAminus,"Allosteric,Allosteric",5,5,5,5,5,5
6NFYA,6NFY,A,155,180,182,2.7907181018524985,28,28,MAP4K1,STE_MAP4K1_HUMAN,DFGin,ABAminus,Type1,5,5,5,5,5,5
6NFYB,6NFY,B,155,180,182,2.8073837867608824,28,28,MAP4K1,STE_MAP4K1_HUMAN,DFGin,ABAminus,Type1,5,5,5,5,5,5
6NFZA,6NFZ,A,155,180,182,2.6193009847819892,26,28,MAP4K1,STE_MAP4K1_HUMAN,DFGin,BLAminus,Type1,5,5,5,5,5,5
6NFZB,6NFZ,B,155,180,182,2.646288058958307,24,28,MAP4K1,STE_MAP4K1_HUMAN,DFGin,BLAminus,Type1,5,5,5,5,5,5
6NG0A,6NG0,A,155,180,182,3.4105920494793875,23,28,MAP4K1,STE_MAP4K1_HUMAN,DFGin,None,Type1,5,5,5,5,5,5
6NG0B,6NG0,B,155,180,182,3.5600341466810463,28,28,MAP4K1,STE_MAP4K1_HUMAN,DFGout,BBAminus,Type1,5,5,5,5,5,5
6NO7E,6NO7,E,184,206,208,5.0188205150885,24,25,PRKACA,AGC_PRKACA_HUMAN,DFGin,BLAminus,ATPlike,5,5,5,5,5,5
6NO7G,6NO7,G,184,206,208,5.084488247968184,24,25,PRKACA,AGC_PRKACA_HUMAN,DFGin,BLAminus,ATPlike,5,5,5,5,5,5
6NO7A,6NO7,A,184,206,208,4.90449868443745,24,25,PRKACA,AGC_PRKACA_HUMAN,DFGin,BLAminus,No_ligand,5,5,5,5,5,5
6NO7C,6NO7,C,184,206,208,4.922508406617414,24,25,PRKACA,AGC_PRKACA_HUMAN,DFGin,BLAminus,No_ligand,5,5,5,5,5,5
6NPEA,6NPE,A,400,426,428,4.356243490383271,29,29,ABL1,TYR_ABL1_HUMAN,DFGout,BBAminus,"Type2,Allosteric",5,5,5,5,5,5
6NPUA,6NPU,A,400,426,428,4.360964088670367,29,29,ABL1,TYR_ABL1_HUMAN,DFGout,BBAminus,"Type2,Allosteric",5,5,5,5,5,5
6NPVA,6NPV,A,400,426,428,4.384796150013072,29,29,ABL1,TYR_ABL1_HUMAN,DFGout,BBAminus,"Type2,Allosteric",5,5,5,5,5,5
6NPYB,6NPY,B,179,204,206,4.625577093682671,28,28,NEK7,NEK_NEK7_HUMAN,None,None,No_ligand,5,5,5,5,5,5
6NPZA,6NPZ,A,292,317,319,5.275283571171806,27,28,AKT1,AGC_AKT1_HUMAN,DFGin,BLAminus,No_ligand,5,5,5,5,5,5
6NPZB,6NPZ,B,292,317,319,5.270107334413339,27,28,AKT1,AGC_AKT1_HUMAN,DFGin,BLAminus,No_ligand,5,5,5,5,5,5
6NSQA,6NSQ,A,594,621,623,1.4586785839290919,29,30,BRAF,TKL_BRAF_HUMAN,DFGout,BBAminus,Type2,5,5,5,5,5,5
6NVLA,6NVL,A,641,668,670,4.273093170916236,21,30,FGFR1,TYR_FGFR1_HUMAN,DFGin,BLAplus,Type1.5_Back,5,5,5,5,5,5
6NVLC,6NVL,C,641,668,670,4.430906478162712,21,30,FGFR1,TYR_FGFR1_HUMAN,DFGin,BLAplus,Type1.5_Back,5,5,5,5,5,5
6NVLD,6NVL,D,641,668,670,4.246448888043353,21,30,FGFR1,TYR_FGFR1_HUMAN,DFGin,BLAplus,Type1.5_Back,5,5,5,5,5,5
6NW2A,6NW2,A,156,194,196,2.8897940330543856,29,41,RIPK1,TKL_RIPK1_HUMAN,DFGout,BBAminus,Type3,5,5,5,5,5,5
6NY4A,6NY4,A,967,995,997,4.154267443589327,27,31,JAK3,TYR_JAK3-2_HUMAN,DFGin,BLAminus,Type1,5,5,5,5,5,5
6NYBB,6NYB,B,208,231,233,5.2652417513545515,26,26,MAP2K1,STE_MAP2K1_HUMAN,DFGin,BLBplus,"ATPlike,Type3",5,5,5,5,5,5
6NYBA,6NYB,A,594,621,623,1.162256326619714,30,30,BRAF,TKL_BRAF_HUMAN,DFGin,BLBplus,ATPlike,5,5,5,5,5,5
6NYHA,6NYH,A,156,194,196,3.0500933169131277,29,41,RIPK1,TKL_RIPK1_HUMAN,DFGout,BBAminus,Type3,5,5,5,5,5,5
6O8UA,6O8U,A,329,356,358,5.540360247508622,22,30,IRAK4,TKL_IRAK4_HUMAN,DFGin,BLAminus,Type1,5,5,5,5,5,5
6O8UB,6O8U,B,329,356,358,5.544274413447264,21,30,IRAK4,TKL_IRAK4_HUMAN,DFGin,BLAminus,Type1,5,5,5,5,5,5
6O8UC,6O8U,C,329,356,358,5.553897045707722,24,30,IRAK4,TKL_IRAK4_HUMAN,DFGin,BLAminus,Type1,5,5,5,5,5,5
6O8UD,6O8U,D,329,356,358,5.571749942947202,22,30,IRAK4,TKL_IRAK4_HUMAN,DFGin,BLAminus,Type1,5,5,5,5,5,5
6O94A,6O94,A,329,356,358,5.532700270331978,23,30,IRAK4,TKL_IRAK4_HUMAN,DFGin,BLAminus,Type1,5,5,5,5,5,5
6O94B,6O94,B,329,356,358,5.541652636907965,23,30,IRAK4,TKL_IRAK4_HUMAN,DFGin,BLAminus,Type1,5,5,5,5,5,5
6O94C,6O94,C,329,356,358,5.423479667172843,23,30,IRAK4,TKL_IRAK4_HUMAN,DFGin,BLAminus,Type1,5,5,5,5,5,5
6O94D,6O94,D,329,356,358,5.485622143778475,22,30,IRAK4,TKL_IRAK4_HUMAN,DFGin,BLAminus,Type1,5,5,5,5,5,5
6O95A,6O95,A,329,356,358,5.524727703137333,22,30,IRAK4,TKL_IRAK4_HUMAN,DFGin,BLAminus,Type1,5,5,5,5,5,5
6O95B,6O95,B,329,356,358,5.512815123546333,22,30,IRAK4,TKL_IRAK4_HUMAN,DFGin,BLAminus,Type1,5,5,5,5,5,5
6O95C,6O95,C,329,356,358,5.54406138038095,22,30,IRAK4,TKL_IRAK4_HUMAN,DFGin,BLAminus,Type1,5,5,5,5,5,5
6O95D,6O95,D,329,356,358,5.55917530613001,22,30,IRAK4,TKL_IRAK4_HUMAN,DFGin,BLAminus,Type1,5,5,5,5,5,5
6O9DA,6O9D,A,329,356,358,5.615924996515724,23,30,IRAK4,TKL_IRAK4_HUMAN,DFGin,BLAminus,Type1,5,5,5,5,5,5
6O9DB,6O9D,B,329,356,358,5.517557825254007,22,30,IRAK4,TKL_IRAK4_HUMAN,DFGin,BLAminus,Type1,5,5,5,5,5,5
6O9DC,6O9D,C,329,356,358,5.564809683940378,22,30,IRAK4,TKL_IRAK4_HUMAN,DFGin,BLAminus,Type1,5,5,5,5,5,5
6O9DD,6O9D,D,329,356,358,5.539847897900633,24,30,IRAK4,TKL_IRAK4_HUMAN,DFGin,BLAminus,Type1,5,5,5,5,5,5
6O9L8,6O9L,8,155,180,182,4.732530652629683,28,28,CDK7,CMGC_CDK7_HUMAN,DFGin,None,No_ligand,5,5,5,5,5,5
6OCQB,6OCQ,B,156,194,196,3.0778960760584693,29,41,RIPK1,TKL_RIPK1_HUMAN,DFGout,BBAminus,Type3,5,5,5,5,5,5
6OL2A,6OL2,A,368,391,393,6.625239074592602,26,26,WNK1,OTHER_WNK1_RAT,DFGin,BLBminus,Type1.5_Back,5,5,5,5,5,5
6OPGA,6OPG,A,165,193,195,4.675036644922435,29,31,MAPK1,CMGC_MAPK1_HUMAN,DFGin,BLAminus,ATPlike,5,5,5,5,5,5
6OPHA,6OPH,A,165,193,195,4.700798449816618,29,31,MAPK1,CMGC_MAPK1_HUMAN,DFGin,BLAminus,Type1,5,5,5,5,5,5
6OPKA,6OPK,A,165,193,195,4.69840679286884,29,31,MAPK1,CMGC_MAPK1_RAT,DFGin,BLAminus,Type1,5,5,5,5,5,5
6OQIA,6OQI,A,145,170,172,4.752051281035492,28,28,CDK2,CMGC_CDK2_HUMAN,DFGin,BLBtrans,Type1,5,5,5,5,5,5
6OT6A,6OT6,A,165,193,195,4.782586051662411,31,31,MAPK1,CMGC_MAPK1_RAT,DFGin,BLAminus,No_ligand,5,5,5,5,5,5
6OVAA,6OVA,A,1041,1069,1071,4.054351312554039,31,31,TYK2,TYR_TYK2-2_HUMAN,DFGin,BLAminus,Type1,5,5,5,5,5,5
6OYWA,6OYW,A,822,847,849,4.054172147404599,23,28,MAP3K5,STE_MAP3K5_HUMAN,DFGin,BLAminus,Type1,5,5,5,5,5,5
6OYWC,6OYW,C,822,847,849,4.133765511391494,23,28,MAP3K5,STE_MAP3K5_HUMAN,DFGin,BLAminus,Type1,5,5,5,5,5,5
6OYWD,6OYW,D,822,847,849,4.101914305723393,21,28,MAP3K5,STE_MAP3K5_HUMAN,DFGin,BLAminus,Type1,5,5,5,5,5,5
6P3WA,6P3W,A,145,170,172,4.664991398270841,28,28,CDK2,CMGC_CDK2_HUMAN,DFGin,BLAminus,No_ligand,5,5,5,5,5,5
6P3WC,6P3W,C,145,170,172,4.691441363077851,28,28,CDK2,CMGC_CDK2_HUMAN,DFGin,BLAminus,No_ligand,5,5,5,5,5,5
6P5MC,6P5M,C,232,258,260,2.98902683378429,29,29,ROCK2,AGC_ROCK2_HUMAN,DFGin,ABAminus,No_ligand,5,5,5,5,5,5
6P5MD,6P5M,D,232,258,260,3.0020647645569487,29,29,ROCK2,AGC_ROCK2_HUMAN,DFGin,ABAminus,No_ligand,5,5,5,5,5,5
6P5MA,6P5M,A,232,258,260,2.991853108185922,29,29,ROCK2,AGC_ROCK2_HUMAN,DFGin,BLAminus,Type1,5,5,5,5,5,5
6P5MB,6P5M,B,232,258,260,2.9900920466508825,29,29,ROCK2,AGC_ROCK2_HUMAN,DFGin,BLAminus,Type1,5,5,5,5,5,5
6P5PA,6P5P,A,232,258,260,3.0137806632488413,29,29,ROCK2,AGC_ROCK2_HUMAN,DFGin,ABAminus,Type1,5,5,5,5,5,5
6P5PB,6P5P,B,232,258,260,2.94786920403757,24,29,ROCK2,AGC_ROCK2_HUMAN,DFGin,ABAminus,Type1,5,5,5,5,5,5
6P5PC,6P5P,C,232,258,260,2.5905225058817374,29,29,ROCK2,AGC_ROCK2_HUMAN,DFGin,ABAminus,Type1,5,5,5,5,5,5
6P5PD,6P5P,D,232,258,260,3.0590918052967466,28,29,ROCK2,AGC_ROCK2_HUMAN,DFGin,ABAminus,Type1,5,5,5,5,5,5
6P5SA,6P5S,A,346,369,371,7.919909779516498,19,26,HIPK2,CMGC_HIPK2_HUMAN,DFGin,BLAminus,Type1,5,5,5,5,5,5
6P68A,6P68,A,641,668,670,4.365076217011045,27,30,FGFR1,TYR_FGFR1_HUMAN,DFGin,BLAplus,Type1.5_Back,5,5,5,5,5,5
6P68B,6P68,B,641,668,670,4.350497031324823,27,30,FGFR1,TYR_FGFR1_HUMAN,DFGin,BLAplus,Type1.5_Back,5,5,5,5,5,5
6P68C,6P68,C,641,668,670,4.363237615306929,27,30,FGFR1,TYR_FGFR1_HUMAN,DFGin,BLAplus,Type1.5_Back,5,5,5,5,5,5
6P69A,6P69,A,641,668,670,4.4149707752899205,30,30,FGFR1,TYR_FGFR1_HUMAN,DFGin,BLAplus,Type1.5_Back,5,5,5,5,5,5
6P69B,6P69,B,641,668,670,4.451819772702194,30,30,FGFR1,TYR_FGFR1_HUMAN,DFGin,BLAplus,Type1.5_Back,5,5,5,5,5,5
6P7GB,6P7G,B,594,621,623,1.2770402736981938,30,30,BRAF,TKL_BRAF_HUMAN,DFGout,BBAminus,"Type2,Allosteric",5,5,5,5,5,5
6PAWA,6PAW,A,161,185,187,7.660355908117794,27,27,DAPK2,CAMK_DAPK2_HUMAN,DFGin,BLAminus,No_ligand,5,5,5,5,5,5
6PAWB,6PAW,B,161,185,187,7.658758295481212,27,27,DAPK2,CAMK_DAPK2_HUMAN,DFGin,BLAminus,No_ligand,5,5,5,5,5,5
6PAWE,6PAW,E,161,185,187,7.673985805702007,27,27,DAPK2,CAMK_DAPK2_HUMAN,DFGin,BLAminus,No_ligand,5,5,5,5,5,5
6PAWF,6PAW,F,161,185,187,7.6617415853717885,27,27,DAPK2,CAMK_DAPK2_HUMAN,DFGin,BLAminus,No_ligand,5,5,5,5,5,5
6PDJA,6PDJ,A,382,408,410,4.385840773285057,28,29,LCK,TYR_LCK_HUMAN,DFGout,BBAminus,Type1.5_Front,5,5,5,5,5,5
6PJJA,6PJJ,A,834,857,859,6.207349905357877,25,26,PRP4K,CMGC_PRP4K_HUMAN,DFGin,BLAminus,Type1,5,5,5,5,5,5
6PJJB,6PJJ,B,834,857,859,6.1787430780700525,25,26,PRP4K,CMGC_PRP4K_HUMAN,DFGin,BLAminus,Type1,5,5,5,5,5,5
6PJJC,6PJJ,C,834,857,859,6.16078832159123,25,26,PRP4K,CMGC_PRP4K_HUMAN,DFGin,BLAminus,Type1,5,5,5,5,5,5
6PJJD,6PJJ,D,834,857,859,6.1995951497164095,22,26,PRP4K,CMGC_PRP4K_HUMAN,DFGin,BLAminus,Type1,5,5,5,5,5,5
6PJXA,6PJX,A,329,353,355,4.15194145953268,27,27,GRK5,AGC_GRK5_HUMAN,DFGin,None,Type1,5,5,5,5,5,5
6PK6A,6PK6,A,834,857,859,6.202591209847248,25,26,PRP4K,CMGC_PRP4K_HUMAN,DFGin,BLAminus,Type1,5,5,5,5,5,5
6PNXA,6PNX,A,635,662,664,4.53695374534218,30,30,FGFR3,TYR_FGFR3_HUMAN,DFGin,BLAplus,ATPlike,5,5,5,5,5,5
6PNXB,6PNX,B,635,662,664,4.297126405621249,30,30,FGFR3,TYR_FGFR3_HUMAN,DFGin,BLAplus,ATPlike,5,5,5,5,5,5
6PP9B,6PP9,B,208,231,233,6.6909108383788425,26,26,MAP2K1,STE_MAP2K1_HUMAN,DFGin,BLBplus,"ATPlike,Type3",5,5,5,5,5,5
6PP9A,6PP9,A,594,621,623,1.1926559378802841,30,30,BRAF,TKL_BRAF_HUMAN,DFGin,BLBplus,ATPlike,5,5,5,5,5,5
6Q0JC,6Q0J,C,208,231,233,6.641493665397692,26,26,MAP2K1,STE_MAP2K1_HUMAN,None,None,"Type1,ATPlike",5,5,5,5,5,5
6Q0JD,6Q0J,D,208,231,233,6.58654412655143,26,26,MAP2K1,STE_MAP2K1_HUMAN,None,None,"Type1,ATPlike",5,5,5,5,5,5
6Q0JA,6Q0J,A,594,621,623,1.1986438354304703,30,30,BRAF,TKL_BRAF_HUMAN,None,None,No_ligand,5,5,5,5,5,5
6Q0JB,6Q0J,B,594,621,623,1.1981737149080465,30,30,BRAF,TKL_BRAF_HUMAN,None,None,No_ligand,5,5,5,5,5,5
6Q0KA,6Q0K,A,594,621,623,1.1975939766423769,30,30,BRAF,TKL_BRAF_HUMAN,None,None,No_ligand,5,5,5,5,5,5
6Q0KB,6Q0K,B,594,621,623,1.197851267295074,30,30,BRAF,TKL_BRAF_HUMAN,None,None,No_ligand,5,5,5,5,5,5
6Q0TC,6Q0T,C,208,231,233,6.707427855037262,26,26,MAP2K1,STE_MAP2K1_HUMAN,None,None,"Type1,ATPlike",5,5,5,5,5,5
6Q0TA,6Q0T,A,594,621,623,1.1983251955021512,30,30,BRAF,TKL_BRAF_HUMAN,None,None,No_ligand,5,5,5,5,5,5
6Q0TB,6Q0T,B,594,621,623,1.1984334777525332,30,30,BRAF,TKL_BRAF_HUMAN,None,None,No_ligand,5,5,5,5,5,5
6Q3BA,6Q3B,A,145,170,172,4.716282867787165,20,28,CDK2,CMGC_CDK2_HUMAN,None,None,"Type1,Type1",5,5,5,5,5,5
6Q3CA,6Q3C,A,145,170,172,4.734622657561635,28,28,CDK2,CMGC_CDK2_HUMAN,None,None,"Type1,Type1",5,5,5,5,5,5
6Q3FA,6Q3F,A,145,170,172,4.744176999181216,28,28,CDK2,CMGC_CDK2_HUMAN,None,None,Allosteric,5,5,5,5,5,5
6Q48A,6Q48,A,145,170,172,4.693868394579561,20,28,CDK2,CMGC_CDK2_HUMAN,None,None,Type1,5,5,5,5,5,5
6Q49A,6Q49,A,145,170,172,4.704820041796948,23,28,CDK2,CMGC_CDK2_HUMAN,None,None,Allosteric,5,5,5,5,5,5
6Q4AA,6Q4A,A,145,170,172,4.7163711991289485,28,28,CDK2,CMGC_CDK2_HUMAN,None,None,Type1,5,5,5,5,5,5
6Q4BA,6Q4B,A,145,170,172,4.708636213689796,28,28,CDK2,CMGC_CDK2_HUMAN,None,None,Type1,5,5,5,5,5,5
6Q4CA,6Q4C,A,145,170,172,4.702884790906294,28,28,CDK2,CMGC_CDK2_HUMAN,DFGin,BLBtrans,Type1,5,5,5,5,5,5
6Q4DA,6Q4D,A,145,170,172,4.64121401023513,28,28,CDK2,CMGC_CDK2_HUMAN,DFGin,BLBtrans,"Type1,Allosteric,Allosteric,Allosteric,Allosteric,Allosteric",5,5,5,5,5,5
6Q4EA,6Q4E,A,145,170,172,4.705559568818934,20,28,CDK2,CMGC_CDK2_HUMAN,None,None,Type1,5,5,5,5,5,5
6Q4FA,6Q4F,A,145,170,172,4.7276528492505685,28,28,CDK2,CMGC_CDK2_HUMAN,None,None,Type1,5,5,5,5,5,5
6Q4HA,6Q4H,A,145,170,172,4.707754122063955,26,28,CDK2,CMGC_CDK2_HUMAN,DFGin,BLBplus,Type1,5,5,5,5,5,5
6Q4IA,6Q4I,A,145,170,172,4.725153596334196,25,28,CDK2,CMGC_CDK2_HUMAN,None,None,Type1,5,5,5,5,5,5
6Q4JA,6Q4J,A,145,170,172,4.704344778975366,26,28,CDK2,CMGC_CDK2_HUMAN,None,None,Type1,5,5,5,5,5,5
6Q4KA,6Q4K,A,145,170,172,4.707503961430212,28,28,CDK2,CMGC_CDK2_HUMAN,DFGin,BLBtrans,"Allosteric,Allosteric",5,5,5,5,5,5
6Q7KA,6Q7K,A,167,195,197,4.788394196145082,31,31,MAPK1,CMGC_MAPK1_HUMAN,DFGin,BLAminus,Type1,5,5,5,5,5,5
6Q7SA,6Q7S,A,167,195,197,4.802842036449454,31,31,MAPK1,CMGC_MAPK1_HUMAN,DFGin,BLAminus,No_ligand,5,5,5,5,5,5
6Q7TA,6Q7T,A,167,195,197,4.812798877784503,31,31,MAPK1,CMGC_MAPK1_HUMAN,DFGin,BLAminus,"Type1,Allosteric",5,5,5,5,5,5
6QA1A,6QA1,A,167,195,197,4.858714912444869,31,31,MAPK1,CMGC_MAPK1_HUMAN,DFGin,BLAminus,"Allosteric,Type1,Allosteric,Allosteric,Allosteric,Allosteric,Allosteric",5,5,5,5,5,5
6QA3A,6QA3,A,167,195,197,4.818840140972461,31,31,MAPK1,CMGC_MAPK1_HUMAN,DFGin,BLAminus,No_ligand,5,5,5,5,5,5
6QA4A,6QA4,A,167,195,197,4.69606064874865,31,31,MAPK1,CMGC_MAPK1_HUMAN,DFGin,BLAminus,"Allosteric,Type1,Allosteric,Type3",5,5,5,5,5,5
6QAGA,6QAG,A,167,195,197,4.834095536968561,31,31,MAPK1,CMGC_MAPK1_HUMAN,DFGin,BLAminus,"Type1,Allosteric",5,5,5,5,5,5
6QAHA,6QAH,A,167,195,197,4.814734645642564,31,31,MAPK1,CMGC_MAPK1_HUMAN,DFGin,BLAminus,"Allosteric,Allosteric",5,5,5,5,5,5
6QALA,6QAL,A,167,195,197,4.690776538561842,31,31,MAPK1,CMGC_MAPK1_HUMAN,DFGin,BLAminus,"Allosteric,Allosteric",5,5,5,5,5,5
6QAQA,6QAQ,A,167,195,197,4.797063304921095,31,31,MAPK1,CMGC_MAPK1_HUMAN,DFGin,BLAminus,"Type3,Allosteric",5,5,5,5,5,5
6QAWA,6QAW,A,167,195,197,4.828151077235352,31,31,MAPK1,CMGC_MAPK1_HUMAN,DFGin,BLAminus,Type1,5,5,5,5,5,5
6QF4A,6QF4,A,179,203,205,6.9401820580305476,23,27,STK17B,CAMK_STK17B_HUMAN,DFGin,BLAminus,ATPlike,5,5,5,5,5,5
6QJ7A,6QJ7,A,184,206,208,4.824391331923031,24,25,PRKACA,AGC_PRKACA_HUMAN,DFGin,BLAminus,Type1,5,5,5,5,5,5
6QMOA,6QMO,A,161,185,187,7.5730724967297185,27,27,DAPK1,CAMK_DAPK1_HUMAN,DFGin,BLAminus,No_ligand,5,5,5,5,5,5
6QN4A,6QN4,A,161,185,187,7.655407518446427,27,27,DAPK1,CAMK_DAPK1_HUMAN,DFGin,BLAminus,No_ligand,5,5,5,5,5,5
6QU2A,6QU2,A,307,329,331,7.0719991169504475,24,25,DYRK1A,CMGC_DYRK1A_HUMAN,DFGin,BLAminus,Type1,5,5,5,5,5,5
6QU2B,6QU2,B,307,329,331,7.070141613458715,24,25,DYRK1A,CMGC_DYRK1A_HUMAN,DFGin,BLAminus,Type1,5,5,5,5,5,5
6QU2C,6QU2,C,307,329,331,7.064461827748662,24,25,DYRK1A,CMGC_DYRK1A_HUMAN,DFGin,BLAminus,Type1,5,5,5,5,5,5
6QU2D,6QU2,D,307,329,331,7.066389457696286,24,25,DYRK1A,CMGC_DYRK1A_HUMAN,DFGin,BLAminus,Type1,5,5,5,5,5,5
6RA5B,6RA5,B,171,196,198,3.3423187014928697,20,28,TNIK,STE_TNIK_HUMAN,DFGin,BLAminus,No_ligand,5,5,5,5,5,5
6RA5A,6RA5,A,171,196,198,3.5397944168116324,26,28,TNIK,STE_TNIK_HUMAN,DFGin,BLAminus,Type1,5,5,5,5,5,5
6RA7A,6RA7,A,171,196,198,3.9257138897937693,26,28,TNIK,STE_TNIK_HUMAN,DFGin,BLAminus,Type1,5,5,5,5,5,5
6RFIA,6RFI,A,329,356,358,5.515376974798455,23,30,IRAK4,TKL_IRAK4_HUMAN,DFGin,BLAminus,Type1,5,5,5,5,5,5
6RFJA,6RFJ,A,329,356,358,5.486197302846461,21,30,IRAK4,TKL_IRAK4_HUMAN,DFGin,BLAminus,Type1,5,5,5,5,5,5
6RFPA,6RFP,A,165,193,195,4.829595650285314,31,31,MAPK1,CMGC_MAPK1_RAT,DFGin,BLAminus,No_ligand,5,5,5,5,5,5
6RIJA,6RIJ,A,145,170,172,4.699977517449219,27,28,CDK2,CMGC_CDK2_HUMAN,DFGin,BLAminus,Type1,5,5,5,5,5,5
6RIJC,6RIJ,C,145,170,172,4.690307833398552,27,28,CDK2,CMGC_CDK2_HUMAN,DFGin,BLAminus,Type1,5,5,5,5,5,5
6RLNB,6RLN,B,156,194,196,3.0920776614267096,29,41,RIPK1,TKL_RIPK1_HUMAN,DFGout,BBAminus,Type1,5,5,5,5,5,5
6RLNA,6RLN,A,156,194,196,3.2700551513782146,30,41,RIPK1,TKL_RIPK1_HUMAN,DFGout,BBAminus,Type3,5,5,5,5,5,5
6RQ4A,6RQ4,A,167,195,197,4.819124293484662,31,31,MAPK1,CMGC_MAPK1_HUMAN,DFGin,BLAminus,Type1,5,5,5,5,5,5
6RSBA,6RSB,A,1021,1049,1051,4.223089345097018,29,31,JAK1,TYR_JAK1-2_HUMAN,DFGin,ABAminus,Type1,5,5,5,5,5,5
6RSBB,6RSB,B,1021,1049,1051,4.240048383620319,29,31,JAK1,TYR_JAK1-2_HUMAN,DFGin,ABAminus,Type1,5,5,5,5,5,5
6RSCA,6RSC,A,1021,1049,1051,4.217456913108985,29,31,JAK1,TYR_JAK1-2_HUMAN,DFGin,ABAminus,Type1,5,5,5,5,5,5
6RSCB,6RSC,B,1021,1049,1051,4.23004741894284,29,31,JAK1,TYR_JAK1-2_HUMAN,DFGin,ABAminus,Type1,5,5,5,5,5,5
6RSDA,6RSD,A,1021,1049,1051,4.211551487184521,29,31,JAK1,TYR_JAK1-2_HUMAN,DFGin,ABAminus,Type1,5,5,5,5,5,5
6RSDB,6RSD,B,1021,1049,1051,4.227422143149115,29,31,JAK1,TYR_JAK1-2_HUMAN,DFGin,ABAminus,Type1,5,5,5,5,5,5
6RSEA,6RSE,A,1021,1049,1051,4.2394432014638515,29,31,JAK1,TYR_JAK1-2_HUMAN,DFGin,ABAminus,Type1,5,5,5,5,5,5
6RSEB,6RSE,B,1021,1049,1051,4.260388092516046,29,31,JAK1,TYR_JAK1-2_HUMAN,DFGin,ABAminus,Type1,5,5,5,5,5,5
6RSHA,6RSH,A,1021,1049,1051,4.2267484164552345,29,31,JAK1,TYR_JAK1-2_HUMAN,DFGin,ABAminus,Type1,5,5,5,5,5,5
6RSHB,6RSH,B,1021,1049,1051,4.246585633826692,29,31,JAK1,TYR_JAK1-2_HUMAN,DFGin,ABAminus,Type1,5,5,5,5,5,5
6S11A,6S11,A,307,329,331,7.086571843976069,24,25,DYRK1A,CMGC_DYRK1A_HUMAN,DFGin,BLAminus,Type1,5,5,5,5,5,5
6S11B,6S11,B,307,329,331,7.041255905171604,21,25,DYRK1A,CMGC_DYRK1A_HUMAN,DFGin,BLAminus,Type1,5,5,5,5,5,5
6S14A,6S14,A,307,329,331,7.127027983280299,24,25,DYRK1A,CMGC_DYRK1A_HUMAN,DFGin,BLAminus,Type1,5,5,5,5,5,5
6S17A,6S17,A,307,329,331,7.134208584666606,24,25,DYRK1A,CMGC_DYRK1A_HUMAN,DFGin,BLAminus,Type1,5,5,5,5,5,5
6S1BA,6S1B,A,307,329,331,7.129448268246915,24,25,DYRK1A,CMGC_DYRK1A_HUMAN,DFGin,BLAminus,Type1,5,5,5,5,5,5
6S1HA,6S1H,A,307,329,331,7.070403949275671,24,25,DYRK1A,CMGC_DYRK1A_HUMAN,DFGin,BLAminus,Type1,5,5,5,5,5,5
6S1IA,6S1I,A,307,329,331,7.036357088378395,24,25,DYRK1A,CMGC_DYRK1A_HUMAN,DFGin,BLAminus,Type1,5,5,5,5,5,5
6S1IB,6S1I,B,307,329,331,7.062509151653251,24,25,DYRK1A,CMGC_DYRK1A_HUMAN,DFGin,BLAminus,Type1,5,5,5,5,5,5
6S1IC,6S1I,C,307,329,331,7.063415474850617,23,25,DYRK1A,CMGC_DYRK1A_HUMAN,DFGin,BLAminus,Type1,5,5,5,5,5,5
6S1ID,6S1I,D,307,329,331,7.062187825488643,23,25,DYRK1A,CMGC_DYRK1A_HUMAN,DFGin,BLAminus,Type1,5,5,5,5,5,5
6S1JA,6S1J,A,307,329,331,7.079260419157999,24,25,DYRK1A,CMGC_DYRK1A_HUMAN,DFGin,BLAminus,Type1,5,5,5,5,5,5
6S9WA,6S9W,A,292,317,319,5.3348755046424134,26,28,AKT1,AGC_AKT1_HUMAN,DFGout,BBAminus,Allosteric,5,5,5,5,5,5
6S9XA,6S9X,A,292,317,319,5.3723382466999565,21,28,AKT1,AGC_AKT1_HUMAN,None,None,Allosteric,5,5,5,5,5,5
6SEQA,6SEQ,A,313,340,342,5.392593133368869,30,30,LMTK3,TYR_LMTK3_HUMAN,DFGout,BBAminus,No_ligand,5,5,5,5,5,5
6SG4A,6SG4,A,145,170,172,4.781500175316541,27,28,CDK2,CMGC_CDK2_HUMAN,DFGin,BLAminus,No_ligand,5,5,5,5,5,5
6SG4C,6SG4,C,145,170,172,4.808442161649777,27,28,CDK2,CMGC_CDK2_HUMAN,DFGin,BLAminus,No_ligand,5,5,5,5,5,5
6SLGA,6SLG,A,167,195,197,4.822791313071364,31,31,MAPK1,CMGC_MAPK1_HUMAN,DFGin,BLAminus,Type1,5,5,5,5,5,5
6SM8B,6SM8,B,1021,1049,1051,4.23875357227749,27,31,JAK1,TYR_JAK1-2_HUMAN,DFGin,ABAminus,Type1,5,5,5,5,5,5
6SM8A,6SM8,A,1021,1049,1051,4.211444236338132,29,31,JAK1,TYR_JAK1-2_HUMAN,DFGin,ABAminus,Type1,5,5,5,5,5,5
6SMBA,6SMB,A,1021,1049,1051,4.234507555467468,29,31,JAK1,TYR_JAK1-2_HUMAN,DFGin,ABAminus,Type1,5,5,5,5,5,5
6SMBB,6SMB,B,1021,1049,1051,4.237023653506854,29,31,JAK1,TYR_JAK1-2_HUMAN,DFGin,ABAminus,Type1,5,5,5,5,5,5
6SNNA,6SNN,A,184,206,208,4.792108766665826,24,25,PRKACA,AGC_PRKACA_CRIGR,DFGin,BLAminus,Type1,5,5,5,5,5,5
6SNXA,6SNX,A,184,206,208,4.891017423131271,24,25,PRKACA,AGC_PRKACA_CRIGR,DFGin,BLAminus,"Type1,Allosteric",5,5,5,5,5,5
6SO1A,6SO1,A,168,190,192,4.634361231712429,23,25,MAPK14,CMGC_MAPK14_MOUSE,DFGin,BLBminus,Allosteric,5,5,5,5,5,5
6SO2A,6SO2,A,168,190,192,4.625172840524532,23,25,MAPK14,CMGC_MAPK14_MOUSE,DFGin,BLBminus,Allosteric,5,5,5,5,5,5
6SO4A,6SO4,A,168,190,192,4.644063863726067,23,25,MAPK14,CMGC_MAPK14_MOUSE,DFGin,BLBminus,Allosteric,5,5,5,5,5,5
6SODA,6SOD,A,168,190,192,4.660577490420691,23,25,MAPK14,CMGC_MAPK14_MOUSE,DFGin,BLBminus,Allosteric,5,5,5,5,5,5
6SOIA,6SOI,A,168,190,192,4.653010374917981,24,25,MAPK14,CMGC_MAPK14_MOUSE,DFGin,BLBminus,Allosteric,5,5,5,5,5,5
6SOTA,6SOT,A,168,190,192,4.638631122860315,23,25,MAPK14,CMGC_MAPK14_MOUSE,DFGin,BLBminus,Allosteric,5,5,5,5,5,5
6SOXA,6SOX,A,184,206,208,4.790597522224729,24,25,PRKACA,AGC_PRKACA_CRIGR,DFGin,BLAminus,Type1,5,5,5,5,5,5
6SP9A,6SP9,A,168,190,192,4.680761217812233,18,25,MAPK14,CMGC_MAPK14_MOUSE,DFGin,BLBplus,"Type1,Allosteric,Allosteric",5,5,5,5,5,5
6SPMA,6SPM,A,184,206,208,4.785689417445251,24,25,PRKACA,AGC_PRKACA_CRIGR,DFGin,BLAminus,Type1,5,5,5,5,5,5
6SPSA,6SPS,A,184,206,208,4.873214042580018,24,25,PRKACA,AGC_PRKACA_CRIGR,DFGin,BLAminus,Type1,5,5,5,5,5,5
6SPUA,6SPU,A,184,206,208,4.768050983183632,24,25,PRKACA,AGC_PRKACA_CRIGR,DFGin,BLAminus,Type1,5,5,5,5,5,5
6SPYA,6SPY,A,184,206,208,4.882274417387397,24,25,PRKACA,AGC_PRKACA_CRIGR,DFGin,BLAminus,Type1,5,5,5,5,5,5
6SQ1A,6SQ1,A,184,206,208,4.870055583347273,24,25,PRKACA,AGC_PRKACA_CRIGR,DFGin,BLAminus,Type1,5,5,5,5,5,5
6SRHB,6SRH,B,354,383,385,8.138560261394831,32,32,ACVR1,TKL_ACVR1_HUMAN,DFGin,BLAminus,"Type1,Allosteric,Allosteric",5,5,5,5,5,5
6SSBA,6SSB,A,512,540,542,4.531813130630582,30,31,SYK,TYR_SYK_HUMAN,DFGin,BLAminus,Type1,5,5,5,5,5,5
6SZMB,6SZM,B,354,383,385,8.111550003259763,32,32,ACVR1,TKL_ACVR1_HUMAN,DFGin,BLAminus,Type1,5,5,5,5,5,5
6T2WA,6T2W,A,796,823,825,4.347499387839137,30,30,CSF1R,TYR_CSF1R_HUMAN,DFGout,BBAminus,Type1,5,5,5,5,5,5
6T6AD,6T6A,D,307,329,331,7.044554523899144,24,25,DYRK1A,CMGC_DYRK1A_HUMAN,DFGin,BLAminus,No_ligand,5,5,5,5,5,5
6T6AA,6T6A,A,307,329,331,7.050538388144004,24,25,DYRK1A,CMGC_DYRK1A_HUMAN,DFGin,BLAminus,Type1,5,5,5,5,5,5
6T6AB,6T6A,B,307,329,331,7.0557921679131335,24,25,DYRK1A,CMGC_DYRK1A_HUMAN,DFGin,BLAminus,Type1,5,5,5,5,5,5
6T6AC,6T6A,C,307,329,331,7.064836526787718,24,25,DYRK1A,CMGC_DYRK1A_HUMAN,DFGin,BLAminus,Type1,5,5,5,5,5,5
6T6DB,6T6D,B,354,383,385,8.191427274925521,32,32,ACVR1,TKL_ACVR1_HUMAN,DFGin,ABAminus,Type1,5,5,5,5,5,5
6T6DA,6T6D,A,354,383,385,8.22474638490265,28,32,ACVR1,TKL_ACVR1_HUMAN,DFGin,None,Type1,5,5,5,5,5,5
6T8NA,6T8N,A,354,383,385,8.23313403471083,32,32,ACVR1,TKL_ACVR1_HUMAN,DFGin,BLAminus,Type1,5,5,5,5,5,5
6T8NB,6T8N,B,354,383,385,8.225468419764926,32,32,ACVR1,TKL_ACVR1_HUMAN,DFGin,BLAminus,Type1,5,5,5,5,5,5
6T8XA,6T8X,A,207,231,233,8.505658609683072,19,27,MAPKAPK2,CAMK_MAPKAPK2_HUMAN,DFGin,BLAminus,"Type1,Allosteric",5,5,5,5,5,5
6T8XD,6T8X,D,207,231,233,8.503056741955472,19,27,MAPKAPK2,CAMK_MAPKAPK2_HUMAN,DFGin,BLAminus,"Type1,Allosteric",5,5,5,5,5,5
6T8XE,6T8X,E,207,231,233,8.506126445270482,19,27,MAPKAPK2,CAMK_MAPKAPK2_HUMAN,DFGin,BLAminus,"Type1,Allosteric",5,5,5,5,5,5
6TCAA,6TCA,A,207,231,233,7.828436403210942,27,27,MAPKAPK2,CAMK_MAPKAPK2_HUMAN,DFGin,BLAminus,No_ligand,5,5,5,5,5,5
6TCAC,6TCA,C,207,231,233,7.447062006409765,27,27,MAPKAPK2,CAMK_MAPKAPK2_HUMAN,DFGin,BLAminus,No_ligand,5,5,5,5,5,5
6TCAE,6TCA,E,207,231,233,7.499236518580528,27,27,MAPKAPK2,CAMK_MAPKAPK2_HUMAN,DFGin,BLAminus,No_ligand,5,5,5,5,5,5
6TCAG,6TCA,G,207,231,233,8.667631996471558,27,27,MAPKAPK2,CAMK_MAPKAPK2_HUMAN,DFGin,BLAminus,No_ligand,5,5,5,5,5,5
6TCAB,6TCA,B,168,190,192,4.642497251619619,23,25,MAPK14,CMGC_MAPK14_HUMAN,DFGin,BLAminus,Type1.5_Back,5,5,5,5,5,5
6TCAD,6TCA,D,168,190,192,4.60730708428746,23,25,MAPK14,CMGC_MAPK14_HUMAN,DFGin,BLAminus,Type1.5_Back,5,5,5,5,5,5
6TCAF,6TCA,F,168,190,192,4.625216520000684,23,25,MAPK14,CMGC_MAPK14_HUMAN,DFGin,BLAminus,Type1.5_Back,5,5,5,5,5,5
6TCAH,6TCA,H,168,190,192,4.668588838432583,23,25,MAPK14,CMGC_MAPK14_HUMAN,DFGin,BLAminus,Type1.5_Back,5,5,5,5,5,5
6TCUA,6TCU,A,200,224,226,5.536560152229879,26,27,GSK3B,CMGC_GSK3B_HUMAN,DFGin,BLAminus,Type1,5,5,5,5,5,5
6THXA,6THX,A,329,356,358,5.553261337715705,22,30,IRAK4,TKL_IRAK4_HUMAN,DFGin,BLAminus,Type1,5,5,5,5,5,5
6THXB,6THX,B,329,356,358,5.5452063483488905,23,30,IRAK4,TKL_IRAK4_HUMAN,DFGin,BLAminus,Type1,5,5,5,5,5,5
6THZA,6THZ,A,329,356,358,5.488737948605038,22,30,IRAK4,TKL_IRAK4_HUMAN,DFGin,BLAminus,Type1,5,5,5,5,5,5
6THZB,6THZ,B,329,356,358,5.496892793850623,23,30,IRAK4,TKL_IRAK4_HUMAN,DFGin,BLAminus,Type1,5,5,5,5,5,5
6TI8A,6TI8,A,329,356,358,5.5632990586970275,22,30,IRAK4,TKL_IRAK4_HUMAN,DFGin,BLAminus,Type1,5,5,5,5,5,5
6TI8B,6TI8,B,329,356,358,5.564886082239889,21,30,IRAK4,TKL_IRAK4_HUMAN,DFGin,BLAminus,Type1,5,5,5,5,5,5
6TI8C,6TI8,C,329,356,358,5.538609893129916,21,30,IRAK4,TKL_IRAK4_HUMAN,DFGin,BLAminus,Type1,5,5,5,5,5,5
6TI8D,6TI8,D,329,356,358,5.524433954457582,21,30,IRAK4,TKL_IRAK4_HUMAN,DFGin,BLAminus,Type1,5,5,5,5,5,5
6TIAA,6TIA,A,329,356,358,5.573212147837879,22,30,IRAK4,TKL_IRAK4_HUMAN,DFGin,BLAminus,"Type1,Allosteric,Allosteric,Allosteric",5,5,5,5,5,5
6TIAB,6TIA,B,329,356,358,5.545000458569507,22,30,IRAK4,TKL_IRAK4_HUMAN,DFGin,BLAminus,"Type1,Allosteric,Allosteric,Allosteric",5,5,5,5,5,5
6TN8A,6TN8,A,354,383,385,8.246882265820968,32,32,ACVR1,TKL_ACVR1_HUMAN,DFGin,BLAminus,Type1,5,5,5,5,5,5
6TPDA,6TPD,A,994,1022,1024,4.162822595880453,31,31,JAK2,TYR_JAK2-2_HUMAN,DFGin,BLAminus,Type1,5,5,5,5,5,5
6TPEA,6TPE,A,1021,1049,1051,4.240678324198846,29,31,JAK1,TYR_JAK1-2_HUMAN,DFGin,ABAminus,Type1,5,5,5,5,5,5
6TPEB,6TPE,B,1021,1049,1051,4.242902196987166,29,31,JAK1,TYR_JAK1-2_HUMAN,DFGin,ABAminus,Type1,5,5,5,5,5,5
6TPFA,6TPF,A,1021,1049,1051,4.25312878016386,29,31,JAK1,TYR_JAK1-2_HUMAN,DFGin,ABAminus,Type1,5,5,5,5,5,5
6TPFB,6TPF,B,1021,1049,1051,4.25394336269159,29,31,JAK1,TYR_JAK1-2_HUMAN,DFGin,ABAminus,Type1,5,5,5,5,5,5
6TY4A,6TY4,A,564,590,592,4.456590896350914,29,29,PTK2,TYR_PTK2_CHICK,DFGin,BLAminus,ATPlike,5,5,5,5,5,5
6TY4B,6TY4,B,564,590,592,4.456586392861595,29,29,PTK2,TYR_PTK2_CHICK,DFGin,BLAminus,ATPlike,5,5,5,5,5,5
6U2GA,6U2G,A,208,231,233,6.632703790046752,26,26,MAP2K1,STE_MAP2K1_HUMAN,DFGin,BLBplus,ATPlike,5,5,5,5,5,5
6U2GB,6U2G,B,594,621,623,1.1538244197215375,22,30,BRAF,TKL_BRAF_HUMAN,DFGin,BLBplus,ATPlike,5,5,5,5,5,5
6U2HD,6U2H,D,594,621,623,1.4184303877771196,27,30,BRAF,TKL_BRAF_HUMAN,DFGin,BLAminus,Type1,5,5,5,5,5,5
6U7CA,6U7C,A,335,358,360,3.910633248076806,26,26,GRK2,AGC_GRK2_HUMAN,DFGin,BLAminus,Type1.5_Front,5,5,5,5,5,5
6UANC,6UAN,C,594,621,623,3.9072230932951393e-07,30,30,BRAF,TKL_BRAF_HUMAN,DFGin,BLAminus,No_ligand,5,5,5,5,5,5
6UIPB,6UIP,B,307,329,331,7.157324344333961,24,25,DYRK1A,CMGC_DYRK1A_HUMAN,DFGin,ABAminus,Type1,5,5,5,5,5,5
6UIPA,6UIP,A,307,329,331,7.076681781224674,24,25,DYRK1A,CMGC_DYRK1A_HUMAN,DFGin,None,Type1,5,5,5,5,5,5
6URCA,6URC,A,711,739,741,7.407253395251979,31,31,ERN1,OTHER_ERN1_HUMAN,DFGin,BLAminus,Type1.5_Back,5,5,5,5,5,5
6URCB,6URC,B,711,739,741,7.387137324675039,31,31,ERN1,OTHER_ERN1_HUMAN,DFGin,BLAminus,Type1.5_Back,5,5,5,5,5,5
6UWYA,6UWY,A,307,329,331,7.0665203024925765,24,25,DYRK1A,CMGC_DYRK1A_HUMAN,DFGin,BLAminus,Type1,5,5,5,5,5,5
6UWYB,6UWY,B,307,329,331,7.073646141114293,24,25,DYRK1A,CMGC_DYRK1A_HUMAN,DFGin,BLAminus,Type1,5,5,5,5,5,5
6UWYC,6UWY,C,307,329,331,7.094513722150844,24,25,DYRK1A,CMGC_DYRK1A_HUMAN,DFGin,BLAminus,Type1,5,5,5,5,5,5
6UWYD,6UWY,D,307,329,331,7.043190797743246,24,25,DYRK1A,CMGC_DYRK1A_HUMAN,DFGin,BLAminus,Type1,5,5,5,5,5,5
6UYAA,6UYA,A,329,356,358,5.494117227360163,22,30,IRAK4,TKL_IRAK4_HUMAN,DFGin,BLAminus,Type1,5,5,5,5,5,5
6UYAB,6UYA,B,329,356,358,5.517605089828798,23,30,IRAK4,TKL_IRAK4_HUMAN,DFGin,BLAminus,Type1,5,5,5,5,5,5
6UYAC,6UYA,C,329,356,358,5.478851908564936,21,30,IRAK4,TKL_IRAK4_HUMAN,DFGin,BLAminus,Type1,5,5,5,5,5,5
6UYAD,6UYA,D,329,356,358,5.536641936643141,21,30,IRAK4,TKL_IRAK4_HUMAN,DFGin,BLAminus,Type1,5,5,5,5,5,5
6V2WB,6V2W,B,208,231,233,6.876512474797012,26,26,MAP2K1,STE_MAP2K1_HUMAN,DFGin,BLBplus,ATPlike,5,5,5,5,5,5
6V2WA,6V2W,A,594,621,623,1.1521406413020514,30,30,BRAF,TKL_BRAF_HUMAN,DFGin,BLBplus,ATPlike,5,5,5,5,5,5
6V6LA,6V6L,A,200,224,226,5.588451019487899,26,27,GSK3B,CMGC_GSK3B_HUMAN,DFGin,BLAminus,Type1,5,5,5,5,5,5
6V6QA,6V6Q,A,644,671,673,4.201739686279052,29,30,FGFR2,TYR_FGFR2_HUMAN,DFGin,BLAminus,ATPlike,5,5,5,5,5,5
6V6QB,6V6Q,B,644,671,673,4.240913796272201,29,30,FGFR2,TYR_FGFR2_HUMAN,DFGin,BLAminus,ATPlike,5,5,5,5,5,5
6V6QD,6V6Q,D,644,671,673,4.217975017672301,21,30,FGFR2,TYR_FGFR2_HUMAN,DFGin,BLAminus,ATPlike,5,5,5,5,5,5
6V9CA,6V9C,A,630,657,659,4.2300267449807105,24,30,FGFR4,TYR_FGFR4_HUMAN,DFGin,BLAplus,Type1.5_Back,5,5,5,5,5,5
6VGLA,6VGL,A,994,1022,1024,4.124086485963795,30,31,JAK2,TYR_JAK2-2_HUMAN,DFGin,ABAminus,Type1,5,5,5,5,5,5
6VGLB,6VGL,B,994,1022,1024,4.109891223700154,30,31,JAK2,TYR_JAK2-2_HUMAN,DFGin,ABAminus,Type1,5,5,5,5,5,5
6VGLC,6VGL,C,994,1022,1024,4.149466431119888,30,31,JAK2,TYR_JAK2-2_HUMAN,DFGin,ABAminus,Type1,5,5,5,5,5,5
6VGLD,6VGL,D,994,1022,1024,4.138226023418935,30,31,JAK2,TYR_JAK2-2_HUMAN,DFGin,ABAminus,Type1,5,5,5,5,5,5
6VN8A,6VN8,A,994,1022,1024,4.094661433110622,30,31,JAK2,TYR_JAK2-2_HUMAN,DFGin,ABAminus,Type1,5,5,5,5,5,5
6VN8B,6VN8,B,994,1022,1024,4.146446639121976,30,31,JAK2,TYR_JAK2-2_HUMAN,DFGin,ABAminus,Type1,5,5,5,5,5,5
6VNBA,6VNB,A,994,1022,1024,4.108102278352242,30,31,JAK2,TYR_JAK2-2_HUMAN,DFGin,ABAminus,Type1,5,5,5,5,5,5
6VNBB,6VNB,B,994,1022,1024,4.14534230286207,30,31,JAK2,TYR_JAK2-2_HUMAN,DFGin,ABAminus,Type1,5,5,5,5,5,5
6VNCA,6VNC,A,994,1022,1024,4.1279020032480185,30,31,JAK2,TYR_JAK2-2_HUMAN,DFGin,ABAminus,Type1,5,5,5,5,5,5
6VNCB,6VNC,B,994,1022,1024,4.17203177711596,30,31,JAK2,TYR_JAK2-2_HUMAN,DFGin,ABAminus,Type1,5,5,5,5,5,5
6VNEA,6VNE,A,994,1022,1024,4.104701535390047,30,31,JAK2,TYR_JAK2-2_HUMAN,DFGin,ABAminus,Type1,5,5,5,5,5,5
6VNEB,6VNE,B,994,1022,1024,4.134157179779362,30,31,JAK2,TYR_JAK2-2_HUMAN,DFGin,ABAminus,Type1,5,5,5,5,5,5
6VNFA,6VNF,A,994,1022,1024,4.100012671178847,30,31,JAK2,TYR_JAK2-2_HUMAN,DFGin,ABAminus,Type1,5,5,5,5,5,5
6VNFB,6VNF,B,994,1022,1024,4.139837243927211,30,31,JAK2,TYR_JAK2-2_HUMAN,DFGin,ABAminus,Type1,5,5,5,5,5,5
6VNGA,6VNG,A,994,1022,1024,4.098015469355503,30,31,JAK2,TYR_JAK2-2_HUMAN,DFGin,ABAminus,Type1,5,5,5,5,5,5
6VNGB,6VNG,B,994,1022,1024,4.132786223126513,30,31,JAK2,TYR_JAK2-2_HUMAN,DFGin,ABAminus,Type1,5,5,5,5,5,5
6VNHA,6VNH,A,994,1022,1024,4.121677052961722,30,31,JAK2,TYR_JAK2-2_HUMAN,DFGin,ABAminus,Type1,5,5,5,5,5,5
6VNHB,6VNH,B,994,1022,1024,4.1880014247933754,30,31,JAK2,TYR_JAK2-2_HUMAN,DFGin,ABAminus,Type1,5,5,5,5,5,5
6VNIA,6VNI,A,994,1022,1024,4.1130100063692865,30,31,JAK2,TYR_JAK2-2_HUMAN,DFGin,ABAminus,Type1,5,5,5,5,5,5
6VNIB,6VNI,B,994,1022,1024,4.145088128890757,30,31,JAK2,TYR_JAK2-2_HUMAN,DFGin,ABAminus,Type1,5,5,5,5,5,5
6VNJA,6VNJ,A,994,1022,1024,4.107616140473634,30,31,JAK2,TYR_JAK2-2_HUMAN,DFGin,ABAminus,Type1,5,5,5,5,5,5
6VNJB,6VNJ,B,994,1022,1024,4.153956152248479,30,31,JAK2,TYR_JAK2-2_HUMAN,DFGin,ABAminus,Type1,5,5,5,5,5,5
6VNKA,6VNK,A,994,1022,1024,4.093080846103209,30,31,JAK2,TYR_JAK2-2_HUMAN,DFGin,ABAminus,Type1,5,5,5,5,5,5
6VNKB,6VNK,B,994,1022,1024,4.11530153358594,30,31,JAK2,TYR_JAK2-2_HUMAN,DFGin,ABAminus,Type1,5,5,5,5,5,5
6VNKC,6VNK,C,994,1022,1024,4.147429920031315,30,31,JAK2,TYR_JAK2-2_HUMAN,DFGin,ABAminus,Type1,5,5,5,5,5,5
6VNKD,6VNK,D,994,1022,1024,4.155578659279807,30,31,JAK2,TYR_JAK2-2_HUMAN,DFGin,ABAminus,Type1,5,5,5,5,5,5
6VNLA,6VNL,A,994,1022,1024,4.121751278330428,30,31,JAK2,TYR_JAK2-2_HUMAN,DFGin,ABAminus,Type1,5,5,5,5,5,5
6VNLB,6VNL,B,994,1022,1024,4.095329980311473,30,31,JAK2,TYR_JAK2-2_HUMAN,DFGin,ABAminus,Type1,5,5,5,5,5,5
6VNLC,6VNL,C,994,1022,1024,4.145447891222003,30,31,JAK2,TYR_JAK2-2_HUMAN,DFGin,ABAminus,Type1,5,5,5,5,5,5
6VNLD,6VNL,D,994,1022,1024,4.1256120547490625,30,31,JAK2,TYR_JAK2-2_HUMAN,DFGin,ABAminus,Type1,5,5,5,5,5,5
6VNMA,6VNM,A,994,1022,1024,4.106795841614568,30,31,JAK2,TYR_JAK2-2_HUMAN,DFGin,ABAminus,Type1,5,5,5,5,5,5
6VNMB,6VNM,B,994,1022,1024,4.144294723914977,30,31,JAK2,TYR_JAK2-2_HUMAN,DFGin,ABAminus,Type1,5,5,5,5,5,5
6VNSA,6VNS,A,1041,1069,1071,4.1375132949792395,30,31,TYK2,TYR_TYK2-2_HUMAN,DFGin,ABAminus,Type1,5,5,5,5,5,5
6VNVA,6VNV,A,1041,1069,1071,4.159881680176903,30,31,TYK2,TYR_TYK2-2_HUMAN,DFGin,ABAminus,Type1,5,5,5,5,5,5
6VNXA,6VNX,A,1041,1069,1071,4.1375405033554316,30,31,TYK2,TYR_TYK2-2_HUMAN,DFGin,ABAminus,Type1,5,5,5,5,5,5
6VNYA,6VNY,A,1041,1069,1071,4.140416295408458,27,31,TYK2,TYR_TYK2-2_HUMAN,DFGin,ABAminus,Type1,5,5,5,5,5,5
6VOVA,6VOV,A,512,540,542,4.607037421068931,27,31,SYK,TYR_SYK_HUMAN,DFGin,BLAminus,Type1,5,5,5,5,5,5
6VOVB,6VOV,B,512,540,542,4.568951574806071,31,31,SYK,TYR_SYK_HUMAN,DFGin,BLAminus,Type1,5,5,5,5,5,5
6VQLA,6VQL,A,329,356,358,5.451135849554916,22,30,IRAK4,TKL_IRAK4_HUMAN,DFGin,BLAminus,Type1,5,5,5,5,5,5
6VQLB,6VQL,B,329,356,358,5.393604104282237,22,30,IRAK4,TKL_IRAK4_HUMAN,DFGin,BLAminus,Type1,5,5,5,5,5,5
6VQLC,6VQL,C,329,356,358,5.429241898728848,23,30,IRAK4,TKL_IRAK4_HUMAN,DFGin,BLAminus,Type1,5,5,5,5,5,5
6VQLD,6VQL,D,329,356,358,5.440098500165413,24,30,IRAK4,TKL_IRAK4_HUMAN,DFGin,BLAminus,Type1,5,5,5,5,5,5
6VQMA,6VQM,A,270,298,300,4.799956553706454,31,31,TNK2,TYR_TNK2_HUMAN,DFGin,ABAminus,Type1,5,5,5,5,5,5
6VQMB,6VQM,B,270,298,300,4.78423874769932,31,31,TNK2,TYR_TNK2_HUMAN,DFGin,BLAminus,Type1,5,5,5,5,5,5
6VREA,6VRE,A,822,847,849,4.109779656930798,21,28,MAP3K5,STE_MAP3K5_HUMAN,DFGin,BLAminus,Type1,5,5,5,5,5,5
6VREB,6VRE,B,822,847,849,4.161731396372691,20,28,MAP3K5,STE_MAP3K5_HUMAN,DFGin,BLAminus,Type1,5,5,5,5,5,5
6VS3A,6VS3,A,994,1022,1024,4.15220532607822,30,31,JAK2,TYR_JAK2-2_HUMAN,DFGin,ABAminus,Type1,5,5,5,5,5,5
6VS3B,6VS3,B,994,1022,1024,4.1056117141696875,30,31,JAK2,TYR_JAK2-2_HUMAN,DFGin,ABAminus,Type1,5,5,5,5,5,5
6VSNA,6VSN,A,994,1022,1024,4.109922056490331,30,31,JAK2,TYR_JAK2-2_HUMAN,DFGin,ABAminus,Type1,5,5,5,5,5,5
6VSNB,6VSN,B,994,1022,1024,4.114703775968106,30,31,JAK2,TYR_JAK2-2_HUMAN,DFGin,ABAminus,Type1,5,5,5,5,5,5
6VSNC,6VSN,C,994,1022,1024,4.129189421477375,30,31,JAK2,TYR_JAK2-2_HUMAN,DFGin,ABAminus,Type1,5,5,5,5,5,5
6VSND,6VSN,D,994,1022,1024,4.144461704234989,30,31,JAK2,TYR_JAK2-2_HUMAN,DFGin,ABAminus,Type1,5,5,5,5,5,5
6VVGA,6VVG,A,160,181,183,5.303801274056734,24,24,PK1,OTHER_PK1_GVCP,DFGin,BLAminus,ATPlike,5,5,5,5,5,5
6VVGB,6VVG,B,160,181,183,5.310873723848754,24,24,PK1,OTHER_PK1_GVCP,DFGin,BLAminus,ATPlike,5,5,5,5,5,5
6VZKA,6VZK,A,156,181,183,7.058937775484516,28,28,CAMK2A,CAMK_CAMK2A_HUMAN,DFGin,BLAminus,No_ligand,5,5,5,5,5,5
6W3BA,6W3B,A,711,739,741,7.20604921265096,31,31,ERN1,OTHER_ERN1_HUMAN,DFGin,BLAminus,No_ligand,5,5,5,5,5,5
6W3CA,6W3C,A,711,739,741,7.135412900369694,28,31,ERN1,OTHER_ERN1_HUMAN,DFGin,BLAminus,No_ligand,5,5,5,5,5,5
6W3CB,6W3C,B,711,739,741,7.2025115608744725,28,31,ERN1,OTHER_ERN1_HUMAN,DFGin,BLAminus,No_ligand,5,5,5,5,5,5
6W3CC,6W3C,C,711,739,741,7.221215506068564,28,31,ERN1,OTHER_ERN1_HUMAN,DFGin,BLAminus,No_ligand,5,5,5,5,5,5
6W3CD,6W3C,D,711,739,741,7.184861939919377,28,31,ERN1,OTHER_ERN1_HUMAN,DFGin,BLAminus,No_ligand,5,5,5,5,5,5
6W3EB,6W3E,B,711,739,741,7.3331305842162315,25,31,ERN1,OTHER_ERN1_HUMAN,DFGin,BLAminus,Type1.5_Back,5,5,5,5,5,5
6W3KA,6W3K,A,711,739,741,7.259976576553754,27,31,ERN1,OTHER_ERN1_HUMAN,DFGin,BLAminus,Type1,5,5,5,5,5,5
6W4OO,6W4O,O,148,173,175,7.1032805881793815,28,28,CAMK2A,CAMK_CAMK2A_HUMAN,DFGinter,None,No_ligand,5,5,5,5,5,5
6W4PH,6W4P,H,148,173,175,7.103260290740757,28,28,CAMK2A,CAMK_CAMK2A_HUMAN,DFGinter,None,No_ligand,5,5,5,5,5,5
6W8LA,6W8L,A,1021,1049,1051,4.178716539884629,29,31,JAK1,TYR_JAK1-2_HUMAN,DFGin,ABAminus,Type1,5,5,5,5,5,5
6WJFA,6WJF,A,239,261,263,5.051337179215379,25,25,PRKACA,AGC_PRKACA_HUMAN,DFGin,BLAminus,No_ligand,5,5,5,5,5,5
6WJFB,6WJF,B,239,261,263,5.215716780366055,25,25,PRKACA,AGC_PRKACA_HUMAN,DFGin,BLAminus,No_ligand,5,5,5,5,5,5
6WJGA,6WJG,A,239,261,263,5.051337179215379,25,25,PRKACA,AGC_PRKACA_HUMAN,DFGin,BLAminus,No_ligand,5,5,5,5,5,5
6WJGB,6WJG,B,239,261,263,5.215716780366055,25,25,PRKACA,AGC_PRKACA_HUMAN,DFGin,BLAminus,No_ligand,5,5,5,5,5,5
6WLXA,6WLX,A,458,483,485,4.846821916942705,27,28,PAK4,STE_PAK4_HUMAN,DFGin,BLAminus,No_ligand,5,5,5,5,5,5
6WLYA,6WLY,A,458,483,485,4.852216498690045,27,28,PAK4,STE_PAK4_HUMAN,DFGin,BLAminus,No_ligand,5,5,5,5,5,5
6WPPA,6WPP,A,534,564,566,5.465695423397781,26,33,MAP3K14,STE_MAP3K14_HUMAN,DFGin,BLAminus,Type1,5,5,5,5,5,5
6WPPB,6WPP,B,534,564,566,5.386030944776073,28,33,MAP3K14,STE_MAP3K14_HUMAN,DFGin,BLAminus,Type1,5,5,5,5,5,5
6WTNA,6WTN,A,994,1022,1024,4.13149543737083,25,31,JAK2,TYR_JAK2-2_HUMAN,DFGin,ABAminus,Type1,5,5,5,5,5,5
6WTOA,6WTO,A,994,1022,1024,4.114697521943394,25,31,JAK2,TYR_JAK2-2_HUMAN,DFGin,ABAminus,Type1,5,5,5,5,5,5
6WTPA,6WTP,A,994,1022,1024,4.13085335513247,23,31,JAK2,TYR_JAK2-2_HUMAN,DFGin,ABAminus,Type1,5,5,5,5,5,5
6WTQA,6WTQ,A,994,1022,1024,4.117191042658103,25,31,JAK2,TYR_JAK2-2_HUMAN,DFGin,ABAminus,Type1,5,5,5,5,5,5
6WXJA,6WXJ,A,796,823,825,4.409175258898455,27,30,CSF1R,TYR_CSF1R_HUMAN,DFGout,BBAminus,Type2,5,5,5,5,5,5
6X5GA,6X5G,A,156,181,183,7.043172916235069,28,28,CAMK2A,CAMK_CAMK2A_HUMAN,DFGin,BLAminus,Type1.5_Back,5,5,5,5,5,5
6X5QA,6X5Q,A,156,181,183,7.164710221235034,28,28,CAMK2A,CAMK_CAMK2A_HUMAN,DFGin,BLAminus,No_ligand,5,5,5,5,5,5
6X8EA,6X8E,A,994,1022,1024,4.179482237902707,25,31,JAK2,TYR_JAK2-2_HUMAN,DFGin,ABAminus,Type1,5,5,5,5,5,5
6X8EB,6X8E,B,994,1022,1024,4.157959421777502,24,31,JAK2,TYR_JAK2-2_HUMAN,DFGin,ABAminus,Type1,5,5,5,5,5,5
6X8FA,6X8F,A,1041,1069,1071,4.156183350895505,30,31,TYK2,TYR_TYK2-2_HUMAN,DFGin,ABAminus,Type1,5,5,5,5,5,5
6X8FC,6X8F,C,1041,1069,1071,4.143446654425309,30,31,TYK2,TYR_TYK2-2_HUMAN,DFGin,ABAminus,Type1,5,5,5,5,5,5
6X8GA,6X8G,A,1041,1069,1071,4.158262584415031,28,31,TYK2,TYR_TYK2-2_HUMAN,DFGin,ABAminus,Type1,5,5,5,5,5,5
6XAGC,6XAG,C,594,621,623,1.2966706377017436,23,30,BRAF,TKL_BRAF_HUMAN,DFGin,BLAminus,No_ligand,5,5,5,5,5,5
6XAGD,6XAG,D,594,621,623,1.4232133318555655,25,30,BRAF,TKL_BRAF_HUMAN,DFGin,BLAminus,No_ligand,5,5,5,5,5,5
6XBZJ,6XBZ,J,155,180,182,4.683988802368378,27,28,CDK7,CMGC_CDK7_HUMAN,DFGin,ABAminus,ATPlike,5,5,5,5,5,5
6XD3J,6XD3,J,155,180,182,4.709267739100569,27,28,CDK7,CMGC_CDK7_HUMAN,DFGin,None,Type1,5,5,5,5,5,5
6XDBA,6XDB,A,711,739,741,7.286298042966933,31,31,ERN1,OTHER_ERN1_HUMAN,DFGin,BLAminus,Type1.5_Back,5,5,5,5,5,5
6XDDB,6XDD,B,711,739,741,7.249678536591144,28,31,ERN1,OTHER_ERN1_HUMAN,DFGin,BLAminus,Type1.5_Back,5,5,5,5,5,5
6XDDA,6XDD,A,711,739,741,7.236710153772439,28,31,ERN1,OTHER_ERN1_HUMAN,DFGin,BLAminus,Type1.5_Front,5,5,5,5,5,5
6XDFB,6XDF,B,711,739,741,7.197514696503445,29,31,ERN1,OTHER_ERN1_HUMAN,DFGin,BLAminus,No_ligand,5,5,5,5,5,5
6XDFA,6XDF,A,711,739,741,7.222290134729892,31,31,ERN1,OTHER_ERN1_HUMAN,DFGin,BLAminus,Type1.5_Back,5,5,5,5,5,5
6XFPA,6XFP,A,594,621,623,1.273793403546188,30,30,BRAF,TKL_BRAF_HUMAN,DFGout,BBAminus,Type2,5,5,5,5,5,5
6XI8A,6XI8,A,147,172,174,4.5344020926872695,27,28,KIN28,CMGC_KIN28_YEAST,DFGin,BLAminus,ATPlike,5,5,5,5,5,5
6XIHA,6XIH,A,822,847,849,4.14908504416999,20,28,MAP3K5,STE_MAP3K5_HUMAN,DFGin,BLAminus,Type1,5,5,5,5,5,5
6XLOA,6XLO,A,594,621,623,1.0444208286265435,25,30,BRAF,TKL_BRAF_HUMAN,DFGout,BBAminus,Type2,5,5,5,5,5,5
6XR6A,6XR6,A,400,426,428,4.232740198643035,29,29,ABL1,TYR_ABL1_HUMAN,DFGin,BLAminus,No_ligand,5,5,5,5,5,5
6XR7A,6XR7,A,400,426,428,4.154977380352733,29,29,ABL1,TYR_ABL1_HUMAN,DFGout,None,No_ligand,5,5,5,5,5,5
6XRGA,6XRG,A,400,426,428,4.546122586948213,29,29,ABL1,TYR_ABL1_HUMAN,DFGout,BBAminus,No_ligand,5,5,5,5,5,5
6XV9A,6XV9,A,810,837,839,4.4134468189168325,30,30,KIT,TYR_KIT_HUMAN,DFGout,BBAminus,Type2,5,5,5,5,5,5
6XV9B,6XV9,B,810,837,839,4.4066605665229615,30,30,KIT,TYR_KIT_HUMAN,DFGout,BBAminus,Type2,5,5,5,5,5,5
6XVAA,6XVA,A,810,837,839,4.4284679776110165,30,30,KIT,TYR_KIT_HUMAN,DFGout,BBAminus,Type2,5,5,5,5,5,5
6XVAB,6XVA,B,810,837,839,4.401571494549773,30,30,KIT,TYR_KIT_HUMAN,DFGout,BBAminus,Type2,5,5,5,5,5,5
6XVBA,6XVB,A,810,837,839,4.434101280823418,30,30,KIT,TYR_KIT_HUMAN,DFGout,BBAminus,Type2,5,5,5,5,5,5
6XVBB,6XVB,B,810,837,839,4.406149485639318,30,30,KIT,TYR_KIT_HUMAN,DFGout,BBAminus,Type2,5,5,5,5,5,5
6XVJA,6XVJ,A,1046,1073,1075,4.416060628905042,30,30,KDR,TYR_KDR_HUMAN,DFGout,BBAminus,Type2,5,5,5,5,5,5
6XVKA,6XVK,A,1046,1073,1075,4.454965723631713,30,30,KDR,TYR_KDR_HUMAN,DFGout,BBAminus,Type2,5,5,5,5,5,5
6Y05A,6Y05,A,184,206,208,4.823798471141475,24,25,PRKACA,AGC_PRKACA_CRIGR,DFGin,BLAminus,Type1,5,5,5,5,5,5
6Y0BA,6Y0B,A,184,206,208,4.830081483355288,24,25,PRKACA,AGC_PRKACA_CRIGR,DFGin,ABAminus,Type1,5,5,5,5,5,5
6Y2OA,6Y2O,A,184,206,208,4.887448156048241,24,25,PRKACA,AGC_PRKACA_CRIGR,DFGin,BLAminus,Type1,5,5,5,5,5,5
6Y2UA,6Y2U,A,184,206,208,4.89272605111084,24,25,PRKACA,AGC_PRKACA_CRIGR,DFGin,ABAminus,Type1,5,5,5,5,5,5
6Y6HA,6Y6H,A,179,203,205,6.877876247658843,27,27,STK17B,CAMK_STK17B_HUMAN,DFGin,BLAminus,Type1,5,5,5,5,5,5
6Y82A,6Y82,A,168,190,192,4.666548425279645,18,25,MAPK14,CMGC_MAPK14_MOUSE,DFGin,BLBplus,"Type1,Allosteric",5,5,5,5,5,5
6Y89A,6Y89,A,184,206,208,4.829143305523359,24,25,PRKACA,AGC_PRKACA_CRIGR,DFGin,BLAminus,Type1,5,5,5,5,5,5
6Y8CA,6Y8C,A,184,206,208,4.82592545891597,24,25,PRKACA,AGC_PRKACA_CRIGR,DFGin,BLAminus,ATPlike,5,5,5,5,5,5
6Y9RA,6Y9R,A,200,224,226,5.517338702794396,26,27,GSK3B,CMGC_GSK3B_HUMAN,DFGin,BLAminus,Type1,5,5,5,5,5,5
6Y9SA,6Y9S,A,200,224,226,5.643319088849965,26,27,GSK3B,CMGC_GSK3B_HUMAN,DFGin,ABAminus,Type1,5,5,5,5,5,5
6Y9SB,6Y9S,B,200,224,226,5.615842192579108,26,27,GSK3B,CMGC_GSK3B_HUMAN,DFGin,ABAminus,Type1,5,5,5,5,5,5
6YATA,6YAT,A,167,192,194,4.887979426480893,26,28,STK4,STE_STK4_HUMAN,DFGin,BLAminus,"Allosteric,Type1",5,5,5,5,5,5
6YATB,6YAT,B,167,192,194,4.905308787436706,26,28,STK4,STE_STK4_HUMAN,DFGin,BLAminus,Type1,5,5,5,5,5,5
6YF8A,6YF8,A,307,329,331,7.077080981847448,24,25,DYRK1A,CMGC_DYRK1A_HUMAN,DFGin,BLAminus,Type1,5,5,5,5,5,5
6YF8B,6YF8,B,307,329,331,7.067791741161337,24,25,DYRK1A,CMGC_DYRK1A_HUMAN,DFGin,BLAminus,Type1,5,5,5,5,5,5
6YF8C,6YF8,C,307,329,331,7.106337271253738,24,25,DYRK1A,CMGC_DYRK1A_HUMAN,DFGin,BLAminus,Type1,5,5,5,5,5,5
6YF8D,6YF8,D,307,329,331,7.094458557027676,24,25,DYRK1A,CMGC_DYRK1A_HUMAN,DFGin,BLAminus,Type1,5,5,5,5,5,5
6YG1A,6YG1,A,277,301,303,4.260899991919836,27,27,MAP2K7,STE_MAP2K7_HUMAN,DFGin,BLAminus,No_ligand,5,5,5,5,5,5
6YG1B,6YG1,B,277,301,303,4.198822707175316,27,27,MAP2K7,STE_MAP2K7_HUMAN,DFGin,BLAminus,No_ligand,5,5,5,5,5,5
6YG1C,6YG1,C,277,301,303,4.241300697418753,27,27,MAP2K7,STE_MAP2K7_HUMAN,DFGin,BLAminus,No_ligand,5,5,5,5,5,5
6YL1A,6YL1,A,145,170,172,4.74050274799511,20,28,CDK2,CMGC_CDK2_HUMAN,DFGin,BLBminus,Type1,5,5,5,5,5,5
6YL6A,6YL6,A,145,170,172,4.669062703837716,28,28,CDK2,CMGC_CDK2_HUMAN,DFGin,BLBminus,No_ligand,5,5,5,5,5,5
6YLKA,6YLK,A,145,170,172,4.727713822350765,28,28,CDK2,CMGC_CDK2_HUMAN,DFGin,BLBminus,Type1,5,5,5,5,5,5
6YNAA,6YNA,A,184,206,208,4.791966580985953,24,25,PRKACA,AGC_PRKACA_CRIGR,DFGin,BLAminus,Type1,5,5,5,5,5,5
6YNBA,6YNB,A,184,206,208,4.786636716303019,24,25,PRKACA,AGC_PRKACA_CRIGR,DFGin,BLAminus,Type1,5,5,5,5,5,5
6YNCA,6YNC,A,184,206,208,4.781675150946409,24,25,PRKACA,AGC_PRKACA_CRIGR,DFGin,BLAminus,Type1,5,5,5,5,5,5
6YNRA,6YNR,A,184,206,208,4.824239468554383,24,25,PRKACA,AGC_PRKACA_CRIGR,DFGin,BLAminus,Type1,5,5,5,5,5,5
6YNTA,6YNT,A,184,206,208,4.823511003041342,24,25,PRKACA,AGC_PRKACA_CRIGR,DFGin,BLAminus,Type1,5,5,5,5,5,5
6YOTA,6YOT,A,184,206,208,4.844407257197575,24,25,PRKACA,AGC_PRKACA_CRIGR,DFGin,BLAminus,"Type1,Allosteric",5,5,5,5,5,5
6YOUA,6YOU,A,184,206,208,4.866645867956144,24,25,PRKACA,AGC_PRKACA_CRIGR,DFGin,BLAminus,Type1,5,5,5,5,5,5
6YPPA,6YPP,A,184,206,208,4.784766264718455,24,25,PRKACA,AGC_PRKACA_CRIGR,DFGin,BLAminus,Type1,5,5,5,5,5,5
6YPSA,6YPS,A,184,206,208,4.877313834087497,24,25,PRKACA,AGC_PRKACA_CRIGR,DFGin,BLAminus,Type1,5,5,5,5,5,5
6YQ1A,6YQ1,A,564,590,592,4.495630741853449,26,29,PTK2,TYR_PTK2_HUMAN,DFGin,None,Type1,5,5,5,5,5,5
6YQ1B,6YQ1,B,564,590,592,4.476748549382673,26,29,PTK2,TYR_PTK2_HUMAN,DFGin,None,Type1,5,5,5,5,5,5
6YQIA,6YQI,A,184,206,208,4.786024476332839,24,25,PRKACA,AGC_PRKACA_CRIGR,DFGin,BLAminus,Type1,5,5,5,5,5,5
6YQJA,6YQJ,A,184,206,208,4.779406275542553,24,25,PRKACA,AGC_PRKACA_CRIGR,DFGin,BLAminus,Type1,5,5,5,5,5,5
6YQKA,6YQK,A,184,206,208,4.790346739850993,24,25,PRKACA,AGC_PRKACA_CRIGR,DFGin,BLAminus,Type1,5,5,5,5,5,5
6YXVC,6YXV,C,564,590,592,4.4572995373046425,21,29,PTK2,TYR_PTK2_HUMAN,DFGin,None,Type1,5,5,5,5,5,5
6Z08A,6Z08,A,184,206,208,4.8677647586346975,24,25,PRKACA,AGC_PRKACA_CRIGR,DFGin,BLAminus,Allosteric,5,5,5,5,5,5
6Z36B,6Z36,B,354,383,385,7.967805731742253,32,32,ACVR1,TKL_ACVR1_HUMAN,DFGin,BLAminus,Type1,5,5,5,5,5,5
6Z44A,6Z44,A,184,206,208,4.895994739829486,24,25,PRKACA,AGC_PRKACA_CRIGR,DFGin,BLAminus,No_ligand,5,5,5,5,5,5
6ZC0A,6ZC0,A,512,540,542,4.548328996152208,31,31,SYK,TYR_SYK_HUMAN,DFGin,BLAminus,Type1,5,5,5,5,5,5
6ZCPA,6ZCP,A,512,540,542,4.577611554404904,31,31,SYK,TYR_SYK_HUMAN,DFGin,BLAminus,Type1,5,5,5,5,5,5
6ZCQA,6ZCQ,A,512,540,542,4.528812049356143,30,31,SYK,TYR_SYK_HUMAN,DFGin,BLAminus,Type1,5,5,5,5,5,5
6ZCRA,6ZCR,A,512,540,542,4.605676968125927,27,31,SYK,TYR_SYK_HUMAN,DFGin,BLAminus,Type1,5,5,5,5,5,5
6ZCSA,6ZCS,A,512,540,542,4.535002103300153,30,31,SYK,TYR_SYK_HUMAN,DFGin,BLAminus,Type1,5,5,5,5,5,5
6ZCUA,6ZCU,A,512,540,542,4.605676968125927,27,31,SYK,TYR_SYK_HUMAN,DFGin,BLAminus,Type1,5,5,5,5,5,5
6ZCXA,6ZCX,A,512,540,542,4.540935416858583,30,31,SYK,TYR_SYK_HUMAN,DFGin,BLAminus,Type1,5,5,5,5,5,5
6ZCYA,6ZCY,A,512,540,542,4.52931619732962,30,31,SYK,TYR_SYK_HUMAN,DFGin,BLAminus,Type1,5,5,5,5,5,5
6ZGCA,6ZGC,A,354,383,385,8.23211275341589,29,32,ACVR1,TKL_ACVR1_HUMAN,DFGin,ABAminus,Type1,5,5,5,5,5,5
6ZGCB,6ZGC,B,354,383,385,8.23953438617758,27,32,ACVR1,TKL_ACVR1_HUMAN,DFGin,ABAminus,Type1,5,5,5,5,5,5
6ZGCC,6ZGC,C,354,383,385,8.211530479693858,30,32,ACVR1,TKL_ACVR1_HUMAN,DFGin,ABAminus,Type1,5,5,5,5,5,5
6ZGCD,6ZGC,D,354,383,385,8.222487689936358,29,32,ACVR1,TKL_ACVR1_HUMAN,DFGin,ABAminus,Type1,5,5,5,5,5,5
6ZJFA,6ZJF,A,179,203,205,6.886868231423723,27,27,STK17B,CAMK_STK17B_HUMAN,DFGin,BLAminus,Type1,5,5,5,5,5,5
6ZN0A,6ZN0,A,184,206,208,4.856184713314537,24,25,PRKACA,AGC_PRKACA_CRIGR,DFGin,BLAminus,"Type1,Allosteric",5,5,5,5,5,5
6ZQSA,6ZQS,A,168,190,192,4.633317042847751,23,25,MAPK14,CMGC_MAPK14_HUMAN,DFGin,BLAminus,Type1,5,5,5,5,5,5
6ZR5B,6ZR5,B,169,193,195,5.323028932960715,27,27,MAPK8,CMGC_MAPK8_HUMAN,DFGin,ABAminus,ATPlike,5,5,5,5,5,5
7A21A,7A21,A,354,383,385,8.208142982185732,32,32,ACVR1,TKL_ACVR1_HUMAN,DFGin,BLAminus,Type1,5,5,5,5,5,5
7A21B,7A21,B,354,383,385,8.183476813477801,32,32,ACVR1,TKL_ACVR1_HUMAN,DFGin,BLAminus,Type1,5,5,5,5,5,5
7A4OA,7A4O,A,307,329,331,7.026211058003267,24,25,DYRK1A,CMGC_DYRK1A_HUMAN,DFGin,BLAminus,ATPlike,5,5,5,5,5,5
7A4OB,7A4O,B,307,329,331,7.10889969000446,24,25,DYRK1A,CMGC_DYRK1A_HUMAN,DFGin,BLAminus,ATPlike,5,5,5,5,5,5
7A4RA,7A4R,A,307,329,331,7.078292775305088,24,25,DYRK1A,CMGC_DYRK1A_HUMAN,DFGin,BLAminus,Type1,5,5,5,5,5,5
7A4RB,7A4R,B,307,329,331,7.034373026377454,24,25,DYRK1A,CMGC_DYRK1A_HUMAN,DFGin,BLAminus,Type1,5,5,5,5,5,5
7A4SA,7A4S,A,307,329,331,7.192057433653452,24,25,DYRK1A,CMGC_DYRK1A_HUMAN,DFGin,BLAminus,Type1,5,5,5,5,5,5
7A4WA,7A4W,A,307,329,331,7.046233124618007,24,25,DYRK1A,CMGC_DYRK1A_HUMAN,DFGin,BLAminus,Type1,5,5,5,5,5,5
7A4WB,7A4W,B,307,329,331,7.135680827307184,24,25,DYRK1A,CMGC_DYRK1A_HUMAN,DFGin,BLAminus,Type1,5,5,5,5,5,5
7A4ZA,7A4Z,A,307,329,331,7.071630782151173,24,25,DYRK1A,CMGC_DYRK1A_HUMAN,DFGin,BLAminus,Type1,5,5,5,5,5,5
7A51A,7A51,A,307,329,331,7.067600477388214,24,25,DYRK1A,CMGC_DYRK1A_HUMAN,DFGin,BLAminus,Type1,5,5,5,5,5,5
7A52A,7A52,A,307,329,331,7.083838654014057,24,25,DYRK1A,CMGC_DYRK1A_HUMAN,DFGin,BLAminus,Type1,5,5,5,5,5,5
7A52B,7A52,B,307,329,331,7.051168709684703,24,25,DYRK1A,CMGC_DYRK1A_HUMAN,DFGin,BLAminus,Type1,5,5,5,5,5,5
7A53A,7A53,A,307,329,331,7.05265921221042,24,25,DYRK1A,CMGC_DYRK1A_HUMAN,DFGin,BLAminus,Type1,5,5,5,5,5,5
7A53B,7A53,B,307,329,331,7.096789376160259,24,25,DYRK1A,CMGC_DYRK1A_HUMAN,DFGin,BLAminus,Type1,5,5,5,5,5,5
7A55A,7A55,A,307,329,331,7.043672136307589,24,25,DYRK1A,CMGC_DYRK1A_HUMAN,DFGin,BLAminus,Type1,5,5,5,5,5,5
7A55B,7A55,B,307,329,331,7.1180825992448735,24,25,DYRK1A,CMGC_DYRK1A_HUMAN,DFGin,BLAminus,Type1,5,5,5,5,5,5
7A5BA,7A5B,A,307,329,331,7.045381354683561,24,25,DYRK1A,CMGC_DYRK1A_HUMAN,DFGin,BLAminus,Type1,5,5,5,5,5,5
7A5BB,7A5B,B,307,329,331,7.125576592097734,24,25,DYRK1A,CMGC_DYRK1A_HUMAN,DFGin,BLAminus,Type1,5,5,5,5,5,5
7A5DA,7A5D,A,307,329,331,7.061053762808317,24,25,DYRK1A,CMGC_DYRK1A_HUMAN,DFGin,BLAminus,Type1,5,5,5,5,5,5
7A5LA,7A5L,A,307,329,331,7.064069559877464,24,25,DYRK1A,CMGC_DYRK1A_HUMAN,DFGin,BLAminus,Type1,5,5,5,5,5,5
7A5NA,7A5N,A,307,329,331,7.081337455824689,24,25,DYRK1A,CMGC_DYRK1A_HUMAN,DFGin,BLAminus,Type1,5,5,5,5,5,5
7A5NB,7A5N,B,307,329,331,7.09527020501306,24,25,DYRK1A,CMGC_DYRK1A_HUMAN,DFGin,BLAminus,Type1,5,5,5,5,5,5
7ACKA,7ACK,A,145,170,172,4.687639205992208,27,28,CDK2,CMGC_CDK2_HUMAN,DFGin,BLAminus,Type1,5,5,5,5,5,5
7ACKC,7ACK,C,145,170,172,4.683895737716538,27,28,CDK2,CMGC_CDK2_HUMAN,DFGin,BLAminus,Type1,5,5,5,5,5,5
7AJ2A,7AJ2,A,307,329,331,7.069052286733885,24,25,DYRK1A,CMGC_DYRK1A_HUMAN,DFGin,BLAminus,Type1,5,5,5,5,5,5
7AJ4A,7AJ4,A,307,329,331,7.071073974327456,24,25,DYRK1A,CMGC_DYRK1A_HUMAN,DFGin,BLAminus,Type1,5,5,5,5,5,5
7AJ5A,7AJ5,A,307,329,331,7.063761649961518,24,25,DYRK1A,CMGC_DYRK1A_HUMAN,DFGin,BLAminus,Type1,5,5,5,5,5,5
7AJ7A,7AJ7,A,307,329,331,7.088762749453683,24,25,DYRK1A,CMGC_DYRK1A_HUMAN,DFGin,BLAminus,Type1,5,5,5,5,5,5
7AJ8A,7AJ8,A,307,329,331,7.071525798311093,24,25,DYRK1A,CMGC_DYRK1A_HUMAN,DFGin,BLAminus,Type1,5,5,5,5,5,5
7AJAA,7AJA,A,307,329,331,7.077784551630844,24,25,DYRK1A,CMGC_DYRK1A_HUMAN,DFGin,BLAminus,Type1,5,5,5,5,5,5
7AJMA,7AJM,A,307,329,331,7.10304525937406,24,25,DYRK1A,CMGC_DYRK1A_HUMAN,DFGin,BLAminus,Type1,5,5,5,5,5,5
7AJMB,7AJM,B,307,329,331,7.054600323824906,24,25,DYRK1A,CMGC_DYRK1A_HUMAN,DFGin,BLAminus,Type1,5,5,5,5,5,5
7AJSA,7AJS,A,307,329,331,7.100226335871458,24,25,DYRK1A,CMGC_DYRK1A_HUMAN,DFGin,BLAminus,Type1,5,5,5,5,5,5
7AJSB,7AJS,B,307,329,331,7.058974194484498,24,25,DYRK1A,CMGC_DYRK1A_HUMAN,DFGin,BLAminus,Type1,5,5,5,5,5,5
7AJVA,7AJV,A,307,329,331,7.086747933104599,24,25,DYRK1A,CMGC_DYRK1A_HUMAN,DFGin,BLAminus,Type1,5,5,5,5,5,5
7AJVB,7AJV,B,307,329,331,7.036581226126628,24,25,DYRK1A,CMGC_DYRK1A_HUMAN,DFGin,BLAminus,Type1,5,5,5,5,5,5
7AJWA,7AJW,A,307,329,331,7.084028413893776,24,25,DYRK1A,CMGC_DYRK1A_HUMAN,DFGin,BLAminus,Type1,5,5,5,5,5,5
7AJYA,7AJY,A,307,329,331,7.075839554779428,24,25,DYRK1A,CMGC_DYRK1A_HUMAN,DFGin,BLAminus,Type1,5,5,5,5,5,5
7AJYB,7AJY,B,307,329,331,7.059806814040097,24,25,DYRK1A,CMGC_DYRK1A_HUMAN,DFGin,BLAminus,Type1,5,5,5,5,5,5
7AK2A,7AK2,A,307,329,331,7.085818577116393,24,25,DYRK1A,CMGC_DYRK1A_HUMAN,DFGin,BLAminus,Type1,5,5,5,5,5,5
7AK2B,7AK2,B,307,329,331,7.075245848181576,24,25,DYRK1A,CMGC_DYRK1A_HUMAN,DFGin,BLAminus,Type1,5,5,5,5,5,5
7AKAA,7AKA,A,307,329,331,7.047492236155164,24,25,DYRK1A,CMGC_DYRK1A_HUMAN,DFGin,BLAminus,Type1,5,5,5,5,5,5
7AKAB,7AKA,B,307,329,331,7.083261337264306,24,25,DYRK1A,CMGC_DYRK1A_HUMAN,DFGin,BLAminus,Type1,5,5,5,5,5,5
7AKBA,7AKB,A,307,329,331,7.053799950023734,24,25,DYRK1A,CMGC_DYRK1A_HUMAN,DFGin,BLAminus,Type1,5,5,5,5,5,5
7AKBB,7AKB,B,307,329,331,7.101259574483688,24,25,DYRK1A,CMGC_DYRK1A_HUMAN,DFGin,BLAminus,Type1,5,5,5,5,5,5
7AKEA,7AKE,A,307,329,331,7.0206255207612935,24,25,DYRK1A,CMGC_DYRK1A_HUMAN,DFGin,BLAminus,Type1,5,5,5,5,5,5
7AKEB,7AKE,B,307,329,331,7.083551904480507,24,25,DYRK1A,CMGC_DYRK1A_HUMAN,DFGin,BLAminus,Type1,5,5,5,5,5,5
7AKFA,7AKF,A,368,390,392,6.66444846446592,24,25,DYRK2,CMGC_DYRK2_HUMAN,DFGin,BLAminus,Type1,5,5,5,5,5,5
7AKGA,7AKG,A,179,203,205,6.871235956010736,27,27,STK17B,CAMK_STK17B_HUMAN,DFGin,BLAminus,Type1,5,5,5,5,5,5
7AKHA,7AKH,A,368,390,392,6.689024933666875,24,25,DYRK2,CMGC_DYRK2_HUMAN,DFGin,BLAminus,Type1,5,5,5,5,5,5
7AKLA,7AKL,A,307,329,331,7.075756050558859,24,25,DYRK1A,CMGC_DYRK1A_HUMAN,DFGin,BLAminus,Type1,5,5,5,5,5,5
7AKMA,7AKM,A,148,175,177,5.161769731438848,30,30,CHEK1,CAMK_CHEK1_HUMAN,DFGin,BLAminus,ATPlike,5,5,5,5,5,5
7AKMB,7AKM,B,148,175,177,5.082585533104606,30,30,CHEK1,CAMK_CHEK1_HUMAN,DFGin,BLAminus,No_ligand,5,5,5,5,5,5
7AKOA,7AKO,A,148,175,177,5.066593526782661,30,30,CHEK1,CAMK_CHEK1_HUMAN,DFGin,BLAminus,Type1,5,5,5,5,5,5
7AKOB,7AKO,B,148,175,177,5.15448607925466,30,30,CHEK1,CAMK_CHEK1_HUMAN,DFGin,BLAminus,Type1,5,5,5,5,5,5
7APFA,7APF,A,967,995,997,4.113774026323686,31,31,JAK3,TYR_JAK3-2_HUMAN,DFGin,BLAminus,Type1,5,5,5,5,5,5
7APFB,7APF,B,967,995,997,4.056197247133877,31,31,JAK3,TYR_JAK3-2_HUMAN,DFGin,BLAminus,Type1,5,5,5,5,5,5
7APGA,7APG,A,967,995,997,4.091098993580115,31,31,JAK3,TYR_JAK3-2_HUMAN,DFGin,BLAminus,Type1,5,5,5,5,5,5
7APGB,7APG,B,967,995,997,4.072037915534835,31,31,JAK3,TYR_JAK3-2_HUMAN,DFGin,BLAminus,Type1,5,5,5,5,5,5
7APGC,7APG,C,967,995,997,4.088423746300726,31,31,JAK3,TYR_JAK3-2_HUMAN,DFGin,BLAminus,Type1,5,5,5,5,5,5
7APGD,7APG,D,967,995,997,4.086893978479826,31,31,JAK3,TYR_JAK3-2_HUMAN,DFGin,BLAminus,Type1,5,5,5,5,5,5
7AUVA,7AUV,A,167,195,197,4.734034876319847,31,31,MAPK1,CMGC_MAPK1_HUMAN,DFGin,BLAminus,Type1.5_Front,5,5,5,5,5,5
7AXTA,7AXT,A,184,206,208,4.849230028103563,24,25,PRKACA,AGC_PRKACA_CRIGR,DFGin,BLAminus,Type1,5,5,5,5,5,5
7AXVA,7AXV,A,184,206,208,4.841889414006191,24,25,PRKACA,AGC_PRKACA_CRIGR,DFGin,BLAminus,"Allosteric,Type1",5,5,5,5,5,5
7AXWA,7AXW,A,184,206,208,4.8298390370340085,24,25,PRKACA,AGC_PRKACA_CRIGR,DFGin,ABAminus,Type1,5,5,5,5,5,5
7B3MA,7B3M,A,208,231,233,5.064776948641803,21,26,MAP2K1,STE_MAP2K1_HUMAN,DFGin,BLBplus,"ATPlike,Type3",5,5,5,5,5,5
7B3MB,7B3M,B,208,231,233,5.141929669545091,22,26,MAP2K1,STE_MAP2K1_HUMAN,DFGin,BLBplus,"ATPlike,Type3",5,5,5,5,5,5
7B55B,7B55,B,156,181,183,7.1045958278003525,28,28,CAMK2A,CAMK_CAMK2A_MOUSE,DFGin,BLAminus,No_ligand,5,5,5,5,5,5
7B56B,7B56,B,156,181,183,7.080101271112662,28,28,CAMK2A,CAMK_CAMK2A_MOUSE,DFGin,BLAminus,ATPlike,5,5,5,5,5,5
7B57B,7B57,B,156,181,183,7.097726580845323,28,28,CAMK2A,CAMK_CAMK2A_MOUSE,DFGin,BLAminus,ATPlike,5,5,5,5,5,5
7B5LL,7B5L,L,145,170,172,4.669440220595104,25,28,CDK2,CMGC_CDK2_HUMAN,DFGin,BLAminus,No_ligand,5,5,5,5,5,5
7B5OJ,7B5O,J,155,180,182,4.694534810421596,28,28,CDK7,CMGC_CDK7_HUMAN,DFGin,BLAminus,Type1,5,5,5,5,5,5
7B5QJ,7B5Q,J,155,180,182,4.714444775889276,28,28,CDK7,CMGC_CDK7_HUMAN,DFGin,BLAminus,Type1,5,5,5,5,5,5
7B5RL,7B5R,L,145,170,172,4.647607113416674,25,28,CDK2,CMGC_CDK2_HUMAN,DFGin,BLAminus,No_ligand,5,5,5,5,5,5
7B6FA,7B6F,A,200,224,226,5.547705829145345,26,27,GSK3B,CMGC_GSK3B_HUMAN,DFGin,BLAminus,Type1,5,5,5,5,5,5
7B7RA,7B7R,A,208,231,233,4.944324130302862,21,26,MAP2K1,STE_MAP2K1_HUMAN,DFGin,BLBplus,"ATPlike,Type3",5,5,5,5,5,5
7B7RB,7B7R,B,208,231,233,5.163886794283679,21,26,MAP2K1,STE_MAP2K1_HUMAN,DFGin,BLBplus,"ATPlike,Type3",5,5,5,5,5,5
7B7SA,7B7S,A,145,170,172,4.705360722605701,27,28,CDK2,CMGC_CDK2_HUMAN,DFGin,BLAminus,Type1,5,5,5,5,5,5
7B7SC,7B7S,C,145,170,172,4.689470642761888,27,28,CDK2,CMGC_CDK2_HUMAN,DFGin,BLAminus,Type1,5,5,5,5,5,5
7B94A,7B94,A,208,231,233,4.949440601621393,21,26,MAP2K1,STE_MAP2K1_HUMAN,DFGin,BLBplus,"ATPlike,Type3",5,5,5,5,5,5
7B94B,7B94,B,208,231,233,5.13928814892026,21,26,MAP2K1,STE_MAP2K1_HUMAN,DFGin,BLBplus,"ATPlike,Type3",5,5,5,5,5,5
7B9LA,7B9L,A,208,231,233,4.955118502078563,19,26,MAP2K1,STE_MAP2K1_HUMAN,DFGin,BLBplus,"ATPlike,Type3",5,5,5,5,5,5
7B9LB,7B9L,B,208,231,233,5.160527597122305,20,26,MAP2K1,STE_MAP2K1_HUMAN,DFGin,BLBplus,"ATPlike,Type3",5,5,5,5,5,5
7BAQA,7BAQ,A,184,206,208,4.859105393370981,24,25,PRKACA,AGC_PRKACA_CRIGR,DFGin,ABAminus,Type1,5,5,5,5,5,5
7BARA,7BAR,A,184,206,208,4.885290420109118,24,25,PRKACA,AGC_PRKACA_CRIGR,DFGin,BLAminus,Type1,5,5,5,5,5,5
7BB0A,7BB0,A,184,206,208,4.837030795635979,24,25,PRKACA,AGC_PRKACA_CRIGR,DFGin,BLAminus,Type1,5,5,5,5,5,5
7BKNA,7BKN,A,148,175,177,5.222306723313207,30,30,CHEK1,CAMK_CHEK1_HUMAN,DFGin,BLAminus,Type1,5,5,5,5,5,5
7BKOA,7BKO,A,148,175,177,5.161993229108786,30,30,CHEK1,CAMK_CHEK1_HUMAN,DFGin,BLAminus,Type1,5,5,5,5,5,5
7BMKA,7BMK,A,711,739,741,7.211272570505617,31,31,ERN1,OTHER_ERN1_HUMAN,DFGin,BLAminus,Type1.5_Back,5,5,5,5,5,5
7BMKB,7BMK,B,711,739,741,7.1654480289980755,31,31,ERN1,OTHER_ERN1_HUMAN,DFGin,BLAminus,Type1.5_Back,5,5,5,5,5,5
7C2VA,7C2V,A,329,356,358,5.532626938471449,23,30,IRAK4,TKL_IRAK4_HUMAN,DFGin,BLAminus,Type1,5,5,5,5,5,5
7C2VB,7C2V,B,329,356,358,5.533676029173207,22,30,IRAK4,TKL_IRAK4_HUMAN,DFGin,BLAminus,Type1,5,5,5,5,5,5
7C2VC,7C2V,C,329,356,358,5.511860589502298,22,30,IRAK4,TKL_IRAK4_HUMAN,DFGin,BLAminus,Type1,5,5,5,5,5,5
7C2VD,7C2V,D,329,356,358,5.5171672966238425,23,30,IRAK4,TKL_IRAK4_HUMAN,DFGin,BLAminus,Type1,5,5,5,5,5,5
7C2WA,7C2W,A,329,356,358,5.445965905685507,28,30,IRAK4,TKL_IRAK4_HUMAN,DFGin,BLAminus,"Allosteric,Type1",5,5,5,5,5,5
7C2WB,7C2W,B,329,356,358,5.470060738079342,28,30,IRAK4,TKL_IRAK4_HUMAN,DFGin,BLAminus,"Allosteric,Type1",5,5,5,5,5,5
7C2WC,7C2W,C,329,356,358,5.459958437215167,28,30,IRAK4,TKL_IRAK4_HUMAN,DFGin,BLAminus,"Allosteric,Type1",5,5,5,5,5,5
7C2WD,7C2W,D,329,356,358,5.414135002053205,28,30,IRAK4,TKL_IRAK4_HUMAN,DFGin,BLAminus,"Allosteric,Type1",5,5,5,5,5,5
7C3GA,7C3G,A,354,383,385,8.136368550727212,32,32,ACVR1,TKL_ACVR1_HUMAN,DFGin,BLAminus,Type1,5,5,5,5,5,5
7C3GB,7C3G,B,354,383,385,8.010359204954133,32,32,ACVR1,TKL_ACVR1_HUMAN,DFGin,BLAminus,Type1,5,5,5,5,5,5
7C3NA,7C3N,A,967,995,997,4.202799201933373,29,31,JAK3,TYR_JAK3-2_HUMAN,DFGin,ABAminus,Type1,5,5,5,5,5,5
7CC2A,7CC2,A,381,407,409,4.363852994264561,29,29,ABL1,TYR_ABL1_HUMAN,DFGinter,None,Type1,5,5,5,5,5,5
7CC2B,7CC2,B,381,407,409,4.387251913415518,29,29,ABL1,TYR_ABL1_HUMAN,DFGinter,None,Type1,5,5,5,5,5,5
7CCUA,7CCU,A,161,185,187,7.6127145248336205,27,27,DAPK1,CAMK_DAPK1_HUMAN,DFGin,BLAminus,Type1.5_Back,5,5,5,5,5,5
7CCVA,7CCV,A,161,185,187,7.597688355694095,27,27,DAPK1,CAMK_DAPK1_HUMAN,DFGin,BLAminus,Type1.5_Back,5,5,5,5,5,5
7CCWA,7CCW,A,161,185,187,7.665079112070063,27,27,DAPK1,CAMK_DAPK1_HUMAN,DFGin,BLAminus,Type1,5,5,5,5,5,5
7CMBA,7CMB,A,458,483,485,4.890797161074871,27,28,PAK4,STE_PAK4_HUMAN,DFGin,BLAminus,Type1.5_Back,5,5,5,5,5,5
7CP3A,7CP3,A,458,483,485,4.780190082024468,27,28,PAK4,STE_PAK4_HUMAN,DFGin,BLAminus,Type1.5_Back,5,5,5,5,5,5
7CP4A,7CP4,A,458,483,485,4.8111051617177605,27,28,PAK4,STE_PAK4_HUMAN,DFGin,BLAminus,Type1.5_Back,5,5,5,5,5,5
7CTVA,7CTV,A,507,534,536,5.671112504577981,30,30,SOBIR1,TKL_SOBIR1_ARATH,DFGin,BLBminus,ATPlike,5,5,5,5,5,5
7CTVB,7CTV,B,507,534,536,5.680167548453409,30,30,SOBIR1,TKL_SOBIR1_ARATH,DFGin,BLBminus,ATPlike,5,5,5,5,5,5
7CTXA,7CTX,A,507,534,536,5.65353408557598,30,30,SOBIR1,TKL_SOBIR1_ARATH,DFGin,BLBplus,ATPlike,5,5,5,5,5,5
7CTXB,7CTX,B,507,534,536,5.632127181606591,30,30,SOBIR1,TKL_SOBIR1_ARATH,DFGin,BLBplus,ATPlike,5,5,5,5,5,5
7DG4A,7DG4,A,368,390,392,6.682011305735806,24,25,DYRK2,CMGC_DYRK2_HUMAN,DFGin,BLAminus,Type1,5,5,5,5,5,5
7DH3A,7DH3,A,368,390,392,6.685708114077667,24,25,DYRK2,CMGC_DYRK2_HUMAN,DFGin,BLAminus,Type1,5,5,5,5,5,5
7DH9A,7DH9,A,368,390,392,6.693443948745608,24,25,DYRK2,CMGC_DYRK2_HUMAN,DFGin,BLAminus,Type1,5,5,5,5,5,5
7DHCA,7DHC,A,368,390,392,6.705727916024614,24,25,DYRK2,CMGC_DYRK2_HUMAN,DFGin,BLAminus,Type1,5,5,5,5,5,5
7DHHA,7DHH,A,368,390,392,6.691628378534017,24,25,DYRK2,CMGC_DYRK2_HUMAN,DFGin,BLAminus,Type1,5,5,5,5,5,5
7DHKA,7DHK,A,368,390,392,6.6725165163970095,24,25,DYRK2,CMGC_DYRK2_HUMAN,DFGin,BLAminus,Type1,5,5,5,5,5,5
7DHLA,7DHL,A,635,662,664,4.450055396677403,28,30,FGFR3,TYR_FGFR3_HUMAN,DFGin,BLAminus,Type1.5_Back,5,5,5,5,5,5
7DHNA,7DHN,A,368,390,392,6.682861412572266,24,25,DYRK2,CMGC_DYRK2_HUMAN,DFGin,BLAminus,Type1,5,5,5,5,5,5
7DHOA,7DHO,A,368,390,392,6.695092168573524,24,25,DYRK2,CMGC_DYRK2_HUMAN,DFGin,BLAminus,Type1,5,5,5,5,5,5
7DHVA,7DHV,A,368,390,392,6.682760079182405,24,25,DYRK2,CMGC_DYRK2_HUMAN,DFGin,BLAminus,Type1,5,5,5,5,5,5
7DJOA,7DJO,A,368,390,392,6.699049850812348,24,25,DYRK2,CMGC_DYRK2_HUMAN,DFGin,BLAminus,Type1,5,5,5,5,5,5
7DL6A,7DL6,A,368,390,392,6.7009573517067995,24,25,DYRK2,CMGC_DYRK2_HUMAN,DFGin,BLAminus,Type1,5,5,5,5,5,5
7DT2A,7DT2,A,381,407,409,4.362926498839245,29,29,ABL1,TYR_ABL1_HUMAN,DFGinter,None,Type1,5,5,5,5,5,5
7DT2B,7DT2,B,381,407,409,4.441091871217573,29,29,ABL1,TYR_ABL1_HUMAN,DFGinter,None,Type1,5,5,5,5,5,5
7DTZA,7DTZ,A,630,657,659,4.25028342901549,30,30,FGFR4,TYR_FGFR4_HUMAN,DFGin,BLAplus,Type1.5_Back,5,5,5,5,5,5
7E0ZA,7E0Z,A,184,206,208,4.869788838469263,24,25,PRKACA,AGC_PRKACA_MOUSE,DFGin,BLAminus,ATPlike,5,5,5,5,5,5
7E11A,7E11,A,184,206,208,4.86689496053028,24,25,PRKACA,AGC_PRKACA_MOUSE,DFGin,BLAminus,ATPlike,5,5,5,5,5,5
7E12A,7E12,A,184,206,208,4.864791008591853,24,25,PRKACA,AGC_PRKACA_MOUSE,DFGin,BLAminus,ATPlike,5,5,5,5,5,5
7E34A,7E34,A,145,170,172,4.725690754927396,28,28,CDK2,CMGC_CDK2_HUMAN,DFGin,BLAminus,No_ligand,5,5,5,5,5,5
7E73A,7E73,A,167,195,197,4.799388441568507,31,31,MAPK1,CMGC_MAPK1_HUMAN,DFGin,BLAminus,No_ligand,5,5,5,5,5,5
7E75A,7E75,A,167,195,197,4.784304093455518,31,31,MAPK1,CMGC_MAPK1_HUMAN,DFGin,BLAminus,No_ligand,5,5,5,5,5,5
7EJVA,7EJV,A,295,317,319,6.689066507886453,24,25,DYRK2,CMGC_DYRK2_HUMAN,DFGin,BLAminus,Type1,5,5,5,5,5,5
7EJVB,7EJV,B,295,317,319,6.703898620329499,24,25,DYRK2,CMGC_DYRK2_HUMAN,DFGin,BLAminus,Type1,5,5,5,5,5,5
7F2XA,7F2X,A,208,231,233,6.091646378273412,26,26,MAP2K1,STE_MAP2K1_HUMAN,None,None,ATPlike,5,5,5,5,5,5
7F3GB,7F3G,B,533,555,557,7.8665928924395505,25,25,DCLK1,CAMK_DCLK1_HUMAN,DFGin,ABAminus,Type1,5,5,5,5,5,5
7F3GA,7F3G,A,533,555,557,7.919732292820393,25,25,DCLK1,CAMK_DCLK1_HUMAN,DFGin,BLAminus,Type1,5,5,5,5,5,5
7F3MA,7F3M,A,630,657,659,4.283810079982353,30,30,FGFR4,TYR_FGFR4_HUMAN,DFGin,BLAplus,Type1.5_Back,5,5,5,5,5,5
7FHSA,7FHS,A,307,329,331,7.0840974133320715,24,25,DYRK1A,CMGC_DYRK1A_HUMAN,DFGin,BLAminus,Type1,5,5,5,5,5,5
7FHSB,7FHS,B,307,329,331,7.080246920593212,24,25,DYRK1A,CMGC_DYRK1A_HUMAN,DFGin,BLAminus,Type1,5,5,5,5,5,5
7FHSC,7FHS,C,307,329,331,7.077293754570211,24,25,DYRK1A,CMGC_DYRK1A_HUMAN,DFGin,BLAminus,Type1,5,5,5,5,5,5
7FHSD,7FHS,D,307,329,331,7.09450253702857,24,25,DYRK1A,CMGC_DYRK1A_HUMAN,DFGin,BLAminus,Type1,5,5,5,5,5,5
7FHTA,7FHT,A,307,329,331,7.0966755096473415,24,25,DYRK1A,CMGC_DYRK1A_HUMAN,DFGin,BLAminus,Type1,5,5,5,5,5,5
7FHTB,7FHT,B,307,329,331,7.100279151222651,24,25,DYRK1A,CMGC_DYRK1A_HUMAN,DFGin,BLAminus,Type1,5,5,5,5,5,5
7FHTC,7FHT,C,307,329,331,7.112736917368314,24,25,DYRK1A,CMGC_DYRK1A_HUMAN,DFGin,BLAminus,Type1,5,5,5,5,5,5
7FHTD,7FHT,D,307,329,331,7.107895020380478,24,25,DYRK1A,CMGC_DYRK1A_HUMAN,DFGin,BLAminus,Type1,5,5,5,5,5,5
7JNTA,7JNT,A,232,258,260,2.4405553333755567,23,29,ROCK2,AGC_ROCK2_HUMAN,DFGin,BLAminus,Type1,5,5,5,5,5,5
7JNTB,7JNT,B,232,258,260,2.482175982583401,21,29,ROCK2,AGC_ROCK2_HUMAN,DFGin,BLAminus,Type1,5,5,5,5,5,5
7JNTC,7JNT,C,232,258,260,2.816373787497471,25,29,ROCK2,AGC_ROCK2_HUMAN,DFGin,BLAminus,Type1,5,5,5,5,5,5
7JNTE,7JNT,E,232,258,260,2.914971624483117,25,29,ROCK2,AGC_ROCK2_HUMAN,DFGin,BLAminus,Type1,5,5,5,5,5,5
7JNTF,7JNT,F,232,258,260,2.4762835223150845,29,29,ROCK2,AGC_ROCK2_HUMAN,DFGin,BLAminus,Type1,5,5,5,5,5,5
7JNTG,7JNT,G,232,258,260,2.875259259364529,26,29,ROCK2,AGC_ROCK2_HUMAN,DFGin,BLAminus,Type1,5,5,5,5,5,5
7JNTH,7JNT,H,232,258,260,2.5488645128512277,29,29,ROCK2,AGC_ROCK2_HUMAN,DFGin,BLAminus,Type1,5,5,5,5,5,5
7JOUA,7JOU,A,216,242,244,3.092200251214523,29,29,ROCK1,AGC_ROCK1_HUMAN,DFGin,BLAminus,Type1,5,5,5,5,5,5
7JOVA,7JOV,A,232,258,260,2.4629894395756486,23,29,ROCK2,AGC_ROCK2_HUMAN,DFGin,BLAminus,Type1,5,5,5,5,5,5
7JOVB,7JOV,B,232,258,260,2.6060007341313804,21,29,ROCK2,AGC_ROCK2_HUMAN,DFGin,BLAminus,Type1,5,5,5,5,5,5
7JOVC,7JOV,C,232,258,260,2.842898985026598,27,29,ROCK2,AGC_ROCK2_HUMAN,DFGin,BLAminus,Type1,5,5,5,5,5,5
7JOVE,7JOV,E,232,258,260,2.9602734217609252,26,29,ROCK2,AGC_ROCK2_HUMAN,DFGin,BLAminus,Type1,5,5,5,5,5,5
7JOVF,7JOV,F,232,258,260,2.4699723143822703,29,29,ROCK2,AGC_ROCK2_HUMAN,DFGin,BLAminus,Type1,5,5,5,5,5,5
7JOVG,7JOV,G,232,258,260,2.8744952887037636,26,29,ROCK2,AGC_ROCK2_HUMAN,DFGin,BLAminus,Type1,5,5,5,5,5,5
7JOVH,7JOV,H,232,258,260,2.639996422009417,29,29,ROCK2,AGC_ROCK2_HUMAN,DFGin,BLAminus,Type1,5,5,5,5,5,5
7JUQC,7JUQ,C,208,231,233,6.79488840254242,26,26,MAP2K1,STE_MAP2K1_RABIT,DFGin,BLBplus,ATPlike,5,5,5,5,5,5
7JUQB,7JUQ,B,803,833,835,7.117786505973219,30,33,KSR2,TKL_KSR2_HUMAN,DFGin,BLBplus,ATPlike,5,5,5,5,5,5
7JURC,7JUR,C,208,231,233,6.781727785811306,26,26,MAP2K1,STE_MAP2K1_RABIT,DFGin,BLBplus,"ATPlike,Type1",5,5,5,5,5,5
7JURB,7JUR,B,803,833,835,7.120566763319693,30,33,KSR2,TKL_KSR2_HUMAN,DFGin,BLBplus,ATPlike,5,5,5,5,5,5
7JUSC,7JUS,C,208,231,233,6.756470359609487,26,26,MAP2K1,STE_MAP2K1_RABIT,DFGin,BLBplus,"Type3,ATPlike",5,5,5,5,5,5
7JUSB,7JUS,B,803,833,835,7.139457934664531,29,33,KSR2,TKL_KSR2_HUMAN,DFGin,BLBplus,ATPlike,5,5,5,5,5,5
7JUTC,7JUT,C,208,231,233,6.764655556036515,26,26,MAP2K1,STE_MAP2K1_RABIT,DFGin,BLBplus,"ATPlike,Type3",5,5,5,5,5,5
7JUTB,7JUT,B,803,833,835,7.119693256945656,30,33,KSR2,TKL_KSR2_HUMAN,DFGin,BLBplus,ATPlike,5,5,5,5,5,5
7JUUC,7JUU,C,208,231,233,6.746579956298723,26,26,MAP2K1,STE_MAP2K1_RABIT,DFGin,BLBplus,"ATPlike,Type3",5,5,5,5,5,5
7JUUB,7JUU,B,803,833,835,7.125329182551186,30,33,KSR2,TKL_KSR2_HUMAN,DFGin,BLBplus,ATPlike,5,5,5,5,5,5
7JUVC,7JUV,C,208,231,233,6.755352901995883,26,26,MAP2K1,STE_MAP2K1_RABIT,DFGin,BLBplus,"ATPlike,Type3",5,5,5,5,5,5
7JUVB,7JUV,B,803,833,835,7.0904284463034175,30,33,KSR2,TKL_KSR2_HUMAN,DFGin,BLBplus,ATPlike,5,5,5,5,5,5
7JUWC,7JUW,C,208,231,233,6.656634524129142,26,26,MAP2K1,STE_MAP2K1_RABIT,DFGin,BLBplus,ATPlike,5,5,5,5,5,5
7JUWB,7JUW,B,750,780,782,7.173060572850209,29,33,KSR1,TKL_KSR1_HUMAN,DFGin,BLBplus,ATPlike,5,5,5,5,5,5
7JUXC,7JUX,C,208,231,233,6.761819758545142,26,26,MAP2K1,STE_MAP2K1_RABIT,DFGin,BLBplus,"ATPlike,Type3",5,5,5,5,5,5
7JUXA,7JUX,A,750,780,782,7.125742786365382,29,33,KSR1,TKL_KSR1_HUMAN,DFGin,BLBplus,ATPlike,5,5,5,5,5,5
7JUYC,7JUY,C,208,231,233,6.659979829286855,26,26,MAP2K1,STE_MAP2K1_RABIT,DFGin,BLBplus,"ATPlike,Type3",5,5,5,5,5,5
7JUYB,7JUY,B,750,780,782,7.153742903318166,28,33,KSR1,TKL_KSR1_HUMAN,DFGin,BLBplus,ATPlike,5,5,5,5,5,5
7JUZC,7JUZ,C,208,231,233,6.711413311685742,26,26,MAP2K1,STE_MAP2K1_RABIT,DFGin,BLBplus,"ATPlike,Type3",5,5,5,5,5,5
7JUZA,7JUZ,A,750,780,782,7.12590047609951,25,33,KSR1,TKL_KSR1_HUMAN,DFGin,BLBplus,ATPlike,5,5,5,5,5,5
7JV0C,7JV0,C,208,231,233,6.73150681438902,26,26,MAP2K1,STE_MAP2K1_RABIT,DFGin,BLBplus,"ATPlike,Type3",5,5,5,5,5,5
7JV0A,7JV0,A,750,780,782,7.112859759366718,28,33,KSR1,TKL_KSR1_HUMAN,DFGin,BLBplus,ATPlike,5,5,5,5,5,5
7JV1C,7JV1,C,208,231,233,6.763904476769736,26,26,MAP2K1,STE_MAP2K1_RABIT,DFGin,BLBplus,"ATPlike,Type3",5,5,5,5,5,5
7JV1D,7JV1,D,750,780,782,7.058464552885782,26,33,KSR1,TKL_KSR1_HUMAN,DFGin,BLBplus,ATPlike,5,5,5,5,5,5
7K0VA,7K0V,A,594,621,623,1.1389960745079646,21,30,BRAF,TKL_BRAF_HUMAN,DFGout,BBAminus,Type2,5,5,5,5,5,5
7K0VB,7K0V,B,594,621,623,1.0921277770756765,23,30,BRAF,TKL_BRAF_HUMAN,DFGout,BBAminus,Type2,5,5,5,5,5,5
7K0VC,7K0V,C,594,621,623,1.4188094229329118,22,30,BRAF,TKL_BRAF_HUMAN,DFGout,BBAminus,Type2,5,5,5,5,5,5
7K0VD,7K0V,D,594,621,623,1.1790110109360399,27,30,BRAF,TKL_BRAF_HUMAN,DFGout,BBAminus,Type2,5,5,5,5,5,5
7K7LA,7K7L,A,335,358,360,3.9613501997428973,26,26,GRK2,AGC_GRK2_HUMAN,DFGin,BLAminus,Type1,5,5,5,5,5,5
7K7ZA,7K7Z,A,335,358,360,3.975521097106453,26,26,GRK2,AGC_GRK2_HUMAN,DFGin,BLAminus,Type1,5,5,5,5,5,5
7KACB,7KAC,B,155,180,182,3.528922063736705,28,28,MAP4K1,STE_MAP4K1_HUMAN,DFGin,BLAminus,Type1,5,5,5,5,5,5
7KHGA,7KHG,A,810,837,839,4.381479482696419,30,30,KIT,TYR_KIT_HUMAN,DFGout,BBAminus,Type2,5,5,5,5,5,5
7KIAA,7KIA,A,644,671,673,4.193608297196262,30,30,FGFR2,TYR_FGFR2_HUMAN,DFGin,BLAminus,Type1,5,5,5,5,5,5
7KIAB,7KIA,B,644,671,673,4.230061466677615,30,30,FGFR2,TYR_FGFR2_HUMAN,DFGin,BLAminus,Type1,5,5,5,5,5,5
7KIEA,7KIE,A,644,671,673,4.21089048459109,30,30,FGFR2,TYR_FGFR2_HUMAN,DFGin,BLAminus,Type1,5,5,5,5,5,5
7KIEB,7KIE,B,644,671,673,4.256554944083953,30,30,FGFR2,TYR_FGFR2_HUMAN,DFGin,BLAminus,Type1,5,5,5,5,5,5
7KJBA,7KJB,A,757,785,787,4.432989878755385,31,31,EPHA2,TYR_EPHA2_HUMAN,DFGin,ABAminus,No_ligand,5,5,5,5,5,5
7KJCA,7KJC,A,757,785,787,4.300204649200159,26,31,EPHA2,TYR_EPHA2_HUMAN,DFGin,BLBminus,ATPlike,5,5,5,5,5,5
7KJSA,7KJS,A,145,170,172,4.696343729526225,27,28,CDK2,CMGC_CDK2_HUMAN,DFGin,BLAminus,Type1,5,5,5,5,5,5
7KL0A,7KL0,A,156,181,183,7.031795551333262,28,28,CAMK2A,CAMK_CAMK2A_HUMAN,DFGin,BLAminus,Type1,5,5,5,5,5,5
7KL0B,7KL0,B,156,181,183,7.054347431943056,28,28,CAMK2A,CAMK_CAMK2A_HUMAN,DFGin,BLAminus,Type1,5,5,5,5,5,5
7KL1A,7KL1,A,156,181,183,7.072646800936801,28,28,CAMK2A,CAMK_CAMK2A_HUMAN,DFGin,BLAminus,No_ligand,5,5,5,5,5,5
7KL1B,7KL1,B,156,181,183,7.06663864846162,28,28,CAMK2A,CAMK_CAMK2A_HUMAN,DFGin,BLAminus,No_ligand,5,5,5,5,5,5
7KL2A,7KL2,A,156,181,183,7.075954978978646,28,28,CAMK2A,CAMK_CAMK2A_HUMAN,DFGin,BLAminus,No_ligand,5,5,5,5,5,5
7KP6A,7KP6,A,270,298,300,4.764444336197774,31,31,TNK2,TYR_TNK2_HUMAN,DFGin,ABAminus,Type1,5,5,5,5,5,5
7KP6B,7KP6,B,270,298,300,4.7861879615679825,27,31,TNK2,TYR_TNK2_HUMAN,DFGin,ABAminus,Type1,5,5,5,5,5,5
7KPVA,7KPV,A,304,332,334,4.375318397562933,31,31,SSN3,CMGC_SSN3_YEAST,DFGin,ABAminus,No_ligand,5,5,5,5,5,5
7KPXA,7KPX,A,304,332,334,4.375318397562933,31,31,SSN3,CMGC_SSN3_YEAST,DFGin,ABAminus,No_ligand,5,5,5,5,5,5
7KSIA,7KSI,A,207,231,233,5.4407279952418905,22,27,MAPK10,CMGC_MAPK10_HUMAN,DFGin,ABAminus,Type1,5,5,5,5,5,5
7KSJA,7KSJ,A,207,231,233,5.473405700543146,22,27,MAPK10,CMGC_MAPK10_HUMAN,DFGin,ABAminus,Type1,5,5,5,5,5,5
7KSKA,7KSK,A,207,231,233,5.46470354591207,21,27,MAPK10,CMGC_MAPK10_HUMAN,DFGin,ABAminus,Type1,5,5,5,5,5,5
7KUEA,7KUE,A,147,172,174,4.534408665069725,27,28,KIN28,CMGC_KIN28_YEAST,DFGin,BLAminus,ATPlike,5,5,5,5,5,5
7KX6A,7KX6,A,533,555,557,7.7192183801037055,25,25,DCLK1,CAMK_DCLK1_HUMAN,DFGin,BLAminus,Type1,5,5,5,5,5,5
7KX6B,7KX6,B,533,555,557,7.371299729813319,25,25,DCLK1,CAMK_DCLK1_HUMAN,DFGin,BLAminus,Type1,5,5,5,5,5,5
7KX8A,7KX8,A,533,555,557,7.577527666350649,25,25,DCLK1,CAMK_DCLK1_HUMAN,DFGin,BLAminus,Type1,5,5,5,5,5,5
7KX8B,7KX8,B,533,555,557,7.606636945302632,25,25,DCLK1,CAMK_DCLK1_HUMAN,DFGin,BLAminus,Type1,5,5,5,5,5,5
7KXWA,7KXW,A,533,555,557,7.707936886195284,25,25,DCLK1,CAMK_DCLK1_HUMAN,DFGin,BLAminus,Type1,5,5,5,5,5,5
7KXWB,7KXW,B,533,555,557,7.75295884796753,25,25,DCLK1,CAMK_DCLK1_HUMAN,DFGin,BLAminus,Type1,5,5,5,5,5,5
7L24A,7L24,A,155,180,182,3.57962163171593,24,28,MAP4K1,STE_MAP4K1_HUMAN,DFGin,BLAminus,Type1,5,5,5,5,5,5
7L24C,7L24,C,155,180,182,3.433975302384356,25,28,MAP4K1,STE_MAP4K1_HUMAN,DFGin,BLAminus,Type1,5,5,5,5,5,5
7L24D,7L24,D,155,180,182,3.6211549721292813,28,28,MAP4K1,STE_MAP4K1_HUMAN,DFGin,BLAminus,Type1,5,5,5,5,5,5
7L25A,7L25,A,155,180,182,2.7020376806979085,28,28,MAP4K1,STE_MAP4K1_HUMAN,DFGin,None,Type1,5,5,5,5,5,5
7L25B,7L25,B,155,180,182,2.51961947676393,28,28,MAP4K1,STE_MAP4K1_HUMAN,DFGin,None,Type1,5,5,5,5,5,5
7LHTA,7LHT,A,2017,2040,2042,7.709682880837496,23,26,LRRK2,TKL_LRRK2_HUMAN,DFGinter,None,ATPlike,5,5,5,5,5,5
7LHTB,7LHT,B,2017,2040,2042,7.709662319471988,23,26,LRRK2,TKL_LRRK2_HUMAN,DFGinter,None,ATPlike,5,5,5,5,5,5
7LHWA,7LHW,A,2017,2040,2042,7.665834527185834,23,26,LRRK2,TKL_LRRK2_HUMAN,DFGinter,None,ATPlike,5,5,5,5,5,5
7LI4A,7LI4,A,2017,2040,2042,7.709659807564139,23,26,LRRK2,TKL_LRRK2_HUMAN,DFGinter,None,ATPlike,5,5,5,5,5,5
7LL4A,7LL4,A,994,1022,1024,4.160387781518922,30,31,JAK2,TYR_JAK2-2_HUMAN,DFGin,ABAminus,Type1,5,5,5,5,5,5
7LL5A,7LL5,A,994,1022,1024,4.151842929071244,30,31,JAK2,TYR_JAK2-2_HUMAN,DFGin,ABAminus,Type1,5,5,5,5,5,5
7LV3A,7LV3,A,517,541,543,4.904316193025252,26,27,PRKG1,AGC_PRKG1_HUMAN,DFGin,BLAminus,ATPlike,5,5,5,5,5,5
7LV3B,7LV3,B,517,541,543,4.8857489486860235,26,27,PRKG1,AGC_PRKG1_HUMAN,DFGin,BLAminus,ATPlike,5,5,5,5,5,5
7M0KA,7M0K,A,155,180,182,3.622019913025819,28,28,MAP4K1,STE_MAP4K1_HUMAN,DFGout,BBAminus,Type1,5,5,5,5,5,5
7M0KB,7M0K,B,155,180,182,3.6536575767709496,28,28,MAP4K1,STE_MAP4K1_HUMAN,DFGout,BBAminus,Type1,5,5,5,5,5,5
7M0KC,7M0K,C,155,180,182,3.658596845223024,28,28,MAP4K1,STE_MAP4K1_HUMAN,DFGout,BBAminus,Type1,5,5,5,5,5,5
7M0KD,7M0K,D,155,180,182,3.6260573546976067,28,28,MAP4K1,STE_MAP4K1_HUMAN,DFGout,BBAminus,Type1,5,5,5,5,5,5
7M0LA,7M0L,A,155,180,182,3.647152088365379,28,28,MAP4K1,STE_MAP4K1_HUMAN,DFGout,BBAminus,Type1,5,5,5,5,5,5
7M0LB,7M0L,B,155,180,182,3.6592051223590727,28,28,MAP4K1,STE_MAP4K1_HUMAN,DFGout,BBAminus,Type1,5,5,5,5,5,5
7M0LC,7M0L,C,155,180,182,3.660486393152323,28,28,MAP4K1,STE_MAP4K1_HUMAN,DFGout,BBAminus,Type1,5,5,5,5,5,5
7M0LD,7M0L,D,155,180,182,3.6589171356035086,28,28,MAP4K1,STE_MAP4K1_HUMAN,DFGout,BBAminus,Type1,5,5,5,5,5,5
7M0MA,7M0M,A,155,180,182,3.8033464620297415,28,28,MAP4K1,STE_MAP4K1_HUMAN,DFGin,BLAminus,Type1,5,5,5,5,5,5
7M0MB,7M0M,B,155,180,182,3.6680748554204228,28,28,MAP4K1,STE_MAP4K1_HUMAN,DFGin,BLAminus,Type1,5,5,5,5,5,5
7M0TB,7M0T,B,208,231,233,6.851598679249619,26,26,MAP2K1,STE_MAP2K1_HUMAN,DFGin,BLBplus,"Type3,ATPlike",5,5,5,5,5,5
7M0TA,7M0T,A,594,621,623,1.1520254643766834,30,30,BRAF,TKL_BRAF_HUMAN,DFGin,BLBplus,ATPlike,5,5,5,5,5,5
7M0UB,7M0U,B,208,231,233,6.858991551289836,26,26,MAP2K1,STE_MAP2K1_HUMAN,DFGin,BLBplus,"Type3,ATPlike",5,5,5,5,5,5
7M0UA,7M0U,A,594,621,623,1.2254101713809935,30,30,BRAF,TKL_BRAF_HUMAN,DFGin,BLBplus,ATPlike,5,5,5,5,5,5
7M0VB,7M0V,B,208,231,233,6.704412813373024,26,26,MAP2K1,STE_MAP2K1_HUMAN,DFGin,BLBplus,"ATPlike,Type3",5,5,5,5,5,5
7M0VA,7M0V,A,594,621,623,1.1726398852434152,30,30,BRAF,TKL_BRAF_HUMAN,DFGin,BLBplus,ATPlike,5,5,5,5,5,5
7M0WB,7M0W,B,208,231,233,6.838926868255816,26,26,MAP2K1,STE_MAP2K1_HUMAN,DFGin,BLBplus,"ATPlike,Type3",5,5,5,5,5,5
7M0WA,7M0W,A,594,621,623,1.199145982064406,30,30,BRAF,TKL_BRAF_HUMAN,DFGin,BLBplus,ATPlike,5,5,5,5,5,5
7M0XB,7M0X,B,208,231,233,6.6947559483616415,26,26,MAP2K1,STE_MAP2K1_HUMAN,DFGin,BLBplus,"ATPlike,Type3",5,5,5,5,5,5
7M0XA,7M0X,A,594,621,623,1.2178663209946698,30,30,BRAF,TKL_BRAF_HUMAN,DFGin,BLBplus,ATPlike,5,5,5,5,5,5
7M0YB,7M0Y,B,208,231,233,6.845719809367889,26,26,MAP2K1,STE_MAP2K1_HUMAN,DFGin,BLBplus,"ATPlike,Type3",5,5,5,5,5,5
7M0YA,7M0Y,A,594,621,623,1.1721825059592579,30,30,BRAF,TKL_BRAF_HUMAN,DFGin,BLBplus,ATPlike,5,5,5,5,5,5
7M0ZB,7M0Z,B,208,231,233,6.83154727566854,26,26,MAP2K1,STE_MAP2K1_HUMAN,DFGin,BLBplus,"ATPlike,Type3",5,5,5,5,5,5
7M0ZA,7M0Z,A,594,621,623,1.1862405615508171,30,30,BRAF,TKL_BRAF_HUMAN,DFGin,BLBplus,ATPlike,5,5,5,5,5,5
7M2FA,7M2F,A,145,170,172,4.743601742855651,21,28,CDK2,CMGC_CDK2_HUMAN,DFGin,BLBminus,Type1,5,5,5,5,5,5
7MFCA,7MFC,A,796,823,825,4.462339637020139,30,30,CSF1R,TYR_CSF1R_HUMAN,DFGout,BBAminus,Type2,5,5,5,5,5,5
7MFDB,7MFD,B,208,231,233,5.051216055643772,26,26,MAP2K1,STE_MAP2K1_HUMAN,DFGin,BLBplus,Type3,5,5,5,5,5,5
7MFDA,7MFD,A,594,621,623,1.2178516742868435,30,30,BRAF,TKL_BRAF_HUMAN,DFGin,BLBplus,No_ligand,5,5,5,5,5,5
7MFEA,7MFE,A,594,621,623,1.368569417862386,30,30,BRAF,TKL_BRAF_HUMAN,DFGin,BLBplus,No_ligand,5,5,5,5,5,5
7MKXA,7MKX,A,145,170,172,4.658034573641679,27,28,CDK2,CMGC_CDK2_HUMAN,DFGin,BLAminus,Type1,5,5,5,5,5,5
7MKXC,7MKX,C,145,170,172,4.676849739081019,27,28,CDK2,CMGC_CDK2_HUMAN,DFGin,BLAminus,Type1,5,5,5,5,5,5
7MP8A,7MP8,A,359,390,392,7.055889500303771,34,34,PINK1,OTHER_PINK1_TRICA,DFGin,BLAminus,No_ligand,5,5,5,5,5,5
7MP9A,7MP9,A,359,390,392,7.0567525604092385,34,34,PINK1,OTHER_PINK1_TRICA,DFGin,None,ATPlike,5,5,5,5,5,5
7MT9G,7MT9,G,332,357,359,4.2450850235865625,28,28,GRK1,AGC_GRK1_BOVIN,DFGin,BLAminus,"Type1,Type1,Type1,Type1,Type1,Type1",5,5,5,5,5,5
7MU7A,7MU7,A,822,847,849,4.109913570308022,21,28,MAP3K5,STE_MAP3K5_HUMAN,DFGin,BLAminus,Type1,5,5,5,5,5,5
7MU7B,7MU7,B,822,847,849,4.162116727617031,20,28,MAP3K5,STE_MAP3K5_HUMAN,DFGin,BLAminus,Type1,5,5,5,5,5,5
7MXBA,7MXB,A,318,339,341,7.53372112917949,24,24,PKNG,OTHER_PKNG_CORGL,DFGin,None,Type1,5,5,5,5,5,5
7MXBB,7MXB,B,318,339,341,7.5168977696655865,24,24,PKNG,OTHER_PKNG_CORGL,DFGinter,None,Type1,5,5,5,5,5,5
7MXJA,7MXJ,A,318,339,341,7.646946003245917,24,24,PKNG,OTHER_PKNG_CORGL,DFGinter,None,Type1,5,5,5,5,5,5
7MXKA,7MXK,A,318,339,341,7.665045147410047,24,24,PKNG,OTHER_PKNG_CORGL,DFGinter,None,Type1,5,5,5,5,5,5
7MYJA,7MYJ,A,157,181,183,4.417544183765653,26,27,PRKAA2,CAMK_PRKAA2_HUMAN,DFGin,BLBminus,"Type1,Allosteric",5,5,5,5,5,5
7MYJC,7MYJ,C,157,181,183,4.348997281265856,26,27,PRKAA2,CAMK_PRKAA2_HUMAN,DFGin,None,Type1,5,5,5,5,5,5
7N8TA,7N8T,A,169,193,195,5.325068539663441,27,27,MAPK9,CMGC_MAPK9_HUMAN,DFGin,ABAminus,ATPlike,5,5,5,5,5,5
7N9GB,7N9G,B,400,426,428,4.347653867836867,29,29,ABL1,TYR_ABL1_HUMAN,DFGin,BLAminus,"Allosteric,Type1",5,5,5,5,5,5
7N9GC,7N9G,C,400,426,428,4.388242870310294,24,29,ABL1,TYR_ABL1_HUMAN,DFGinter,None,"Allosteric,Type1",5,5,5,5,5,5
7NCFA,7NCF,A,346,369,371,7.9929680946731745,25,26,HIPK2,CMGC_HIPK2_HUMAN,DFGin,BLAminus,Type1,5,5,5,5,5,5
7NG7A,7NG7,A,407,433,435,4.425888070126733,26,29,SRC,TYR_SRC_HUMAN,DFGin,BLBplus,Type1.5_Back,5,5,5,5,5,5
7NH4A,7NH4,A,292,317,319,5.351298840369941,22,28,AKT1,AGC_AKT1_HUMAN,None,None,Allosteric,5,5,5,5,5,5
7NH5A,7NH5,A,292,317,319,5.317695045061201,21,28,AKT1,AGC_AKT1_HUMAN,None,None,Allosteric,5,5,5,5,5,5
7NJ0B,7NJ0,B,146,171,173,4.539108237817323,27,28,CDK1,CMGC_CDK1_HUMAN,DFGin,BLAminus,No_ligand,5,5,5,5,5,5
7NNSB,7NNS,B,354,383,385,8.297227643825325,32,32,ACVR1,TKL_ACVR1_HUMAN,DFGin,BLAminus,Type1,5,5,5,5,5,5
7NQQA,7NQQ,A,167,195,197,4.825310496593943,31,31,MAPK1,CMGC_MAPK1_HUMAN,DFGin,BLAminus,Type1.5_Front,5,5,5,5,5,5
7NQWA,7NQW,A,167,195,197,4.819117262329686,31,31,MAPK1,CMGC_MAPK1_HUMAN,DFGin,BLAminus,Type1.5_Front,5,5,5,5,5,5
7NR3A,7NR3,A,167,195,197,4.824031447798457,31,31,MAPK1,CMGC_MAPK1_HUMAN,DFGin,BLAminus,Type1,5,5,5,5,5,5
7NR5A,7NR5,A,167,195,197,4.691467630561728,31,31,MAPK1,CMGC_MAPK1_HUMAN,DFGin,BLAminus,Type1.5_Front,5,5,5,5,5,5
7NR8A,7NR8,A,167,195,197,4.817686373165079,31,31,MAPK1,CMGC_MAPK1_HUMAN,DFGin,BLAminus,Type1.5_Front,5,5,5,5,5,5
7NR9A,7NR9,A,167,195,197,4.771679765535403,31,31,MAPK1,CMGC_MAPK1_HUMAN,DFGin,BLAminus,Type1.5_Front,5,5,5,5,5,5
7NVR8,7NVR,8,155,180,182,4.6841693047312685,28,28,CDK7,CMGC_CDK7_HUMAN,DFGin,ABAminus,No_ligand,5,5,5,5,5,5
7O7IA,7O7I,A,344,367,369,8.039622174284817,25,26,HIPK3,CMGC_HIPK3_HUMAN,DFGin,BLAminus,No_ligand,5,5,5,5,5,5
7O7JA,7O7J,A,344,367,369,7.992356763352437,25,26,HIPK3,CMGC_HIPK3_HUMAN,DFGin,ABAminus,Type1,5,5,5,5,5,5
7O7KA,7O7K,A,307,329,331,7.030617306638739,24,25,DYRK1A,CMGC_DYRK1A_HUMAN,DFGin,BLAminus,"Type1,Allosteric",5,5,5,5,5,5
7O7KB,7O7K,B,307,329,331,7.096439035621827,24,25,DYRK1A,CMGC_DYRK1A_HUMAN,DFGin,BLAminus,"Type1,Allosteric",5,5,5,5,5,5
7OPMA,7OPM,A,167,195,197,4.688455456295094,29,31,MAPK1,CMGC_MAPK1_HUMAN,DFGin,BLAminus,Type1,5,5,5,5,5,5
7OPOA,7OPO,A,211,236,238,5.0720548913025505,26,28,RPS6KA3,AGC_RPS6KA3-1_HUMAN,DFGin,None,ATPlike,5,5,5,5,5,5
7OPOE,7OPO,E,211,236,238,5.026435368144286,26,28,RPS6KA3,AGC_RPS6KA3-1_HUMAN,DFGin,None,ATPlike,5,5,5,5,5,5
7OPOI,7OPO,I,211,236,238,5.047377047287198,25,28,RPS6KA3,AGC_RPS6KA3-1_HUMAN,DFGin,None,ATPlike,5,5,5,5,5,5
7OPOK,7OPO,K,211,236,238,5.072044834054895,26,28,RPS6KA3,AGC_RPS6KA3-1_HUMAN,DFGin,None,ATPlike,5,5,5,5,5,5
7OPOC,7OPO,C,211,236,238,5.066122189826161,28,28,RPS6KA3,AGC_RPS6KA3-1_HUMAN,DFGinter,None,ATPlike,5,5,5,5,5,5
7OPOG,7OPO,G,211,236,238,5.070303872350247,26,28,RPS6KA3,AGC_RPS6KA3-1_HUMAN,DFGinter,None,ATPlike,5,5,5,5,5,5
7OY5A,7OY5,A,200,224,226,5.56753391387938,27,27,GSK3B,CMGC_GSK3B_HUMAN,DFGin,BLAminus,Type1,5,5,5,5,5,5
7OY5B,7OY5,B,200,224,226,5.579136399284028,27,27,GSK3B,CMGC_GSK3B_HUMAN,DFGin,BLAminus,Type1,5,5,5,5,5,5
7OY6C,7OY6,C,307,329,331,7.012029201677049,24,25,DYRK1A,CMGC_DYRK1A_HUMAN,DFGin,BLAminus,Type1,5,5,5,5,5,5
7P3VB,7P3V,B,594,621,623,3.2589829068558145,30,30,BRAF,TKL_BRAF_HUMAN,DFGin,BLBminus,Type1.5_Back,5,5,5,5,5,5
7P6NA,7P6N,A,232,258,260,2.743909124466804,26,29,ROCK2,AGC_ROCK2_HUMAN,DFGin,BLAminus,Type1,5,5,5,5,5,5
7P6NB,7P6N,B,232,258,260,2.562170559152579,25,29,ROCK2,AGC_ROCK2_HUMAN,DFGin,BLAminus,Type1,5,5,5,5,5,5
7P6NC,7P6N,C,232,258,260,2.5062843627783575,23,29,ROCK2,AGC_ROCK2_HUMAN,DFGin,BLAminus,Type1,5,5,5,5,5,5
7P6ND,7P6N,D,232,258,260,2.5267425466777236,29,29,ROCK2,AGC_ROCK2_HUMAN,DFGin,BLAminus,Type1,5,5,5,5,5,5
7P6NE,7P6N,E,232,258,260,2.944131508791738,23,29,ROCK2,AGC_ROCK2_HUMAN,DFGin,BLAminus,Type1,5,5,5,5,5,5
7P6NF,7P6N,F,232,258,260,2.5301270516818968,29,29,ROCK2,AGC_ROCK2_HUMAN,DFGin,BLAminus,Type1,5,5,5,5,5,5
7P6NG,7P6N,G,232,258,260,2.9521055867761823,25,29,ROCK2,AGC_ROCK2_HUMAN,DFGin,BLAminus,Type1,5,5,5,5,5,5
7PIDA,7PID,A,184,206,208,4.8494587732132715,24,25,PRKACA,AGC_PRKACA_CRIGR,DFGin,ABAminus,Type1,5,5,5,5,5,5
7PIEA,7PIE,A,184,206,208,4.850769184292992,24,25,PRKACA,AGC_PRKACA_CRIGR,DFGin,ABAminus,Type1,5,5,5,5,5,5
7PIFA,7PIF,A,184,206,208,4.842224021744019,24,25,PRKACA,AGC_PRKACA_CRIGR,DFGin,ABAminus,Type1,5,5,5,5,5,5
7PIGA,7PIG,A,184,206,208,4.866197309220743,24,25,PRKACA,AGC_PRKACA_CRIGR,DFGin,ABAminus,Type1,5,5,5,5,5,5
7PIHA,7PIH,A,184,206,208,4.850069087029027,24,25,PRKACA,AGC_PRKACA_CRIGR,DFGin,BLAminus,Type1,5,5,5,5,5,5
7PNSA,7PNS,A,184,206,208,4.862583451249081,24,25,PRKACA,AGC_PRKACA_CRIGR,DFGin,ABAminus,Type1,5,5,5,5,5,5
7PQVA,7PQV,A,208,231,233,6.793481255622268,23,26,MAP2K1,STE_MAP2K1_HUMAN,DFGin,BLBplus,Type1,5,5,5,5,5,5
7PUEA,7PUE,A,240,265,267,4.701733489468078,20,28,SGK1,AGC_SGK1_HUMAN,DFGout,None,Type1,5,5,5,5,5,5
7PWDA,7PWD,A,335,358,360,3.963797327323605,26,26,GRK2,AGC_GRK2_HUMAN,DFGin,None,Type1,5,5,5,5,5,5
7Q4AA,7Q4A,A,182,205,207,5.947218384990772,25,26,PRP4K,CMGC_PRP4K_TOXGG,DFGout,None,Type2,5,5,5,5,5,5
7Q4AB,7Q4A,B,182,205,207,5.927180976158714,25,26,PRP4K,CMGC_PRP4K_TOXGG,DFGout,None,Type2,5,5,5,5,5,5
7Q7CA,7Q7C,A,179,203,205,6.8554581967954356,19,27,STK17B,CAMK_STK17B_HUMAN,DFGin,BLAminus,ATPlike,5,5,5,5,5,5
7Q7DA,7Q7D,A,179,203,205,6.876890298758781,27,27,STK17B,CAMK_STK17B_HUMAN,DFGin,BLAminus,ATPlike,5,5,5,5,5,5
7Q7EA,7Q7E,A,179,203,205,6.873388757049955,27,27,STK17B,CAMK_STK17B_HUMAN,DFGin,BLAminus,ATPlike,5,5,5,5,5,5
7Q7IA,7Q7I,A,994,1022,1024,4.159752712147803,29,31,JAK2,TYR_JAK2-2_HUMAN,DFGin,BLAminus,Type1.5_Back,5,5,5,5,5,5
7Q7KA,7Q7K,A,994,1022,1024,4.1614859802284085,29,31,JAK2,TYR_JAK2-2_HUMAN,DFGin,BLAminus,Type1.5_Back,5,5,5,5,5,5
7Q7LA,7Q7L,A,994,1022,1024,4.183589971046856,29,31,JAK2,TYR_JAK2-2_HUMAN,DFGin,BLAminus,Type1.5_Back,5,5,5,5,5,5
7Q7WA,7Q7W,A,994,1022,1024,4.172987158856317,29,31,JAK2,TYR_JAK2-2_HUMAN,DFGin,BLAminus,Type1.5_Back,5,5,5,5,5,5
7QG1A,7QG1,A,329,356,358,5.547364432377952,21,30,IRAK4,TKL_IRAK4_HUMAN,DFGin,BLAminus,Type1,5,5,5,5,5,5
7QG1B,7QG1,B,329,356,358,5.554672862079648,21,30,IRAK4,TKL_IRAK4_HUMAN,DFGin,BLAminus,Type1,5,5,5,5,5,5
7QG2A,7QG2,A,329,356,358,5.4914231536640825,22,30,IRAK4,TKL_IRAK4_HUMAN,DFGin,BLAminus,Type1,5,5,5,5,5,5
7QG2C,7QG2,C,329,356,358,5.494502523358527,21,30,IRAK4,TKL_IRAK4_HUMAN,DFGin,BLAminus,Type1,5,5,5,5,5,5
7QG2D,7QG2,D,329,356,358,5.513841184552951,21,30,IRAK4,TKL_IRAK4_HUMAN,DFGin,BLAminus,Type1,5,5,5,5,5,5
7QG3A,7QG3,A,329,356,358,5.520457981785514,21,30,IRAK4,TKL_IRAK4_HUMAN,DFGin,BLAminus,Type1,5,5,5,5,5,5
7QG3B,7QG3,B,329,356,358,5.504488465026229,22,30,IRAK4,TKL_IRAK4_HUMAN,DFGin,BLAminus,Type1,5,5,5,5,5,5
7QG5A,7QG5,A,329,356,358,5.498171448612643,22,30,IRAK4,TKL_IRAK4_HUMAN,DFGin,BLAminus,Type1,5,5,5,5,5,5
7QG5B,7QG5,B,329,356,358,5.476592380121633,22,30,IRAK4,TKL_IRAK4_HUMAN,DFGin,BLAminus,Type1,5,5,5,5,5,5
7QGPA,7QGP,A,175,200,202,3.641765026514558,28,28,STK10,STE_STK10_HUMAN,DFGin,BLBminus,Type1.5_Front,5,5,5,5,5,5
7QHLA,7QHL,A,145,170,172,4.705700793844574,27,28,CDK2,CMGC_CDK2_HUMAN,DFGin,BLAminus,Type1,5,5,5,5,5,5
7QHLC,7QHL,C,145,170,172,4.692649533151795,27,28,CDK2,CMGC_CDK2_HUMAN,DFGin,BLAminus,Type1,5,5,5,5,5,5
7QUEB,7QUE,B,207,231,233,7.438407612082607,21,27,STK17A,CAMK_STK17A_HUMAN,DFGin,ABAminus,Type1,5,5,5,5,5,5
7QUEA,7QUE,A,207,231,233,7.419211678110501,27,27,STK17A,CAMK_STK17A_HUMAN,DFGin,BLAminus,Type1,5,5,5,5,5,5
7QUFA,7QUF,A,207,231,233,7.412359236417383,27,27,STK17A,CAMK_STK17A_HUMAN,DFGin,ABAminus,Type1,5,5,5,5,5,5
7QUFB,7QUF,B,207,231,233,7.476725774193648,27,27,STK17A,CAMK_STK17A_HUMAN,DFGin,ABAminus,Type1,5,5,5,5,5,5
7R9LA,7R9L,A,155,180,182,3.5705920110700182,22,28,MAP4K1,STE_MAP4K1_HUMAN,DFGin,None,Type1,5,5,5,5,5,5
7R9NA,7R9N,A,155,180,182,3.71642025165633,28,28,MAP4K1,STE_MAP4K1_HUMAN,DFGin,BLAminus,Type1,5,5,5,5,5,5
7R9NB,7R9N,B,155,180,182,3.7596002786627793,28,28,MAP4K1,STE_MAP4K1_HUMAN,DFGin,BLAminus,Type1,5,5,5,5,5,5
7R9PA,7R9P,A,155,180,182,3.7421171956931323,28,28,MAP4K1,STE_MAP4K1_HUMAN,DFGin,BLAminus,Type1,5,5,5,5,5,5
7R9PB,7R9P,B,155,180,182,3.8821784229732113,28,28,MAP4K1,STE_MAP4K1_HUMAN,DFGin,BLAminus,Type1,5,5,5,5,5,5
7R9TA,7R9T,A,155,180,182,3.731195188361942,28,28,MAP4K1,STE_MAP4K1_HUMAN,DFGin,BLAminus,Type1,5,5,5,5,5,5
7R9TB,7R9T,B,155,180,182,3.7849994228930597,28,28,MAP4K1,STE_MAP4K1_HUMAN,DFGin,BLAminus,Type1,5,5,5,5,5,5
7REEA,7REE,A,994,1022,1024,4.153958290681267,28,31,JAK2,TYR_JAK2-2_HUMAN,DFGin,ABAminus,Type1,5,5,5,5,5,5
7RWFA,7RWF,A,145,170,172,4.7319887828155975,28,28,CDK2,CMGC_CDK2_HUMAN,DFGin,BLBminus,Type3,5,5,5,5,5,5
7S1NA,7S1N,A,207,231,233,5.435265184222577,22,27,MAPK10,CMGC_MAPK10_HUMAN,DFGin,ABAminus,Type1,5,5,5,5,5,5
7S26A,7S26,A,216,242,244,2.6079247531041743,23,29,ROCK1,AGC_ROCK1_HUMAN,DFGin,BLAminus,Type1,5,5,5,5,5,5
7S46A,7S46,A,458,483,485,4.86908596881509,28,28,PAK4,STE_PAK4_HUMAN,DFGin,BLAminus,ATPlike,5,5,5,5,5,5
7S47A,7S47,A,458,483,485,4.876568430025728,28,28,PAK4,STE_PAK4_HUMAN,DFGin,BLAminus,ATPlike,5,5,5,5,5,5
7S48A,7S48,A,458,483,485,4.867510510800681,27,28,PAK4,STE_PAK4_HUMAN,DFGin,BLAminus,No_ligand,5,5,5,5,5,5
7S4TA,7S4T,A,145,170,172,4.752300538490061,28,28,CDK2,CMGC_CDK2_HUMAN,DFGin,BLBminus,Type3,5,5,5,5,5,5
7S6UA,7S6U,A,170,194,196,5.979717003595108,26,27,GSK3,CMGC_GSK3_LEIIN,DFGin,BLAminus,Type1,5,5,5,5,5,5
7S6VA,7S6V,A,170,194,196,5.9574716634836875,26,27,GSK3,CMGC_GSK3_LEIIN,DFGin,BLAminus,Type1,5,5,5,5,5,5
7S7AA,7S7A,A,145,170,172,4.751196905454599,22,28,CDK2,CMGC_CDK2_HUMAN,DFGin,BLBminus,Type3,5,5,5,5,5,5
7S84A,7S84,A,145,170,172,4.779600647742879,22,28,CDK2,CMGC_CDK2_HUMAN,DFGin,BLBminus,Type3,5,5,5,5,5,5
7S85A,7S85,A,145,170,172,4.761761026490806,22,28,CDK2,CMGC_CDK2_HUMAN,DFGin,BLBminus,Type3,5,5,5,5,5,5
7SA0A,7SA0,A,145,170,172,4.769085381432595,22,28,CDK2,CMGC_CDK2_HUMAN,DFGin,BLBminus,"Type1,Type3",5,5,5,5,5,5
7SIUA,7SIU,A,155,180,182,4.310421625312698,28,28,MAP4K1,STE_MAP4K1_HUMAN,DFGin,None,Type1.5_Back,5,5,5,5,5,5
7SIUB,7SIU,B,155,180,182,4.24237659869593,28,28,MAP4K1,STE_MAP4K1_HUMAN,DFGin,None,Type1.5_Back,5,5,5,5,5,5
7SJ3A,7SJ3,A,158,182,184,5.229290254290934,26,27,CDK4,CMGC_CDK4_HUMAN,DFGin,BLAminus,Type1,5,5,5,5,5,5
7SXFA,7SXF,A,263,287,289,5.463078448952171,26,27,GSK3A,CMGC_GSK3A_HUMAN,DFGin,BLAminus,Type1,5,5,5,5,5,5
7SXGA,7SXG,A,263,287,289,5.4673098769053325,26,27,GSK3A,CMGC_GSK3A_HUMAN,DFGin,BLAminus,Type1,5,5,5,5,5,5
7SXHA,7SXH,A,200,224,226,5.470219918013005,26,27,GSK3B,CMGC_GSK3B_HUMAN,DFGin,BLAminus,Type1,5,5,5,5,5,5
7SXJA,7SXJ,A,200,224,226,5.528511069303294,26,27,GSK3B,CMGC_GSK3B_HUMAN,DFGin,BLAminus,Type1,5,5,5,5,5,5
7SZRA,7SZR,A,536,566,568,5.374613392245575,28,33,MAP3K14,STE_MAP3K14_MOUSE,DFGin,BLAminus,Type1.5_Back,5,5,5,5,5,5
7SZRB,7SZR,B,536,566,568,5.411776961830028,33,33,MAP3K14,STE_MAP3K14_MOUSE,DFGin,BLAminus,Type1.5_Back,5,5,5,5,5,5
7T3XA,7T3X,A,357,388,390,8.125207945603632,34,34,PINK1,OTHER_PINK1_PEDHC,DFGin,None,No_ligand,5,5,5,5,5,5
7T4KA,7T4K,A,357,388,390,7.937331246389469,34,34,PINK1,OTHER_PINK1_PEDHC,DFGin,BLAminus,No_ligand,5,5,5,5,5,5
7T4KB,7T4K,B,357,388,390,7.903993347010914,34,34,PINK1,OTHER_PINK1_PEDHC,DFGin,BLAminus,No_ligand,5,5,5,5,5,5
7T4LA,7T4L,A,357,388,390,7.925751672989338,34,34,PINK1,OTHER_PINK1_PEDHC,DFGin,BLAminus,No_ligand,5,5,5,5,5,5
7T4LB,7T4L,B,357,388,390,7.948877351335095,34,34,PINK1,OTHER_PINK1_PEDHC,DFGin,BLAminus,No_ligand,5,5,5,5,5,5
7T4TA,7T4T,A,517,541,543,4.869457802567294,26,27,PRKG1,AGC_PRKG1_HUMAN,DFGin,ABAminus,"Allosteric,ATPlike",5,5,5,5,5,5
7T4TB,7T4T,B,517,541,543,4.862182865023453,26,27,PRKG1,AGC_PRKG1_HUMAN,DFGin,ABAminus,"Allosteric,ATPlike",5,5,5,5,5,5
7T4UA,7T4U,A,517,541,543,5.042710632623829,26,27,PRKG1,AGC_PRKG1_HUMAN,DFGin,ABAminus,Allosteric,5,5,5,5,5,5
7T4UB,7T4U,B,517,541,543,5.032089125146923,26,27,PRKG1,AGC_PRKG1_HUMAN,DFGin,ABAminus,Allosteric,5,5,5,5,5,5
7T4VA,7T4V,A,517,541,543,5.070055871200173,26,27,PRKG1,AGC_PRKG1_HUMAN,DFGin,BLAminus,Allosteric,5,5,5,5,5,5
7T4VB,7T4V,B,517,541,543,5.0567208408568085,26,27,PRKG1,AGC_PRKG1_HUMAN,DFGin,BLAminus,Allosteric,5,5,5,5,5,5
7T4WA,7T4W,A,517,541,543,5.0337755540981854,26,27,PRKG1,AGC_PRKG1_HUMAN,DFGin,ABAminus,Allosteric,5,5,5,5,5,5
7T4WB,7T4W,B,517,541,543,5.02889981132253,26,27,PRKG1,AGC_PRKG1_HUMAN,DFGin,ABAminus,Allosteric,5,5,5,5,5,5
7T6FA,7T6F,A,1020,1048,1050,3.9774975115189943,31,31,JAK1,TYR_JAK1-12_MOUSE,DFGin,None,"Allosteric,ATPlike",5,5,5,5,5,5
7T6FB,7T6F,B,1020,1048,1050,3.977533519532552,31,31,JAK1,TYR_JAK1-12_MOUSE,DFGin,None,"Allosteric,ATPlike",5,5,5,5,5,5
7TNHA,7TNH,A,796,823,825,4.3695073124889126,30,30,CSF1R,TYR_CSF1R_HUMAN,DFGout,BBAminus,Type1,5,5,5,5,5,5
7U2ZA,7U2Z,A,200,224,226,5.558212829732252,27,27,GSK3B,CMGC_GSK3B_HUMAN,DFGin,BLAminus,Type1,5,5,5,5,5,5
7U2ZB,7U2Z,B,200,224,226,5.55413402729452,27,27,GSK3B,CMGC_GSK3B_HUMAN,DFGin,BLAminus,Type1,5,5,5,5,5,5
7U31A,7U31,A,200,224,226,5.551979419831472,27,27,GSK3B,CMGC_GSK3B_HUMAN,DFGin,BLAminus,Type1,5,5,5,5,5,5
7U31B,7U31,B,200,224,226,5.54945261687496,27,27,GSK3B,CMGC_GSK3B_HUMAN,DFGin,BLAminus,Type1,5,5,5,5,5,5
7U33A,7U33,A,200,224,226,5.551235243567458,27,27,GSK3B,CMGC_GSK3B_HUMAN,DFGin,BLAminus,Type1,5,5,5,5,5,5
7U33B,7U33,B,200,224,226,5.558118128581114,27,27,GSK3B,CMGC_GSK3B_HUMAN,DFGin,BLAminus,Type1,5,5,5,5,5,5
7U36A,7U36,A,200,224,226,5.541244698308557,27,27,GSK3B,CMGC_GSK3B_HUMAN,DFGin,BLAminus,Type1,5,5,5,5,5,5
7U36B,7U36,B,200,224,226,5.54857418398477,27,27,GSK3B,CMGC_GSK3B_HUMAN,DFGin,BLAminus,Type1,5,5,5,5,5,5
7UG1A,7UG1,A,145,170,172,4.763025475735811,25,28,CDK2,CMGC_CDK2_HUMAN,DFGin,BLBminus,"Type3,Allosteric",5,5,5,5,5,5
7UGBA,7UGB,A,167,195,197,4.705970448453763,22,31,MAPK1,CMGC_MAPK1_RAT,DFGin,BLAminus,ATPlike,5,5,5,5,5,5
7UIQA,7UIQ,A,156,181,183,7.069299093255586,28,28,CAMK2A,CAMK_CAMK2A_HUMAN,DFGin,BLAminus,No_ligand,5,5,5,5,5,5
7UIQB,7UIQ,B,156,181,183,7.0547393139949435,28,28,CAMK2A,CAMK_CAMK2A_HUMAN,DFGin,BLAminus,No_ligand,5,5,5,5,5,5
7UIRA,7UIR,A,156,181,183,7.067332538756172,28,28,CAMK2A,CAMK_CAMK2A_HUMAN,DFGin,BLAminus,ATPlike,5,5,5,5,5,5
7UIRB,7UIR,B,156,181,183,7.056189678079524,28,28,CAMK2A,CAMK_CAMK2A_HUMAN,DFGin,BLAminus,ATPlike,5,5,5,5,5,5
7UISA,7UIS,A,156,181,183,7.084301766928054,28,28,CAMK2A,CAMK_CAMK2A_HUMAN,DFGin,BLAminus,No_ligand,5,5,5,5,5,5
7UJPA,7UJP,A,156,181,183,7.0780120439338035,28,28,CAMK2A,CAMK_CAMK2A_HUMAN,DFGin,BLAminus,ATPlike,5,5,5,5,5,5
7UJPB,7UJP,B,156,181,183,7.094113124659269,28,28,CAMK2A,CAMK_CAMK2A_HUMAN,DFGin,BLAminus,ATPlike,5,5,5,5,5,5
7UJQA,7UJQ,A,156,181,183,7.027933149248012,28,28,CAMK2A,CAMK_CAMK2A_HUMAN,DFGin,BLAminus,Type1,5,5,5,5,5,5
7UJQB,7UJQ,B,156,181,183,7.065903027542253,28,28,CAMK2A,CAMK_CAMK2A_HUMAN,DFGin,BLAminus,Type1,5,5,5,5,5,5
7UJRA,7UJR,A,156,181,183,7.025679320548515,28,28,CAMK2A,CAMK_CAMK2A_HUMAN,DFGin,BLAminus,No_ligand,5,5,5,5,5,5
7UJSA,7UJS,A,156,181,183,7.107816679716309,28,28,CAMK2A,CAMK_CAMK2A_HUMAN,DFGin,BLAminus,ATPlike,5,5,5,5,5,5
7UJTA,7UJT,A,156,181,183,7.06892543615431,28,28,CAMK2A,CAMK_CAMK2A_HUMAN,DFGin,BLAminus,ATPlike,5,5,5,5,5,5
7UJXE,7UJX,E,184,206,208,4.836352254428694,24,25,PRKACA,AGC_PRKACA_MOUSE,DFGin,BLAminus,ATPlike,5,5,5,5,5,5
7UKZA,7UKZ,A,224,249,251,4.524906706223953,27,28,CDK11B,CMGC_CDK11B_HUMAN,DFGin,ABAminus,Type1,5,5,5,5,5,5
7UKZB,7UKZ,B,224,249,251,4.477675048247023,27,28,CDK11B,CMGC_CDK11B_HUMAN,DFGin,ABAminus,Type1,5,5,5,5,5,5
7UKZC,7UKZ,C,224,249,251,4.48569723864331,27,28,CDK11B,CMGC_CDK11B_HUMAN,DFGin,ABAminus,Type1,5,5,5,5,5,5
7UKZD,7UKZ,D,224,249,251,4.487043474495646,27,28,CDK11B,CMGC_CDK11B_HUMAN,DFGin,ABAminus,Type1,5,5,5,5,5,5
7UKZE,7UKZ,E,224,249,251,4.500258081557295,27,28,CDK11B,CMGC_CDK11B_HUMAN,DFGin,ABAminus,Type1,5,5,5,5,5,5
7UKZF,7UKZ,F,224,249,251,4.498356549999343,27,28,CDK11B,CMGC_CDK11B_HUMAN,DFGin,ABAminus,Type1,5,5,5,5,5,5
7UMBC,7UMB,C,208,231,233,6.794822644535918,26,26,MAP2K1,STE_MAP2K1_HUMAN,DFGin,BLBplus,"ATPlike,Type3",5,5,5,5,5,5
7UMBB,7UMB,B,803,833,835,7.106078506537882,30,33,KSR2,TKL_KSR2_HUMAN,DFGin,BLBplus,ATPlike,5,5,5,5,5,5
7UOSA,7UOS,A,368,391,393,6.611941599849557,26,26,WNK1,OTHER_WNK1_RAT,DFGin,BLBminus,Type1,5,5,5,5,5,5
7UXKA,7UXK,A,145,170,172,4.769435883620036,28,28,CDK2,CMGC_CDK2_HUMAN,DFGin,BLBtrans,No_ligand,5,5,5,5,5,5
7UY0A,7UY0,A,404,430,432,4.345120029062301,29,29,FGR,TYR_FGR_HUMAN,DFGin,BLBplus,Type1.5_Back,5,5,5,5,5,5
7UY0B,7UY0,B,404,430,432,4.372094977664458,29,29,FGR,TYR_FGR_HUMAN,DFGin,BLBplus,Type1.5_Back,5,5,5,5,5,5
7UY3A,7UY3,A,404,430,432,4.405944746483901,27,29,FGR,TYR_FGR_HUMAN,DFGout,None,Type2,5,5,5,5,5,5
7UYRA,7UYR,A,1041,1069,1071,4.152864714685411,23,31,TYK2,TYR_TYK2-2_HUMAN,DFGin,ABAminus,Type1,5,5,5,5,5,5
7UYSA,7UYS,A,1041,1069,1071,4.1326040314594845,25,31,TYK2,TYR_TYK2-2_HUMAN,DFGin,BLAminus,Type1,5,5,5,5,5,5
7UYTA,7UYT,A,1041,1069,1071,4.145766559219734,27,31,TYK2,TYR_TYK2-2_HUMAN,DFGin,BLAminus,Type1,5,5,5,5,5,5
7UYUA,7UYU,A,1041,1069,1071,4.11029387776958,22,31,TYK2,TYR_TYK2-2_HUMAN,DFGin,BLAminus,Type1,5,5,5,5,5,5
7UYVA,7UYV,A,967,995,997,4.135423356365747,29,31,JAK3,TYR_JAK3-2_HUMAN,DFGin,BLAminus,Type1,5,5,5,5,5,5
7UYVB,7UYV,B,967,995,997,4.075225222568407,29,31,JAK3,TYR_JAK3-2_HUMAN,DFGin,BLAminus,Type1,5,5,5,5,5,5
7UYVC,7UYV,C,967,995,997,4.062513366836627,29,31,JAK3,TYR_JAK3-2_HUMAN,DFGin,BLAminus,Type1,5,5,5,5,5,5
7UYVD,7UYV,D,967,995,997,4.132073271682372,24,31,JAK3,TYR_JAK3-2_HUMAN,DFGin,BLAminus,Type1,5,5,5,5,5,5
7UYWA,7UYW,A,994,1022,1024,4.194402293421565,29,31,JAK2,TYR_JAK2-2_HUMAN,DFGin,ABAminus,Type1,5,5,5,5,5,5
7V0GE,7V0G,E,184,206,208,4.829297851291307,24,25,PRKACA,AGC_PRKACA_MOUSE,DFGin,BLAminus,ATPlike,5,5,5,5,5,5
7V29A,7V29,A,630,657,659,4.2315448418828066,30,30,FGFR4,TYR_FGFR4_HUMAN,DFGin,BLAplus,Type1.5_Back,5,5,5,5,5,5
7V29B,7V29,B,630,657,659,4.2368822197643246,30,30,FGFR4,TYR_FGFR4_HUMAN,DFGin,BLAplus,Type1.5_Back,5,5,5,5,5,5
7VTOA,7VTO,A,407,432,434,4.827310265161283,27,28,PAK1,STE_PAK1_HUMAN,DFGin,BLAminus,Type1,5,5,5,5,5,5
7W5CA,7W5C,A,187,211,213,4.564035198962111,27,27,MPK4,CMGC_MPK4_ARATH,DFGin,BLAminus,ATPlike,5,5,5,5,5,5
7W5OB,7W5O,B,167,195,197,4.789752654454683,31,31,MAPK1,CMGC_MAPK1_HUMAN,DFGin,BLAminus,Allosteric,5,5,5,5,5,5
7W5OA,7W5O,A,167,195,197,4.803431944569528,31,31,MAPK1,CMGC_MAPK1_HUMAN,DFGin,BLAminus,Type1,5,5,5,5,5,5
7W7XA,7W7X,A,381,407,409,4.3915122297342295,28,29,ABL1,TYR_ABL1_HUMAN,DFGinter,BABtrans,Type1,5,5,5,5,5,5
7W7XB,7W7X,B,381,407,409,4.459892584289306,28,29,ABL1,TYR_ABL1_HUMAN,DFGinter,BABtrans,Type1,5,5,5,5,5,5
7W7YA,7W7Y,A,381,407,409,4.39330908702035,28,29,ABL1,TYR_ABL1_HUMAN,DFGinter,None,Type1,5,5,5,5,5,5
7W7YB,7W7Y,B,381,407,409,4.4757166792465926,28,29,ABL1,TYR_ABL1_HUMAN,DFGinter,None,Type1,5,5,5,5,5,5
7WCLA,7WCL,A,641,668,670,4.355014185626147,30,30,FGFR1,TYR_FGFR1_HUMAN,DFGin,BLAplus,Type1.5_Back,5,5,5,5,5,5
7WCLB,7WCL,B,641,668,670,4.527112020221579,22,30,FGFR1,TYR_FGFR1_HUMAN,DFGin,BLAplus,Type1.5_Back,5,5,5,5,5,5
7WCTA,7WCT,A,630,657,659,4.2633561857401245,30,30,FGFR4,TYR_FGFR4_HUMAN,DFGin,BLAplus,Type1,5,5,5,5,5,5
7WCWA,7WCW,A,630,657,659,4.265054328391478,30,30,FGFR4,TYR_FGFR4_HUMAN,DFGin,BLAplus,Type1,5,5,5,5,5,5
7WCXA,7WCX,A,630,657,659,4.268152764729739,30,30,FGFR4,TYR_FGFR4_HUMAN,DFGin,BLAplus,Type1,5,5,5,5,5,5
7X4UA,7X4U,A,167,195,197,4.805328062497846,31,31,MAPK1,CMGC_MAPK1_HUMAN,DFGin,BLAminus,"Type1,Allosteric,Allosteric",5,5,5,5,5,5
7XBRA,7XBR,A,205,230,232,3.8135189845113535,26,28,MKK5,STE_MKK5_ARATH,DFGin,ABAminus,No_ligand,5,5,5,5,5,5
7XBRC,7XBR,C,205,230,232,3.8263549392890353,26,28,MKK5,STE_MKK5_ARATH,DFGin,ABAminus,No_ligand,5,5,5,5,5,5
7XBRD,7XBR,D,205,230,232,3.8640058870330063,26,28,MKK5,STE_MKK5_ARATH,DFGin,ABAminus,No_ligand,5,5,5,5,5,5
7XBRF,7XBR,F,205,230,232,3.9561859827906067,26,28,MKK5,STE_MKK5_ARATH,DFGin,ABAminus,No_ligand,5,5,5,5,5,5
7XBRH,7XBR,H,205,230,232,3.8791243277892984,26,28,MKK5,STE_MKK5_ARATH,DFGin,ABAminus,No_ligand,5,5,5,5,5,5
7XBRB,7XBR,B,205,230,232,3.8709299982710017,26,28,MKK5,STE_MKK5_ARATH,DFGin,None,No_ligand,5,5,5,5,5,5
7XBRE,7XBR,E,205,230,232,3.8138636983097127,26,28,MKK5,STE_MKK5_ARATH,DFGin,None,No_ligand,5,5,5,5,5,5
7XBRG,7XBR,G,205,230,232,3.8608044515825806,26,28,MKK5,STE_MKK5_ARATH,DFGin,None,No_ligand,5,5,5,5,5,5
7XC1B,7XC1,B,167,195,197,4.793513400225825,31,31,MAPK1,CMGC_MAPK1_HUMAN,DFGin,BLAminus,Type1,5,5,5,5,5,5
7XC1A,7XC1,A,167,195,197,4.809210508911715,31,31,MAPK1,CMGC_MAPK1_HUMAN,DFGin,BLAminus,"Type1,Allosteric",5,5,5,5,5,5
7XLPA,7XLP,A,208,231,233,6.73223892583808,22,26,MAP2K1,STE_MAP2K1_HUMAN,DFGin,BLBplus,Type1.5_Back,5,5,5,5,5,5
7XNCA,7XNC,A,208,231,233,6.767216306360923,23,26,MAP2K1,STE_MAP2K1_HUMAN,DFGin,BLBplus,Type1,5,5,5,5,5,5
7XQKA,7XQK,A,145,170,172,4.701176751670997,27,28,CDK3,CMGC_CDK3_HUMAN,DFGin,BLAminus,No_ligand,5,5,5,5,5,5
7XZQA,7XZQ,A,171,196,198,3.8218047592966764,26,28,TNIK,STE_TNIK_HUMAN,DFGin,BLAminus,No_ligand,5,5,5,5,5,5
7XZRB,7XZR,B,171,196,198,3.8812595329095823,26,28,TNIK,STE_TNIK_HUMAN,DFGin,BLAminus,ATPlike,5,5,5,5,5,5
7XZRA,7XZR,A,171,196,198,3.8517585383741437,26,28,TNIK,STE_TNIK_HUMAN,DFGin,BLAminus,Type1.5_Front,5,5,5,5,5,5
7Y1GB,7Y1G,B,184,206,208,4.92975340601276,24,25,PRKACA,AGC_PRKACA_HUMAN,DFGin,ABAminus,Type1,5,5,5,5,5,5
7Y1GA,7Y1G,A,184,206,208,4.919220253100284,24,25,PRKACA,AGC_PRKACA_HUMAN,DFGin,BLAminus,Type1,5,5,5,5,5,5
7YAWA,7YAW,A,151,174,176,5.409252596055401,25,26,MAP3K20,TKL_MAP3K20_HUMAN,DFGin,BLAplus,Type1.5_Back,5,5,5,5,5,5
7YAWD,7YAW,D,151,174,176,5.4162167892393756,25,26,MAP3K20,TKL_MAP3K20_HUMAN,DFGin,BLAplus,Type1.5_Back,5,5,5,5,5,5
7YAWB,7YAW,B,151,174,176,5.46718828193005,25,26,MAP3K20,TKL_MAP3K20_HUMAN,DFGin,BLAplus,Type1.5_Front,5,5,5,5,5,5
7YAWC,7YAW,C,151,174,176,5.499524569003581,25,26,MAP3K20,TKL_MAP3K20_HUMAN,DFGin,BLAplus,Type1.5_Front,5,5,5,5,5,5
7YAZA,7YAZ,A,151,174,176,5.491449019606222,25,26,MAP3K20,TKL_MAP3K20_HUMAN,DFGin,BLAplus,Type1.5_Back,5,5,5,5,5,5
7YBOA,7YBO,A,630,657,659,4.250817451290889,30,30,FGFR4,TYR_FGFR4_HUMAN,DFGin,BLAplus,Type1,5,5,5,5,5,5
7YBPA,7YBP,A,630,657,659,4.263156572757657,30,30,FGFR4,TYR_FGFR4_HUMAN,DFGin,BLAplus,Type1,5,5,5,5,5,5
7YBXA,7YBX,A,630,657,659,4.2679774917733635,30,30,FGFR4,TYR_FGFR4_HUMAN,DFGin,BLAplus,Type1,5,5,5,5,5,5
7YC1A,7YC1,A,630,657,659,4.2703799729385254,30,30,FGFR4,TYR_FGFR4_HUMAN,DFGin,BLAplus,Type1,5,5,5,5,5,5
7YC3A,7YC3,A,630,657,659,4.256499256613858,30,30,FGFR4,TYR_FGFR4_HUMAN,DFGin,BLAplus,Type1,5,5,5,5,5,5
7YDXA,7YDX,A,156,194,196,3.1043116696955733,30,41,RIPK1,TKL_RIPK1_HUMAN,DFGout,BBAminus,Type2,5,5,5,5,5,5
7YL1A,7YL1,A,207,231,233,5.431683118417651,25,27,MAPK10,CMGC_MAPK10_HUMAN,DFGin,ABAminus,Type1,5,5,5,5,5,5
7Z1FA,7Z1F,A,200,224,226,5.49279103227032,26,27,GSK3B,CMGC_GSK3B_HUMAN,DFGin,BLAminus,Type1,5,5,5,5,5,5
7Z1FB,7Z1F,B,200,224,226,5.457056903277249,26,27,GSK3B,CMGC_GSK3B_HUMAN,DFGin,BLAminus,Type1,5,5,5,5,5,5
7Z1GA,7Z1G,A,200,224,226,5.486392185998661,27,27,GSK3B,CMGC_GSK3B_HUMAN,DFGin,BLAminus,Type1,5,5,5,5,5,5
7Z4VA,7Z4V,A,158,183,185,4.691156738613364,27,28,STK25,STE_STK25_HUMAN,DFGin,BLAminus,Type1,5,5,5,5,5,5
7Z5NA,7Z5N,A,307,329,331,7.052583326839346,24,25,DYRK1A,CMGC_DYRK1A_HUMAN,DFGin,BLAminus,Type1,5,5,5,5,5,5
7Z5NB,7Z5N,B,307,329,331,7.002324940921143,24,25,DYRK1A,CMGC_DYRK1A_HUMAN,DFGin,BLAminus,Type1,5,5,5,5,5,5
7Z5NC,7Z5N,C,307,329,331,7.067728916533759,24,25,DYRK1A,CMGC_DYRK1A_HUMAN,DFGin,BLAminus,Type1,5,5,5,5,5,5
7Z5ND,7Z5N,D,307,329,331,7.038308711452404,24,25,DYRK1A,CMGC_DYRK1A_HUMAN,DFGin,BLAminus,Type1,5,5,5,5,5,5
7Z5NE,7Z5N,E,307,329,331,7.072867323316509,24,25,DYRK1A,CMGC_DYRK1A_HUMAN,DFGin,BLAminus,Type1,5,5,5,5,5,5
7Z5NF,7Z5N,F,307,329,331,7.099426589527243,24,25,DYRK1A,CMGC_DYRK1A_HUMAN,DFGin,BLAminus,Type1,5,5,5,5,5,5
7Z5NG,7Z5N,G,307,329,331,7.109240546804244,24,25,DYRK1A,CMGC_DYRK1A_HUMAN,DFGin,BLAminus,Type1,5,5,5,5,5,5
7Z5NH,7Z5N,H,307,329,331,7.109598210179719,20,25,DYRK1A,CMGC_DYRK1A_HUMAN,DFGin,BLAminus,Type1,5,5,5,5,5,5
7ZH8A,7ZH8,A,307,329,331,7.047998385197089,24,25,DYRK1A,CMGC_DYRK1A_HUMAN,DFGin,BLAminus,"Type1,Allosteric",5,5,5,5,5,5
7ZH8B,7ZH8,B,307,329,331,7.074834559955559,24,25,DYRK1A,CMGC_DYRK1A_HUMAN,DFGin,BLAminus,"Type1,Allosteric",5,5,5,5,5,5
7ZH8C,7ZH8,C,307,329,331,7.045121933879456,24,25,DYRK1A,CMGC_DYRK1A_HUMAN,DFGin,BLAminus,"Type1,Allosteric",5,5,5,5,5,5
7ZH8D,7ZH8,D,307,329,331,7.061073855450726,24,25,DYRK1A,CMGC_DYRK1A_HUMAN,DFGin,BLAminus,"Type1,Allosteric",5,5,5,5,5,5
7ZPCA,7ZPC,A,145,170,172,4.702463740606391,28,28,CDK2,CMGC_CDK2_HUMAN,None,None,Type1,5,5,5,5,5,5
7ZW8A,7ZW8,A,810,837,839,4.390449816454296,30,30,KIT,TYR_KIT_HUMAN,DFGout,BBAminus,Type1,5,5,5,5,5,5
7ZY6A,7ZY6,A,810,837,839,4.270549653493064,30,30,KIT,TYR_KIT_HUMAN,DFGout,BBAminus,Type2,5,5,5,5,5,5
8A5JA,8A5J,A,266,291,293,4.872916184635571,26,28,STK4,STE_STK4_HUMAN,DFGin,BLAminus,Type1,5,5,5,5,5,5
8A5JB,8A5J,B,266,291,293,4.84948109479091,26,28,STK4,STE_STK4_HUMAN,None,None,Type1,5,5,5,5,5,5
8A66A,8A66,A,266,291,293,4.811833863074589,26,28,STK3,STE_STK3_HUMAN,DFGin,BLAminus,Type1,5,5,5,5,5,5
8A66B,8A66,B,266,292,294,4.846228624608279,26,29,STK3,STE_STK3_HUMAN,DFGin,BLAminus,Type1,5,5,5,5,5,5
8A8MA,8A8M,A,168,190,192,4.896561063787417,25,25,MAPK14,CMGC_MAPK14_HUMAN,None,None,Type1,5,5,5,5,5,5
8AHGA,8AHG,A,458,483,485,4.900844365236537,27,28,PAK4,STE_PAK4_HUMAN,DFGin,BLAminus,Type1,5,5,5,5,5,5
8AHHA,8AHH,A,458,483,485,4.912208404448371,27,28,PAK4,STE_PAK4_HUMAN,DFGin,BLAminus,Type1,5,5,5,5,5,5
8AHIA,8AHI,A,458,483,485,4.937043859166527,27,28,PAK4,STE_PAK4_HUMAN,DFGin,BLAminus,Type1,5,5,5,5,5,5
8AK2A,8AK2,A,3326,3350,3352,6.3808326571142455,27,27,OBSCN,CAMK_OBSCN-1_DROME,DFGin,BLAminus,No_ligand,5,5,5,5,5,5
8AK3A,8AK3,A,3326,3350,3352,6.367540754355294,27,27,OBSCN,CAMK_OBSCN-1_DROME,DFGin,BLAminus,ATPlike,5,5,5,5,5,5
8AO2A,8AO2,A,167,195,197,4.712081249561786,31,31,MAPK1,CMGC_MAPK1_HUMAN,DFGin,BLAminus,Type1,5,5,5,5,5,5
8AO3A,8AO3,A,167,195,197,4.844779681960763,31,31,MAPK1,CMGC_MAPK1_HUMAN,DFGin,BLAminus,Type1,5,5,5,5,5,5
8AO4A,8AO4,A,167,195,197,4.8303903081770985,31,31,MAPK1,CMGC_MAPK1_HUMAN,DFGin,BLAminus,Type1,5,5,5,5,5,5
8AO5A,8AO5,A,167,195,197,4.809070400904879,31,31,MAPK1,CMGC_MAPK1_HUMAN,DFGin,BLAminus,Type1,5,5,5,5,5,5
8AO6A,8AO6,A,167,195,197,4.842137662736108,31,31,MAPK1,CMGC_MAPK1_HUMAN,DFGin,BLAminus,Type1,5,5,5,5,5,5
8AO7A,8AO7,A,167,195,197,4.828547074824076,31,31,MAPK1,CMGC_MAPK1_HUMAN,DFGin,BLAminus,Type1,5,5,5,5,5,5
8AO8A,8AO8,A,167,195,197,4.78943491472569,31,31,MAPK1,CMGC_MAPK1_HUMAN,DFGin,BLAminus,Type1,5,5,5,5,5,5
8AO9A,8AO9,A,167,195,197,4.838907466252998,31,31,MAPK1,CMGC_MAPK1_HUMAN,DFGin,BLAminus,Type1,5,5,5,5,5,5
8AOAA,8AOA,A,167,195,197,4.812639162898965,31,31,MAPK1,CMGC_MAPK1_HUMAN,DFGin,BLAminus,"Type1,Allosteric",5,5,5,5,5,5
8AOBA,8AOB,A,167,195,197,4.8129565855581555,31,31,MAPK1,CMGC_MAPK1_HUMAN,DFGin,BLAminus,Type1,5,5,5,5,5,5
8AOCA,8AOC,A,167,195,197,4.834743243256074,31,31,MAPK1,CMGC_MAPK1_HUMAN,DFGin,BLAminus,Type1,5,5,5,5,5,5
8AODA,8AOD,A,167,195,197,4.840001459337138,31,31,MAPK1,CMGC_MAPK1_HUMAN,DFGin,BLAminus,"Type1,Allosteric",5,5,5,5,5,5
8AOEA,8AOE,A,167,195,197,4.83183293250789,31,31,MAPK1,CMGC_MAPK1_HUMAN,DFGin,BLAminus,Type1,5,5,5,5,5,5
8AOFA,8AOF,A,167,195,197,4.839090311007706,31,31,MAPK1,CMGC_MAPK1_HUMAN,DFGin,BLAminus,Type1,5,5,5,5,5,5
8AOGA,8AOG,A,167,195,197,4.840482531335597,31,31,MAPK1,CMGC_MAPK1_HUMAN,DFGin,BLAminus,"Allosteric,Allosteric,Type1",5,5,5,5,5,5
8AOHA,8AOH,A,167,195,197,4.839591156569385,31,31,MAPK1,CMGC_MAPK1_HUMAN,DFGin,BLAminus,"Type1,Allosteric",5,5,5,5,5,5
8AOIA,8AOI,A,167,195,197,4.829788916669867,31,31,MAPK1,CMGC_MAPK1_HUMAN,DFGin,BLAminus,"Type1,Allosteric",5,5,5,5,5,5
8AOJA,8AOJ,A,167,195,197,4.843816393966271,31,31,MAPK1,CMGC_MAPK1_HUMAN,DFGin,BLAminus,Type1,5,5,5,5,5,5
8AUZA,8AUZ,A,200,224,226,5.544069698488523,26,27,GSK3B,CMGC_GSK3B_HUMAN,DFGin,BLAminus,Type1,5,5,5,5,5,5
8AUZB,8AUZ,B,200,224,226,5.543268652065914,26,27,GSK3B,CMGC_GSK3B_HUMAN,DFGin,BLAminus,Type1,5,5,5,5,5,5
8AV1A,8AV1,A,200,224,226,5.577875313923701,26,27,GSK3B,CMGC_GSK3B_HUMAN,DFGin,BLAminus,Type1,5,5,5,5,5,5
8AV1B,8AV1,B,200,224,226,5.588180232298334,26,27,GSK3B,CMGC_GSK3B_HUMAN,DFGin,BLAminus,Type1,5,5,5,5,5,5
8B54A,8B54,A,145,170,172,4.717229215121206,27,28,CDK2,CMGC_CDK2_HUMAN,DFGin,BLAminus,Type1,5,5,5,5,5,5
8B54C,8B54,C,145,170,172,4.712955383125033,27,28,CDK2,CMGC_CDK2_HUMAN,DFGin,BLAminus,Type1,5,5,5,5,5,5
8BI2A,8BI2,A,512,540,542,4.539384818908571,30,31,SYK,TYR_SYK_HUMAN,DFGin,BLAminus,Type1,5,5,5,5,5,5
8BIKA,8BIK,A,157,181,183,4.355352701380721,27,27,PRKAA2,CAMK_PRKAA2_HUMAN,DFGin,BLAminus,"Type1,Allosteric",5,5,5,5,5,5
8BIKD,8BIK,D,157,181,183,4.378689652511648,27,27,PRKAA2,CAMK_PRKAA2_HUMAN,DFGin,BLAminus,"Type1,Allosteric",5,5,5,5,5,5
8BINA,8BIN,A,757,785,787,4.50952051855875,22,31,EPHA2,TYR_EPHA2_HUMAN,DFGin,BLAminus,Type1,5,5,5,5,5,5
8BIOA,8BIO,A,757,785,787,4.498385596417468,24,31,EPHA2,TYR_EPHA2_HUMAN,DFGin,BLAminus,Type1.5_Back,5,5,5,5,5,5
8BJTA,8BJT,A,194,219,221,4.715055437902848,28,28,PLK1,CAMK_PLK1_HUMAN,DFGin,BLAminus,Type1,5,5,5,5,5,5
8BM2A,8BM2,A,994,1022,1024,4.105591488602267,29,31,JAK2,TYR_JAK2-2_HUMAN,DFGin,BLAminus,Type1,5,5,5,5,5,5
8BM2B,8BM2,B,994,1022,1024,4.148341273961508,29,31,JAK2,TYR_JAK2-2_HUMAN,DFGin,BLAminus,Type1,5,5,5,5,5,5
8BOCA,8BOC,A,757,785,787,4.411646827885484,31,31,EPHA2,TYR_EPHA2_HUMAN,DFGout,BBAminus,Type2,5,5,5,5,5,5
8BOKA,8BOK,A,757,785,787,4.4038858584653555,31,31,EPHA2,TYR_EPHA2_HUMAN,DFGout,BBAminus,Type2,5,5,5,5,5,5
8BPVA,8BPV,A,994,1022,1024,4.1772184878306895,29,31,JAK2,TYR_JAK2-2_HUMAN,DFGin,ABAminus,Type1,5,5,5,5,5,5
8BPWA,8BPW,A,994,1022,1024,4.132558544388447,29,31,JAK2,TYR_JAK2-2_HUMAN,DFGin,ABAminus,Type1,5,5,5,5,5,5
8BPWB,8BPW,B,994,1022,1024,4.1666384762653745,29,31,JAK2,TYR_JAK2-2_HUMAN,DFGin,ABAminus,Type1,5,5,5,5,5,5
8BW9C,8BW9,C,227,250,252,5.098465394704961,26,26,DSOR1,STE_DSOR1_DROME,DFGin,BLBplus,"ATPlike,Type3",5,5,5,5,5,5
8BW9D,8BW9,D,817,844,846,8.10187069614409,30,30,KSR,TKL_KSR_DROME,None,None,No_ligand,5,5,5,5,5,5
8BX6A,8BX6,A,994,1022,1024,4.166994934496035,29,31,JAK2,TYR_JAK2-2_HUMAN,DFGin,BLAminus,Type1,5,5,5,5,5,5
8BX9A,8BX9,A,994,1022,1024,4.170072525369363,29,31,JAK2,TYR_JAK2-2_HUMAN,DFGin,ABAminus,Type1,5,5,5,5,5,5
8BX9B,8BX9,B,994,1022,1024,4.177543728296413,29,31,JAK2,TYR_JAK2-2_HUMAN,DFGin,ABAminus,Type1,5,5,5,5,5,5
8BXCA,8BXC,A,994,1022,1024,4.164374098099775,29,31,JAK2,TYR_JAK2-2_HUMAN,DFGin,ABAminus,Type1,5,5,5,5,5,5
8BXCB,8BXC,B,994,1022,1024,4.157005707255114,29,31,JAK2,TYR_JAK2-2_HUMAN,DFGin,ABAminus,Type1,5,5,5,5,5,5
8BXHA,8BXH,A,994,1022,1024,4.17545524142202,29,31,JAK2,TYR_JAK2-2_HUMAN,DFGin,ABAminus,Type1,5,5,5,5,5,5
8BYAA,8BYA,A,145,170,172,4.749760834416997,27,28,CDK2,CMGC_CDK2_HUMAN,DFGin,None,No_ligand,5,5,5,5,5,5
8BZOA,8BZO,A,145,170,172,4.686368767216769,27,28,CDK2,CMGC_CDK2_HUMAN,DFGin,ABAminus,No_ligand,5,5,5,5,5,5
8BZPA,8BZP,A,207,231,233,5.336675085329282,22,27,MAPK10,CMGC_MAPK10_HUMAN,DFGin,ABAminus,"Type1,Allosteric",5,5,5,5,5,5
8C2ZA,8C2Z,A,259,281,283,7.042877203607188,24,25,DYRK1B,CMGC_DYRK1B_HUMAN,DFGin,BLAminus,Type1,5,5,5,5,5,5
8C3GA,8C3G,A,307,329,331,7.012840099006168,24,25,DYRK1A,CMGC_DYRK1A_HUMAN,DFGin,BLAminus,Type1,5,5,5,5,5,5
8C3GB,8C3G,B,307,329,331,7.089200403602307,24,25,DYRK1A,CMGC_DYRK1A_HUMAN,DFGin,BLAminus,Type1,5,5,5,5,5,5
8C3GC,8C3G,C,307,329,331,7.042505257920037,24,25,DYRK1A,CMGC_DYRK1A_HUMAN,DFGin,BLAminus,Type1,5,5,5,5,5,5
8C3GD,8C3G,D,307,329,331,7.077426504498556,24,25,DYRK1A,CMGC_DYRK1A_HUMAN,DFGin,BLAminus,Type1,5,5,5,5,5,5
8C3QA,8C3Q,A,307,329,331,7.055834250360657,24,25,DYRK1A,CMGC_DYRK1A_HUMAN,DFGin,BLAminus,Type1.5_Back,5,5,5,5,5,5
8C3QB,8C3Q,B,307,329,331,7.0704570759465275,24,25,DYRK1A,CMGC_DYRK1A_HUMAN,DFGin,BLAminus,Type1.5_Back,5,5,5,5,5,5
8C3RA,8C3R,A,307,329,331,7.07143058445139,24,25,DYRK1A,CMGC_DYRK1A_HUMAN,DFGin,BLAminus,Type1,5,5,5,5,5,5
8C3RB,8C3R,B,307,329,331,7.056243236328929,24,25,DYRK1A,CMGC_DYRK1A_HUMAN,DFGin,BLAminus,Type1,5,5,5,5,5,5
8C7WA,8C7W,A,354,383,385,8.224779600876783,32,32,ACVR1,TKL_ACVR1_HUMAN,DFGin,BLAminus,Type1,5,5,5,5,5,5
8C7XA,8C7X,A,594,621,623,1.27703603820949,30,30,BRAF,TKL_BRAF_HUMAN,DFGout,BBAminus,Type2,5,5,5,5,5,5
8C7YA,8C7Y,A,594,621,623,1.25417848201598,30,30,BRAF,TKL_BRAF_HUMAN,DFGout,BBAminus,Type2,5,5,5,5,5,5
8C7ZA,8C7Z,A,354,383,385,8.200623924085216,32,32,ACVR1,TKL_ACVR1_HUMAN,DFGin,BLAminus,Type1,5,5,5,5,5,5
8CGCA,8CGC,A,796,823,825,4.378030589787759,30,30,CSF1R,TYR_CSF1R_HUMAN,DFGout,BBAminus,"Allosteric,Type1",5,5,5,5,5,5
8CHFE,8CHF,E,208,231,233,6.9843550405857195,26,26,MAP2K1,STE_MAP2K1_HUMAN,DFGin,BLBminus,No_ligand,5,5,5,5,5,5
8CHFF,8CHF,F,208,231,233,6.984371839719014,26,26,MAP2K1,STE_MAP2K1_HUMAN,DFGin,BLBminus,No_ligand,5,5,5,5,5,5
8CHFA,8CHF,A,486,513,515,1.3572266568021358,24,30,RAF1,TKL_RAF1_HUMAN,DFGin,None,Type1,5,5,5,5,5,5
8CHFB,8CHF,B,486,513,515,1.3572359672388075,24,30,RAF1,TKL_RAF1_HUMAN,DFGin,None,Type1,5,5,5,5,5,5
8CIEA,8CIE,A,153,179,181,5.200075835447904,29,29,CDKL5,CMGC_CDKL5_HUMAN,DFGin,BLAminus,Type1,5,5,5,5,5,5
8D6CA,8D6C,A,251,275,277,6.600236862535323,23,27,PKMYT1,OTHER_PKMYT1_HUMAN,DFGin,BLAminus,Type1,5,5,5,5,5,5
8D6CB,8D6C,B,251,275,277,6.581234482888107,24,27,PKMYT1,OTHER_PKMYT1_HUMAN,DFGin,BLAminus,Type1,5,5,5,5,5,5
8D6DB,8D6D,B,251,275,277,6.574412731642743,21,27,PKMYT1,OTHER_PKMYT1_HUMAN,DFGin,BLAminus,Type1,5,5,5,5,5,5
8D6DA,8D6D,A,251,275,277,6.620325753721595,22,27,PKMYT1,OTHER_PKMYT1_HUMAN,DFGin,BLAminus,Type1.5_Back,5,5,5,5,5,5
8D6EB,8D6E,B,251,275,277,6.6274706122912335,27,27,PKMYT1,OTHER_PKMYT1_HUMAN,DFGin,BLAminus,Type1,5,5,5,5,5,5
8D6EA,8D6E,A,251,275,277,6.580975695006142,24,27,PKMYT1,OTHER_PKMYT1_HUMAN,DFGin,BLAminus,Type1.5_Back,5,5,5,5,5,5
8D6FA,8D6F,A,251,275,277,6.618318195121457,21,27,PKMYT1,OTHER_PKMYT1_HUMAN,DFGin,BLAminus,Type1.5_Back,5,5,5,5,5,5
8D6FB,8D6F,B,251,275,277,6.5635215715077955,21,27,PKMYT1,OTHER_PKMYT1_HUMAN,DFGin,BLAminus,Type1.5_Back,5,5,5,5,5,5
8DGSB,8DGS,B,208,231,233,6.697429252633522,26,26,MAP2K1,STE_MAP2K1_HUMAN,DFGin,BLBplus,"ATPlike,Type1",5,5,5,5,5,5
8DGSA,8DGS,A,594,621,623,1.102768629271086,30,30,BRAF,TKL_BRAF_HUMAN,DFGin,BLBplus,ATPlike,5,5,5,5,5,5
8DGTB,8DGT,B,208,231,233,6.85018992420175,26,26,MAP2K1,STE_MAP2K1_HUMAN,DFGin,BLBplus,"ATPlike,Type3",5,5,5,5,5,5
8DGTA,8DGT,A,594,621,623,1.1784769589993929,30,30,BRAF,TKL_BRAF_HUMAN,DFGin,BLBplus,ATPlike,5,5,5,5,5,5
8DJCA,8DJC,A,200,224,226,5.572067476836979,27,27,GSK3B,CMGC_GSK3B_HUMAN,DFGin,BLAminus,Type1,5,5,5,5,5,5
8DJCB,8DJC,B,200,224,226,5.580497609179074,27,27,GSK3B,CMGC_GSK3B_HUMAN,DFGin,BLAminus,Type1,5,5,5,5,5,5
8DJDA,8DJD,A,200,224,226,5.534732811861951,27,27,GSK3B,CMGC_GSK3B_HUMAN,DFGin,BLAminus,Type1,5,5,5,5,5,5
8DJDB,8DJD,B,200,224,226,5.532450359517997,27,27,GSK3B,CMGC_GSK3B_HUMAN,DFGin,BLAminus,Type1,5,5,5,5,5,5
8DJEA,8DJE,A,200,224,226,5.562489864429536,27,27,GSK3B,CMGC_GSK3B_HUMAN,DFGin,BLAminus,Type1,5,5,5,5,5,5
8DJEB,8DJE,B,200,224,226,5.553484272355411,27,27,GSK3B,CMGC_GSK3B_HUMAN,DFGin,BLAminus,Type1,5,5,5,5,5,5
8DKSA,8DKS,A,329,356,358,5.5312215596411,22,30,IRAK4,TKL_IRAK4_HUMAN,DFGin,BLAminus,Type1,5,5,5,5,5,5
8DKSB,8DKS,B,329,356,358,5.532673931470619,23,30,IRAK4,TKL_IRAK4_HUMAN,DFGin,BLAminus,Type1,5,5,5,5,5,5
8DQTA,8DQT,A,223,250,252,4.91782400427725,29,30,PDPK1,AGC_PDPK1_HUMAN,DFGin,BLAminus,"Allosteric,Allosteric,Allosteric",5,5,5,5,5,5
8E1XA,8E1X,A,644,671,673,4.357554474642623,25,30,FGFR2,TYR_FGFR2_HUMAN,DFGin,BLAplus,Type1,5,5,5,5,5,5
8E1XB,8E1X,B,644,671,673,4.348780154684007,28,30,FGFR2,TYR_FGFR2_HUMAN,DFGin,BLAplus,Type1,5,5,5,5,5,5
8E4TA,8E4T,A,1684,1710,1712,4.589190859390287,24,29,RTKC8,TYR_RTKC8_MONBE,DFGin,BLAminus,"Type1,Allosteric",5,5,5,5,5,5
8ELCA,8ELC,A,169,193,195,5.271062455432446,27,27,MAPK9,CMGC_MAPK9_HUMAN,DFGin,ABAminus,Type1,5,5,5,5,5,5
8EM8A,8EM8,A,682,704,706,4.636921082323721,25,25,PKG,AGC_PKG_PLAF7,DFGin,ABAminus,Type1,5,5,5,5,5,5
8ENJA,8ENJ,A,207,231,233,5.472964434061074,22,27,MAPK10,CMGC_MAPK10_HUMAN,DFGin,ABAminus,Type1,5,5,5,5,5,5
8EQ5A,8EQ5,A,211,236,238,5.134130414416182,26,28,RPS6KA3,AGC_RPS6KA3-1_HUMAN,DFGout,None,Type1,5,5,5,5,5,5
8ERDA,8ERD,A,145,170,172,4.752172453551203,28,28,CDK2,CMGC_CDK2_HUMAN,DFGin,BLBminus,Type1,5,5,5,5,5,5
8ERNA,8ERN,A,145,170,172,4.737559701464184,28,28,CDK2,CMGC_CDK2_HUMAN,DFGin,BLBtrans,Type1,5,5,5,5,5,5
8EWYA,8EWY,A,1020,1048,1050,4.148919611476132,31,31,JAK1,TYR_JAK1-12_MOUSE,None,None,"Allosteric,ATPlike",5,5,5,5,5,5
8EWYB,8EWY,B,1020,1048,1050,4.148935164272553,31,31,JAK1,TYR_JAK1-12_MOUSE,None,None,"Allosteric,ATPlike",5,5,5,5,5,5
8F7PB,8F7P,B,594,621,623,1.0496199561924417,24,30,BRAF,TKL_BRAF_HUMAN,DFGout,BBAminus,Type2,5,5,5,5,5,5
8FD9A,8FD9,A,539,565,567,4.366740803197738,29,29,BTK,TYR_BTK_MOUSE,DFGin,BLBplus,Type1.5_Back,5,5,5,5,5,5
8FE2A,8FE2,A,239,261,263,4.942129246563282,24,25,PRKACA,AGC_PRKACA_HUMAN,DFGin,BLAminus,Type1,5,5,5,5,5,5
8FE2B,8FE2,B,239,261,263,4.904516428797502,24,25,PRKACA,AGC_PRKACA_HUMAN,DFGin,BLAminus,Type1,5,5,5,5,5,5
8FE5A,8FE5,A,239,261,263,4.919164722629702,24,25,PRKACA,AGC_PRKACA_HUMAN,DFGin,BLAminus,Type1,5,5,5,5,5,5
8FE5B,8FE5,B,239,261,263,4.901644564194021,24,25,PRKACA,AGC_PRKACA_HUMAN,DFGin,BLAminus,Type1,5,5,5,5,5,5
8FE9A,8FE9,A,270,298,300,4.808571090500655,31,31,TNK2,TYR_TNK2_HUMAN,DFGin,ABAminus,Type1,5,5,5,5,5,5
8FECA,8FEC,A,239,261,263,4.959838689931155,24,25,PRKACA,AGC_PRKACA_HUMAN,DFGin,BLAminus,Type1,5,5,5,5,5,5
8FECB,8FEC,B,239,261,263,4.961064386617401,24,25,PRKACA,AGC_PRKACA_HUMAN,DFGin,BLAminus,Type1,5,5,5,5,5,5
8FF0A,8FF0,A,539,565,567,4.361333211935133,29,29,BTK,TYR_BTK_MOUSE,DFGin,BLBplus,Type1.5_Back,5,5,5,5,5,5
8FF8A,8FF8,A,200,224,226,5.541515853754701,27,27,GSK3B,CMGC_GSK3B_HUMAN,DFGin,BLAminus,Type1,5,5,5,5,5,5
8FF8B,8FF8,B,200,224,226,5.542357385359522,27,27,GSK3B,CMGC_GSK3B_HUMAN,DFGin,BLAminus,Type1,5,5,5,5,5,5
8FH4A,8FH4,A,155,180,182,3.605915506960309,28,28,MAP4K1,STE_MAP4K1_HUMAN,DFGin,BLAminus,Type1,5,5,5,5,5,5
8FH4B,8FH4,B,155,180,182,3.6318657956832503,28,28,MAP4K1,STE_MAP4K1_HUMAN,DFGin,BLAminus,Type1,5,5,5,5,5,5
8FH4C,8FH4,C,155,180,182,3.752843584722027,28,28,MAP4K1,STE_MAP4K1_HUMAN,DFGin,BLAminus,Type1,5,5,5,5,5,5
8FH4D,8FH4,D,155,180,182,3.3876569669335646,24,28,MAP4K1,STE_MAP4K1_HUMAN,DFGin,BLAminus,Type1,5,5,5,5,5,5
8FJZA,8FJZ,A,155,180,182,3.9436119327731065,28,28,MAP4K1,STE_MAP4K1_HUMAN,DFGin,BLAminus,Type1,5,5,5,5,5,5
8FJZB,8FJZ,B,155,180,182,3.779958496142031,24,28,MAP4K1,STE_MAP4K1_HUMAN,DFGin,BLAminus,Type1,5,5,5,5,5,5
8FJZC,8FJZ,C,155,180,182,3.8034779901869316,28,28,MAP4K1,STE_MAP4K1_HUMAN,DFGin,BLAminus,Type1,5,5,5,5,5,5
8FJZD,8FJZ,D,155,180,182,3.9079690972425003,23,28,MAP4K1,STE_MAP4K1_HUMAN,DFGin,BLAminus,Type1,5,5,5,5,5,5
8FJZE,8FJZ,E,155,180,182,3.744875273312279,28,28,MAP4K1,STE_MAP4K1_HUMAN,DFGin,BLAminus,Type1,5,5,5,5,5,5
8FJZF,8FJZ,F,155,180,182,3.910638183869812,28,28,MAP4K1,STE_MAP4K1_HUMAN,DFGin,BLAminus,Type1,5,5,5,5,5,5
8FKOA,8FKO,A,155,180,182,3.9636580911736194,28,28,MAP4K1,STE_MAP4K1_HUMAN,DFGin,BLAminus,Type1,5,5,5,5,5,5
8FKOB,8FKO,B,155,180,182,3.62395612066307,21,28,MAP4K1,STE_MAP4K1_HUMAN,DFGin,BLAminus,Type1,5,5,5,5,5,5
8FKOC,8FKO,C,155,180,182,3.8390201328199587,28,28,MAP4K1,STE_MAP4K1_HUMAN,DFGin,BLAminus,Type1,5,5,5,5,5,5
8FKOD,8FKO,D,155,180,182,3.895394481352751,23,28,MAP4K1,STE_MAP4K1_HUMAN,DFGin,BLAminus,Type1,5,5,5,5,5,5
8FKOE,8FKO,E,155,180,182,3.7352515261608237,28,28,MAP4K1,STE_MAP4K1_HUMAN,DFGin,BLAminus,Type1,5,5,5,5,5,5
8FKOF,8FKO,F,155,180,182,3.6516732606657385,28,28,MAP4K1,STE_MAP4K1_HUMAN,None,None,No_ligand,5,5,5,5,5,5
8FO2E,8FO2,E,2017,2040,2042,7.6821524826220555,23,26,LRRK2,TKL_LRRK2_HUMAN,DFGinter,None,ATPlike,5,5,5,5,5,5
8FO7C,8FO7,C,2017,2040,2042,7.740791147594495,26,26,LRRK2,TKL_LRRK2_HUMAN,DFGin,BLAminus,Type1,5,5,5,5,5,5
8FO8C,8FO8,C,2017,2040,2042,7.686003065821328,23,26,LRRK2,TKL_LRRK2_HUMAN,DFGinter,None,ATPlike,5,5,5,5,5,5
8FO8E,8FO8,E,2017,2040,2042,7.691524730988864,23,26,LRRK2,TKL_LRRK2_HUMAN,DFGinter,None,ATPlike,5,5,5,5,5,5
8FO9A,8FO9,A,2017,2040,2042,7.790820079819203,26,26,LRRK2,TKL_LRRK2_HUMAN,DFGin,BLAminus,ATPlike,5,5,5,5,5,5
8FO9C,8FO9,C,2017,2040,2042,7.791953794195825,26,26,LRRK2,TKL_LRRK2_HUMAN,DFGin,BLAminus,ATPlike,5,5,5,5,5,5
8FO9F,8FO9,F,2017,2040,2042,7.6563137000571535,23,26,LRRK2,TKL_LRRK2_HUMAN,DFGinter,None,ATPlike,5,5,5,5,5,5
8FO9E,8FO9,E,2017,2040,2042,7.658625483343923,23,26,LRRK2,TKL_LRRK2_HUMAN,DFGout,None,ATPlike,5,5,5,5,5,5
8FP1A,8FP1,A,497,522,524,4.8790575112788686,27,28,PRKCH,AGC_PRKCH_HUMAN,DFGin,BLAminus,Type1,5,5,5,5,5,5
8FP3A,8FP3,A,497,522,524,4.8973638852529575,27,28,PRKCH,AGC_PRKCH_HUMAN,DFGin,BLAminus,Type1,5,5,5,5,5,5
8FP5A,8FP5,A,145,170,172,4.713131166837143,28,28,CDK2,CMGC_CDK2_HUMAN,DFGin,BLBtrans,ATPlike,5,5,5,5,5,5
8FX4D,8FX4,D,609,625,627,4.431502262583566,16,19,GUCY2C,RGC_GUCY2C_HUMAN,None,None,No_ligand,5,5,5,5,5,5
8G6ZA,8G6Z,A,994,1022,1024,4.173050065440164,28,31,JAK2,TYR_JAK2-2_HUMAN,DFGin,ABAminus,Type1,5,5,5,5,5,5
8G6ZB,8G6Z,B,994,1022,1024,4.172881951611599,28,31,JAK2,TYR_JAK2-2_HUMAN,DFGin,ABAminus,Type1,5,5,5,5,5,5
8G8OA,8G8O,A,994,1022,1024,4.214400297945719,29,31,JAK2,TYR_JAK2-2_HUMAN,DFGin,ABAminus,Type1,5,5,5,5,5,5
8G8OB,8G8O,B,994,1022,1024,4.197147690727375,26,31,JAK2,TYR_JAK2-2_HUMAN,DFGin,ABAminus,Type1,5,5,5,5,5,5
8G8XA,8G8X,A,994,1022,1024,4.156514178276032,29,31,JAK2,TYR_JAK2-2_HUMAN,DFGin,ABAminus,Type1,5,5,5,5,5,5
8G8XB,8G8X,B,994,1022,1024,4.167424192009815,26,31,JAK2,TYR_JAK2-2_HUMAN,DFGin,ABAminus,Type1,5,5,5,5,5,5
8GDSA,8GDS,A,232,258,260,2.8230444017188248,27,29,ROCK2,AGC_ROCK2_HUMAN,DFGout,BBAminus,Type1,5,5,5,5,5,5
8GDSB,8GDS,B,232,258,260,2.96151996955248,26,29,ROCK2,AGC_ROCK2_HUMAN,DFGout,BBAminus,Type1,5,5,5,5,5,5
8GDSC,8GDS,C,232,258,260,2.874621542967118,25,29,ROCK2,AGC_ROCK2_HUMAN,DFGout,BBAminus,Type1,5,5,5,5,5,5
8GDSD,8GDS,D,232,258,260,2.852134985826482,24,29,ROCK2,AGC_ROCK2_HUMAN,DFGout,BBAminus,Type1.5_Front,5,5,5,5,5,5
8GMBA,8GMB,A,539,565,567,4.388546505152437,29,29,BTK,TYR_BTK_MOUSE,DFGin,BLBplus,Type1,5,5,5,5,5,5
8GMCA,8GMC,A,194,227,229,4.547671994576149,36,36,AAK1,OTHER_AAK1_HUMAN,DFGin,BLAminus,Type1,5,5,5,5,5,5
8GMCB,8GMC,B,194,227,229,4.499383674449022,36,36,AAK1,OTHER_AAK1_HUMAN,DFGin,BLAminus,Type1,5,5,5,5,5,5
8GMDA,8GMD,A,194,227,229,4.489908157326017,36,36,AAK1,OTHER_AAK1_HUMAN,DFGin,BLAminus,Type1,5,5,5,5,5,5
8GMDB,8GMD,B,194,227,229,4.500212137932209,36,36,AAK1,OTHER_AAK1_HUMAN,DFGin,BLAminus,Type1,5,5,5,5,5,5
8GW3A,8GW3,A,175,197,199,6.097631054277148,25,25,MAP3K7,TKL_MAP3K7_HUMAN,DFGin,None,No_ligand,5,5,5,5,5,5
8GW3B,8GW3,B,175,197,199,6.089651509871248,25,25,MAP3K7,TKL_MAP3K7_HUMAN,DFGinter,None,No_ligand,5,5,5,5,5,5
8GW3C,8GW3,C,175,197,199,6.033465378295339,22,25,MAP3K7,TKL_MAP3K7_HUMAN,DFGinter,None,No_ligand,5,5,5,5,5,5
8GW3D,8GW3,D,175,197,199,6.06431078730294,22,25,MAP3K7,TKL_MAP3K7_HUMAN,DFGinter,None,No_ligand,5,5,5,5,5,5
8H4RA,8H4R,A,145,170,172,4.699424543509484,27,28,CDK3,CMGC_CDK3_HUMAN,DFGin,BLAminus,Type1,5,5,5,5,5,5
8H59A,8H59,A,167,196,198,4.61491483911679,32,32,MPS1,CMGC_MPS1_PYRO7,DFGin,BLAminus,Type1.5_Front,5,5,5,5,5,5
8H6PA,8H6P,A,145,170,172,4.710038244401427,27,28,CDK2,CMGC_CDK2_HUMAN,DFGin,BLAminus,Type1,5,5,5,5,5,5
8H6TA,8H6T,A,145,170,172,4.731007787239523,27,28,CDK2,CMGC_CDK2_HUMAN,DFGin,BLAminus,Type1,5,5,5,5,5,5
8H75A,8H75,A,644,671,673,4.1139213187795765,29,30,FGFR2,TYR_FGFR2_HUMAN,DFGin,BLAminus,Type1,5,5,5,5,5,5
8H75B,8H75,B,644,671,673,4.152524539146372,29,30,FGFR2,TYR_FGFR2_HUMAN,DFGin,BLAminus,Type1,5,5,5,5,5,5
8H75C,8H75,C,644,671,673,4.0681937623785425,24,30,FGFR2,TYR_FGFR2_HUMAN,DFGin,BLAminus,Type1,5,5,5,5,5,5
8H75D,8H75,D,644,671,673,4.183404946260346,26,30,FGFR2,TYR_FGFR2_HUMAN,DFGin,BLAminus,Type1,5,5,5,5,5,5
8H7FA,8H7F,A,381,407,409,4.381613319293896,28,29,ABL1,TYR_ABL1_HUMAN,DFGinter,None,Type1,5,5,5,5,5,5
8H7FB,8H7F,B,381,407,409,4.424875197947684,28,29,ABL1,TYR_ABL1_HUMAN,DFGinter,None,Type1,5,5,5,5,5,5
8H7HA,8H7H,A,381,407,409,4.401383210308046,28,29,ABL1,TYR_ABL1_HUMAN,DFGinter,None,Type1,5,5,5,5,5,5
8H7HB,8H7H,B,381,407,409,4.555521639527139,28,29,ABL1,TYR_ABL1_HUMAN,DFGinter,None,Type1,5,5,5,5,5,5
8HLTA,8HLT,A,295,317,319,6.720330666207894,24,25,DYRK2,CMGC_DYRK2_HUMAN,DFGin,BLAminus,Type1,5,5,5,5,5,5
8HLTB,8HLT,B,295,317,319,6.67891821130963,24,25,DYRK2,CMGC_DYRK2_HUMAN,DFGin,None,Type1,5,5,5,5,5,5
8HMTA,8HMT,A,270,298,300,4.723700114116985,31,31,TNK2,TYR_TNK2_HUMAN,DFGin,ABAminus,Type1.5_Back,5,5,5,5,5,5
8HMTB,8HMT,B,270,298,300,4.7172010171161896,31,31,TNK2,TYR_TNK2_HUMAN,DFGin,ABAminus,Type1.5_Back,5,5,5,5,5,5
8HMTC,8HMT,C,270,298,300,4.743720902159051,31,31,TNK2,TYR_TNK2_HUMAN,DFGin,ABAminus,Type1.5_Back,5,5,5,5,5,5
8HMTD,8HMT,D,270,298,300,4.722590243033292,31,31,TNK2,TYR_TNK2_HUMAN,DFGin,None,Type1.5_Back,5,5,5,5,5,5
8HO6A,8HO6,A,166,193,195,5.340277488714472,25,30,NCGRLOCUS634,TKL_NCGRLOCUS634_9POAL,DFGin,BLAminus,ATPlike,5,5,5,5,5,5
8HODA,8HOD,A,168,195,197,5.50727075400553,21,30,RIPK,TKL_RIPK_9POAL,DFGin,BLBplus,ATPlike,5,5,5,5,5,5
8I2NA,8I2N,A,156,194,196,3.133888310036006,31,41,RIPK1,TKL_RIPK1_HUMAN,DFGout,BBAminus,Type1,5,5,5,5,5,5
8I7SA,8I7S,A,381,407,409,4.396003891733001,28,29,ABL1,TYR_ABL1_HUMAN,DFGinter,None,Type1,5,5,5,5,5,5
8I7SB,8I7S,B,381,407,409,4.534109172180497,28,29,ABL1,TYR_ABL1_HUMAN,DFGinter,None,Type1,5,5,5,5,5,5
8I7TB,8I7T,B,381,407,409,4.551495632653281,28,29,ABL1,TYR_ABL1_HUMAN,DFGout,None,Type1,5,5,5,5,5,5
8I7TA,8I7T,A,381,407,409,4.429211436091792,28,29,ABL1,TYR_ABL1_HUMAN,DFGout,None,Type1.5_Back,5,5,5,5,5,5
8I7ZB,8I7Z,B,381,407,409,4.534084338178147,28,29,ABL1,TYR_ABL1_HUMAN,DFGinter,None,Type1,5,5,5,5,5,5
8I7ZA,8I7Z,A,381,407,409,4.399290401651358,28,29,ABL1,TYR_ABL1_HUMAN,DFGinter,None,"Type1,Type1",5,5,5,5,5,5
8IE5A,8IE5,A,161,185,187,7.585384500552018,27,27,DAPK1,CAMK_DAPK1_HUMAN,DFGin,BLAminus,Type1.5_Back,5,5,5,5,5,5
8IE6A,8IE6,A,161,185,187,7.601357364823135,27,27,DAPK1,CAMK_DAPK1_HUMAN,DFGin,BLAminus,Type1,5,5,5,5,5,5
8IE7A,8IE7,A,161,185,187,7.579944682550403,27,27,DAPK1,CAMK_DAPK1_HUMAN,DFGin,BLAminus,Type1,5,5,5,5,5,5
8IE8A,8IE8,A,161,185,187,7.582335351036401,27,27,DAPK1,CAMK_DAPK1_HUMAN,DFGin,BLAminus,Type1,5,5,5,5,5,5
8JFKC,8JFK,C,168,192,194,4.442576595832691,27,27,PHKG1,CAMK_PHKG1_HUMAN,DFGin,BLAminus,No_ligand,5,5,5,5,5,5
8JFKG,8JFK,G,168,192,194,4.4414855244913225,27,27,PHKG1,CAMK_PHKG1_HUMAN,DFGin,BLAminus,No_ligand,5,5,5,5,5,5
8JFKK,8JFK,K,168,192,194,4.440349215385443,27,27,PHKG1,CAMK_PHKG1_HUMAN,DFGin,BLAminus,No_ligand,5,5,5,5,5,5
8JFKO,8JFK,O,168,192,194,4.441219845597728,27,27,PHKG1,CAMK_PHKG1_HUMAN,DFGin,BLAminus,No_ligand,5,5,5,5,5,5
8JMZA,8JMZ,A,641,668,670,4.3914064340516115,30,30,FGFR1,TYR_FGFR1_HUMAN,DFGin,BLAplus,Type1,5,5,5,5,5,5
8JMZB,8JMZ,B,641,668,670,4.507612546700203,27,30,FGFR1,TYR_FGFR1_HUMAN,DFGin,BLAplus,Type1,5,5,5,5,5,5
8JN8A,8JN8,A,407,433,435,4.362703521067776,29,29,SRC,TYR_SRC_HUMAN,DFGin,BLBplus,Allosteric,5,5,5,5,5,5
8JN9A,8JN9,A,407,433,435,4.347916153736709,29,29,SRC,TYR_SRC_HUMAN,DFGin,BLBplus,Allosteric,5,5,5,5,5,5
8JOTA,8JOT,A,796,823,825,4.434466017190786,29,30,CSF1R,TYR_CSF1R_HUMAN,DFGout,BBAminus,Type1,5,5,5,5,5,5
8JPBG,8JPB,G,335,358,360,4.0035243969355525,26,26,GRK2,AGC_GRK2_BOVIN,DFGin,ABAminus,Type1,5,5,5,5,5,5
8JPCG,8JPC,G,335,358,360,3.994658680322545,26,26,GRK2,AGC_GRK2_BOVIN,DFGin,ABAminus,Type1,5,5,5,5,5,5
8JPDG,8JPD,G,335,358,360,3.994620205738013,26,26,GRK2,AGC_GRK2_BOVIN,DFGin,ABAminus,Type1,5,5,5,5,5,5
8KH6A,8KH6,A,630,657,659,4.262191865586091,30,30,FGFR4,TYR_FGFR4_HUMAN,DFGin,BLAplus,Type1,5,5,5,5,5,5
8KH7A,8KH7,A,630,657,659,4.243884095917601,30,30,FGFR4,TYR_FGFR4_HUMAN,DFGin,BLAplus,Type1,5,5,5,5,5,5
8KH8A,8KH8,A,630,657,659,4.25412406583401,30,30,FGFR4,TYR_FGFR4_HUMAN,DFGin,BLAplus,Type1,5,5,5,5,5,5
8KH9A,8KH9,A,630,657,659,4.258877363792333,30,30,FGFR4,TYR_FGFR4_HUMAN,DFGin,BLBplus,Type1,5,5,5,5,5,5
8OKUA,8OKU,A,206,230,232,4.263957080456407,27,27,SIK3,CAMK_SIK3_HUMAN,DFGin,BLAminus,Type1,5,5,5,5,5,5
8OKUB,8OKU,B,206,230,232,4.3376828790921635,27,27,SIK3,CAMK_SIK3_HUMAN,DFGin,BLAminus,Type1,5,5,5,5,5,5
8OMVC,8OMV,C,166,190,192,7.030690260071127,20,27,IKBKB,OTHER_IKBKB_HUMAN,DFGin,BLAminus,No_ligand,5,5,5,5,5,5
8OMVD,8OMV,D,166,190,192,6.938604388111608,19,27,IKBKB,OTHER_IKBKB_HUMAN,DFGin,BLAminus,No_ligand,5,5,5,5,5,5
8OMVE,8OMV,E,166,190,192,7.019299477623465,24,27,IKBKB,OTHER_IKBKB_HUMAN,DFGinter,None,No_ligand,5,5,5,5,5,5
8ORMJ,8ORM,J,155,180,182,4.71969996462991,28,28,CDK7,CMGC_CDK7_HUMAN,DFGin,BLAminus,Type1,5,5,5,5,5,5
8P6VJ,8P6V,J,155,180,182,4.720102051082816,28,28,CDK7,CMGC_CDK7_HUMAN,DFGin,BLAminus,Type1,5,5,5,5,5,5
8P6WJ,8P6W,J,155,180,182,4.727415632052884,28,28,CDK7,CMGC_CDK7_HUMAN,DFGin,BLAminus,Type1,5,5,5,5,5,5
8P6XJ,8P6X,J,155,180,182,4.718256954758777,28,28,CDK7,CMGC_CDK7_HUMAN,DFGin,BLAminus,Type1,5,5,5,5,5,5
8P6YJ,8P6Y,J,155,180,182,4.68373396819429,28,28,CDK7,CMGC_CDK7_HUMAN,DFGin,BLAminus,ATPlike,5,5,5,5,5,5
8P6ZJ,8P6Z,J,155,180,182,4.7084427025504505,28,28,CDK7,CMGC_CDK7_HUMAN,DFGin,BLAminus,Type1,5,5,5,5,5,5
8P70J,8P70,J,155,180,182,4.728560454277503,28,28,CDK7,CMGC_CDK7_HUMAN,DFGin,BLAminus,Type1,5,5,5,5,5,5
8P71J,8P71,J,155,180,182,4.705629347929912,28,28,CDK7,CMGC_CDK7_HUMAN,DFGin,BLAminus,Type1,5,5,5,5,5,5
8P72J,8P72,J,155,180,182,4.729423088978227,28,28,CDK7,CMGC_CDK7_HUMAN,DFGin,BLAminus,Type1,5,5,5,5,5,5
8P73J,8P73,J,155,180,182,4.710861935473859,28,28,CDK7,CMGC_CDK7_HUMAN,DFGin,BLAminus,"Type1,Type1",5,5,5,5,5,5
8P74J,8P74,J,155,180,182,4.723217236976076,28,28,CDK7,CMGC_CDK7_HUMAN,DFGin,BLAminus,Type1,5,5,5,5,5,5
8P75J,8P75,J,155,180,182,4.708595201615147,28,28,CDK7,CMGC_CDK7_HUMAN,DFGin,BLAminus,Type1,5,5,5,5,5,5
8P76J,8P76,J,155,180,182,4.697562634943759,28,28,CDK7,CMGC_CDK7_HUMAN,DFGin,BLAminus,Type1,5,5,5,5,5,5
8P77J,8P77,J,155,180,182,4.732205111937933,28,28,CDK7,CMGC_CDK7_HUMAN,DFGin,BLAminus,Type1,5,5,5,5,5,5
8P78J,8P78,J,155,180,182,4.702035422648094,28,28,CDK7,CMGC_CDK7_HUMAN,DFGin,BLAminus,Type1,5,5,5,5,5,5
8P79J,8P79,J,155,180,182,4.771813733242543,28,28,CDK7,CMGC_CDK7_HUMAN,DFGin,BLAminus,No_ligand,5,5,5,5,5,5
8P7LJ,8P7L,J,155,180,182,4.757025586994588,21,28,CDK7,CMGC_CDK7_HUMAN,DFGin,BLAminus,Type1,5,5,5,5,5,5
8PAVA,8PAV,A,167,192,194,4.827496860388375,26,28,STK4,STE_STK4_HUMAN,DFGin,BLAminus,Type1,5,5,5,5,5,5
8PAVB,8PAV,B,167,192,194,4.857428843549104,26,28,STK4,STE_STK4_HUMAN,DFGin,BLAminus,Type1,5,5,5,5,5,5
8PAWA,8PAW,A,167,192,194,4.832852613391087,26,28,STK4,STE_STK4_HUMAN,DFGin,BLAminus,Type1,5,5,5,5,5,5
8PAWB,8PAW,B,167,192,194,4.864753079682649,26,28,STK4,STE_STK4_HUMAN,DFGin,BLAminus,Type1,5,5,5,5,5,5
8PLZJ,8PLZ,J,155,180,182,4.712191250897074,28,28,CDK7,CMGC_CDK7_HUMAN,DFGin,BLAminus,Type1,5,5,5,5,5,5
8PODA,8POD,A,354,383,385,8.185962693513893,32,32,ACVR1,TKL_ACVR1_HUMAN,DFGin,BLAminus,"Type1,Allosteric",5,5,5,5,5,5
8PQ9A,8PQ9,A,810,837,839,4.334550176583844,30,30,KIT,TYR_KIT_HUMAN,DFGin,BLAminus,Type1,5,5,5,5,5,5
8PQ9C,8PQ9,C,810,837,839,4.3504450411267035,30,30,KIT,TYR_KIT_HUMAN,DFGin,BLAminus,Type1,5,5,5,5,5,5
8PQAA,8PQA,A,810,837,839,4.35009508369267,30,30,KIT,TYR_KIT_HUMAN,DFGin,BLAminus,Type1,5,5,5,5,5,5
8PQAC,8PQA,C,810,837,839,4.352442666687185,30,30,KIT,TYR_KIT_HUMAN,DFGin,BLAminus,Type1,5,5,5,5,5,5
8PQCA,8PQC,A,810,837,839,4.377085096734008,28,30,KIT,TYR_KIT_HUMAN,DFGin,BLAminus,Type1,5,5,5,5,5,5
8PQCB,8PQC,B,810,837,839,4.327728047405083,29,30,KIT,TYR_KIT_HUMAN,DFGin,BLAminus,Type1,5,5,5,5,5,5
8PQDA,8PQD,A,810,837,839,4.3520685694652315,30,30,KIT,TYR_KIT_HUMAN,DFGin,BLAminus,Type1,5,5,5,5,5,5
8PQDB,8PQD,B,810,837,839,4.366681882724595,30,30,KIT,TYR_KIT_HUMAN,DFGin,BLAminus,Type1,5,5,5,5,5,5
8PQFA,8PQF,A,810,837,839,4.32616137621873,28,30,KIT,TYR_KIT_HUMAN,DFGin,BLAminus,Type1,5,5,5,5,5,5
8PQFC,8PQF,C,810,837,839,4.355832623808297,28,30,KIT,TYR_KIT_HUMAN,DFGin,BLAminus,Type1,5,5,5,5,5,5
8PQGA,8PQG,A,810,837,839,4.339777229941019,25,30,KIT,TYR_KIT_HUMAN,DFGin,BLAminus,Type1,5,5,5,5,5,5
8PQGC,8PQG,C,810,837,839,4.362400285710601,30,30,KIT,TYR_KIT_HUMAN,DFGin,BLAminus,Type1,5,5,5,5,5,5
8PQHA,8PQH,A,836,863,865,4.492294428114081,30,30,PDGFRA,TYR_PDGFRA_HUMAN,DFGin,BLAminus,Type1,5,5,5,5,5,5
8PQJA,8PQJ,A,836,863,865,4.422592008259201,30,30,PDGFRA,TYR_PDGFRA_HUMAN,DFGout,None,No_ligand,5,5,5,5,5,5
8PQKA,8PQK,A,836,863,865,4.423226845078888,30,30,PDGFRA,TYR_PDGFRA_HUMAN,DFGout,None,No_ligand,5,5,5,5,5,5
8PSRA,8PSR,A,167,195,197,4.706662899031384,27,31,MAPK1,CMGC_MAPK1_HUMAN,DFGin,BLAminus,ATPlike,5,5,5,5,5,5
8PSYA,8PSY,A,167,195,197,4.684979109766277,23,31,MAPK1,CMGC_MAPK1_HUMAN,DFGin,BLAminus,"ATPlike,Allosteric",5,5,5,5,5,5
8PT0A,8PT0,A,167,195,197,4.500878141528247,31,31,MAPK1,CMGC_MAPK1_HUMAN,DFGin,BLAminus,"ATPlike,Allosteric",5,5,5,5,5,5
8PT1A,8PT1,A,167,195,197,4.575777740589411,31,31,MAPK1,CMGC_MAPK1_HUMAN,DFGin,BLAminus,"ATPlike,Allosteric",5,5,5,5,5,5
8PT3A,8PT3,A,167,195,197,4.612808773280712,25,31,MAPK1,CMGC_MAPK1_HUMAN,DFGin,BLAminus,"Allosteric,ATPlike",5,5,5,5,5,5
8PT8A,8PT8,A,169,193,195,5.334488070108563,25,27,MAPK8,CMGC_MAPK8_HUMAN,DFGin,ABAminus,Type1,5,5,5,5,5,5
8PT8B,8PT8,B,169,193,195,5.307812324547093,27,27,MAPK8,CMGC_MAPK8_HUMAN,DFGin,ABAminus,Type1,5,5,5,5,5,5
8PT8C,8PT8,C,169,193,195,5.383553364666745,24,27,MAPK8,CMGC_MAPK8_HUMAN,DFGin,ABAminus,Type1,5,5,5,5,5,5
8PT9A,8PT9,A,169,193,195,5.382949725769508,25,27,MAPK8,CMGC_MAPK8_HUMAN,DFGin,ABAminus,Type1,5,5,5,5,5,5
8PT9B,8PT9,B,169,193,195,5.358673030986281,22,27,MAPK8,CMGC_MAPK8_HUMAN,DFGin,ABAminus,Type1,5,5,5,5,5,5
8PT9C,8PT9,C,169,193,195,5.396519282935985,24,27,MAPK8,CMGC_MAPK8_HUMAN,DFGin,ABAminus,Type1,5,5,5,5,5,5
8PTAA,8PTA,A,169,193,195,5.352632189271747,25,27,MAPK8,CMGC_MAPK8_HUMAN,DFGin,ABAminus,Type1,5,5,5,5,5,5
8PTAB,8PTA,B,169,193,195,5.377180014529706,22,27,MAPK8,CMGC_MAPK8_HUMAN,DFGin,ABAminus,Type1,5,5,5,5,5,5
8PTAC,8PTA,C,169,193,195,5.3827534705924265,24,27,MAPK8,CMGC_MAPK8_HUMAN,DFGin,ABAminus,Type1,5,5,5,5,5,5
8PYRA,8PYR,A,155,180,182,4.679518535583,26,28,CDK7,CMGC_CDK7_HUMAN,None,None,No_ligand,5,5,5,5,5,5
8PYRE,8PYR,E,155,180,182,4.6885479759674915,26,28,CDK7,CMGC_CDK7_HUMAN,None,None,No_ligand,5,5,5,5,5,5
8Q61A,8Q61,A,293,318,320,4.374778026353331,22,28,AKT2,AGC_AKT2_HUMAN,DFGout,BBAminus,Type3,5,5,5,5,5,5
8QCWA,8QCW,A,282,306,308,5.812727196674415,26,27,LSK1,CMGC_LSK1_LOTJA,DFGin,BLAminus,No_ligand,5,5,5,5,5,5
8QELB,8QEL,B,432,456,458,4.636560290442834,26,27,EIF2AK2,OTHER_EIF2AK2_HUMAN,DFGin,ABAminus,Type1,5,5,5,5,5,5
8QGYB,8QGY,B,822,847,849,3.9622033920482895,28,28,MAP3K5,STE_MAP3K5_HUMAN,DFGin,BLAminus,No_ligand,5,5,5,5,5,5
8QJIA,8QJI,A,200,224,226,5.615064966919075,26,27,GSK3B,CMGC_GSK3B_HUMAN,DFGin,None,Type1,5,5,5,5,5,5
8QLQA,8QLQ,A,174,199,201,4.694193733544043,28,28,STK24,STE_STK24_HUMAN,DFGin,BLBplus,Type1,5,5,5,5,5,5
8QQGC,8QQG,C,593,620,622,1.204052243237872,24,30,BRAF,TKL_BRAF_HUMAN,DFGout,BBAminus,Type2,5,5,5,5,5,5
8R3XA,8R3X,A,396,421,423,4.458872852049308,27,28,PRKCI,AGC_PRKCI_HUMAN,DFGin,ABAminus,No_ligand,5,5,5,5,5,5
8R3XB,8R3X,B,396,421,423,4.484745467539512,27,28,PRKCI,AGC_PRKCI_HUMAN,DFGin,ABAminus,No_ligand,5,5,5,5,5,5
8R3YI,8R3Y,I,396,421,423,4.478647828534498,27,28,PRKCI,AGC_PRKCI_HUMAN,DFGin,ABAminus,ATPlike,5,5,5,5,5,5
8R4OA,8R4O,A,206,230,232,4.2444749437522535,26,27,SIK3,CAMK_SIK3_HUMAN,DFGin,BLAminus,Type1,5,5,5,5,5,5
8R4OC,8R4O,C,206,230,232,4.254395816396035,26,27,SIK3,CAMK_SIK3_HUMAN,DFGin,BLAminus,Type1,5,5,5,5,5,5
8R4OE,8R4O,E,206,230,232,4.239055996935339,26,27,SIK3,CAMK_SIK3_HUMAN,DFGin,BLAminus,Type1,5,5,5,5,5,5
8R4OG,8R4O,G,206,230,232,4.253792399352841,26,27,SIK3,CAMK_SIK3_HUMAN,DFGin,BLAminus,Type1,5,5,5,5,5,5
8R4OI,8R4O,I,206,230,232,4.245418479828565,26,27,SIK3,CAMK_SIK3_HUMAN,DFGin,BLAminus,Type1,5,5,5,5,5,5
8R4OK,8R4O,K,206,230,232,4.241300820096535,26,27,SIK3,CAMK_SIK3_HUMAN,DFGin,BLAminus,Type1,5,5,5,5,5,5
8R4QA,8R4Q,A,206,230,232,4.255280041504698,26,27,SIK3,CAMK_SIK3_HUMAN,DFGin,BLAminus,Type1,5,5,5,5,5,5
8R4QC,8R4Q,C,206,230,232,4.2504326080903825,26,27,SIK3,CAMK_SIK3_HUMAN,DFGin,BLAminus,Type1,5,5,5,5,5,5
8R4QE,8R4Q,E,206,230,232,4.25001591067794,26,27,SIK3,CAMK_SIK3_HUMAN,DFGin,BLAminus,Type1,5,5,5,5,5,5
8R4QG,8R4Q,G,206,230,232,4.246043614460857,26,27,SIK3,CAMK_SIK3_HUMAN,DFGin,BLAminus,Type1,5,5,5,5,5,5
8R4QI,8R4Q,I,206,230,232,4.243528767525075,26,27,SIK3,CAMK_SIK3_HUMAN,DFGin,BLAminus,Type1,5,5,5,5,5,5
8R4QK,8R4Q,K,206,230,232,4.249824568391959,26,27,SIK3,CAMK_SIK3_HUMAN,DFGin,BLAminus,Type1,5,5,5,5,5,5
8R4UA,8R4U,A,206,230,232,4.21446923642832,26,27,SIK3,CAMK_SIK3_HUMAN,DFGin,BLAminus,Type1.5_Front,5,5,5,5,5,5
8R4UC,8R4U,C,206,230,232,4.2155220935031155,26,27,SIK3,CAMK_SIK3_HUMAN,DFGin,BLAminus,Type1.5_Front,5,5,5,5,5,5
8R4UE,8R4U,E,206,230,232,4.208478680097125,26,27,SIK3,CAMK_SIK3_HUMAN,DFGin,BLAminus,Type1.5_Front,5,5,5,5,5,5
8R4UG,8R4U,G,206,230,232,4.221586965825084,26,27,SIK3,CAMK_SIK3_HUMAN,DFGin,BLAminus,Type1.5_Front,5,5,5,5,5,5
8R4VB,8R4V,B,206,230,232,4.3089235770703675,26,27,SIK3,CAMK_SIK3_HUMAN,DFGin,ABAminus,Type1,5,5,5,5,5,5
8R4VC,8R4V,C,206,230,232,4.3153434191997135,26,27,SIK3,CAMK_SIK3_HUMAN,DFGin,ABAminus,Type1,5,5,5,5,5,5
8R4VA,8R4V,A,206,230,232,4.307861477362177,26,27,SIK3,CAMK_SIK3_HUMAN,DFGin,BLAminus,Type1,5,5,5,5,5,5
8R5EA,8R5E,A,169,193,195,5.252435986871408,27,27,MAPK8,CMGC_MAPK8_HUMAN,DFGin,ABAminus,"ATPlike,Allosteric",5,5,5,5,5,5
8R7GA,8R7G,A,354,383,385,8.166781555089472,32,32,ACVR1,TKL_ACVR1_HUMAN,DFGin,BLAminus,Type1,5,5,5,5,5,5
8R7GB,8R7G,B,354,383,385,8.161224628375654,32,32,ACVR1,TKL_ACVR1_HUMAN,DFGin,BLAminus,Type1,5,5,5,5,5,5
8R7GD,8R7G,D,354,383,385,8.174993865744485,28,32,ACVR1,TKL_ACVR1_HUMAN,DFGin,BLAminus,Type1,5,5,5,5,5,5
8R8EA,8R8E,A,307,329,331,7.0494155606093925,24,25,DYRK1A,CMGC_DYRK1A_HUMAN,DFGin,BLAminus,Type1,5,5,5,5,5,5
8R8EB,8R8E,B,307,329,331,7.082406310428911,24,25,DYRK1A,CMGC_DYRK1A_HUMAN,DFGin,BLAminus,Type1,5,5,5,5,5,5
8R8EC,8R8E,C,307,329,331,7.0651207129901215,24,25,DYRK1A,CMGC_DYRK1A_HUMAN,DFGin,BLAminus,Type1,5,5,5,5,5,5
8R8ED,8R8E,D,307,329,331,7.068501463164126,25,25,DYRK1A,CMGC_DYRK1A_HUMAN,DFGin,BLAminus,Type1,5,5,5,5,5,5
8R99A,8R99,A,155,180,182,4.626103970562678,28,28,CDK7,CMGC_CDK7_HUMAN,DFGin,BLAminus,ATPlike,5,5,5,5,5,5
8R9AA,8R9A,A,155,180,182,4.6261735653213085,28,28,CDK7,CMGC_CDK7_HUMAN,DFGin,BLAminus,Type1,5,5,5,5,5,5
8R9BA,8R9B,A,155,180,182,4.654135126665585,28,28,CDK7,CMGC_CDK7_HUMAN,DFGin,None,ATPlike,5,5,5,5,5,5
8R9BB,8R9B,B,155,180,182,4.684422073160336,28,28,CDK7,CMGC_CDK7_HUMAN,DFGin,None,ATPlike,5,5,5,5,5,5
8R9OB,8R9O,B,155,180,182,4.6823021747903635,23,28,CDK7,CMGC_CDK7_HUMAN,DFGin,BLAminus,Type1,5,5,5,5,5,5
8R9UA,8R9U,A,155,180,182,4.661881902726884,22,28,CDK7,CMGC_CDK7_HUMAN,DFGin,BLAminus,Type1,5,5,5,5,5,5
8R9UB,8R9U,B,155,180,182,4.684663857378699,22,28,CDK7,CMGC_CDK7_HUMAN,DFGin,BLAminus,Type1,5,5,5,5,5,5
8ROZA,8ROZ,A,145,170,172,4.683648202921194,27,28,CDK2,CMGC_CDK2_HUMAN,DFGin,BLAminus,No_ligand,5,5,5,5,5,5
8S93A,8S93,A,539,565,567,4.21470842370081,29,29,BTK,TYR_BTK_MOUSE,DFGin,BLBplus,Type1,5,5,5,5,5,5
8SF8A,8SF8,A,185,207,209,4.7933222499663914,24,25,PRKACA,AGC_PRKACA_BOVIN,DFGin,BLAminus,Type1,5,5,5,5,5,5
8SMCC,8SMC,C,2017,2040,2042,7.804655798611576,26,26,LRRK2,TKL_LRRK2_HUMAN,DFGin,BLAminus,Type1,5,5,5,5,5,5
8SWEA,8SWE,A,644,671,673,4.217656871035931,30,30,FGFR2,TYR_FGFR2_HUMAN,DFGin,BLAminus,"Allosteric,Type1",5,5,5,5,5,5
8SWEB,8SWE,B,644,671,673,4.2660149743388205,30,30,FGFR2,TYR_FGFR2_HUMAN,DFGin,BLAminus,Type1,5,5,5,5,5,5
8SXNA,8SXN,A,179,204,206,4.5424155252024,28,28,NEK7,NEK_NEK7_HUMAN,DFGout,None,No_ligand,5,5,5,5,5,5
8SXNB,8SXN,B,179,204,206,4.518863644571126,28,28,NEK7,NEK_NEK7_HUMAN,DFGout,None,No_ligand,5,5,5,5,5,5
8T2HA,8T2H,A,307,329,331,7.009457715418737,24,25,DYRK1A,CMGC_DYRK1A_HUMAN,DFGin,BLAminus,Type1,5,5,5,5,5,5
8T2HB,8T2H,B,307,329,331,7.04376246386346,24,25,DYRK1A,CMGC_DYRK1A_HUMAN,DFGin,BLAminus,Type1,5,5,5,5,5,5
8TUCA,8TUC,A,330,355,357,2.585340284385566,28,28,CAMKK2,CAMK_CAMKK2_HUMAN,DFGin,BLAminus,Type1,5,5,5,5,5,5
8TVMA,8TVM,A,329,356,358,5.471452495069756,22,30,IRAK4,TKL_IRAK4_HUMAN,DFGin,BLAminus,Type1,5,5,5,5,5,5
8TVMB,8TVM,B,329,356,358,5.456602380112551,22,30,IRAK4,TKL_IRAK4_HUMAN,DFGin,BLAminus,Type1,5,5,5,5,5,5
8TVMC,8TVM,C,329,356,358,5.526783855446375,21,30,IRAK4,TKL_IRAK4_HUMAN,DFGin,BLAminus,Type1,5,5,5,5,5,5
8TVNA,8TVN,A,329,356,358,5.546011968648256,21,30,IRAK4,TKL_IRAK4_HUMAN,DFGin,BLAminus,Type1,5,5,5,5,5,5
8TVNB,8TVN,B,329,356,358,5.534580135317955,21,30,IRAK4,TKL_IRAK4_HUMAN,DFGin,BLAminus,Type1,5,5,5,5,5,5
8TVNC,8TVN,C,329,356,358,5.53108867586397,21,30,IRAK4,TKL_IRAK4_HUMAN,DFGin,BLAminus,Type1,5,5,5,5,5,5
8TVND,8TVN,D,329,356,358,5.527477778635018,21,30,IRAK4,TKL_IRAK4_HUMAN,None,None,Type1,5,5,5,5,5,5
8TX0A,8TX0,A,329,356,358,5.4815757089530415,22,30,IRAK4,TKL_IRAK4_HUMAN,DFGin,BLAminus,Type1,5,5,5,5,5,5
8TX0B,8TX0,B,329,356,358,5.490963674826177,23,30,IRAK4,TKL_IRAK4_HUMAN,DFGin,BLAminus,Type1,5,5,5,5,5,5
8TXZA,8TXZ,A,2017,2040,2042,7.685762678536217,26,26,LRRK2,TKL_LRRK2_HUMAN,DFGin,BLAminus,Type1,5,5,5,5,5,5
8TZGA,8TZG,A,2017,2040,2042,7.673770512006491,26,26,LRRK2,TKL_LRRK2_HUMAN,DFGin,BLAminus,Type1,5,5,5,5,5,5
8U2OA,8U2O,A,161,183,185,4.868536737692074,25,25,PK6,CMGC_PK6_PLAF7,DFGin,None,Type1,5,5,5,5,5,5
8U2OB,8U2O,B,161,183,185,4.827723726792369,25,25,PK6,CMGC_PK6_PLAF7,DFGin,None,Type1,5,5,5,5,5,5
8U37A,8U37,A,481,506,508,4.992569097150838,27,28,PRKCA,AGC_PRKCA_HUMAN,DFGin,BLAminus,Type1,5,5,5,5,5,5
8U7HC,8U7H,C,2017,2040,2042,7.798106598081803,26,26,LRRK2,TKL_LRRK2_HUMAN,DFGin,BLAminus,Type1,5,5,5,5,5,5
8U8JA,8U8J,A,165,193,195,4.6636259846859645,29,31,MAPK1,CMGC_MAPK1_HUMAN,DFGin,BLAminus,Type1,5,5,5,5,5,5
8U8KA,8U8K,A,165,193,195,4.6649366182634155,29,31,MAPK1,CMGC_MAPK1_HUMAN,DFGin,BLAminus,Type1,5,5,5,5,5,5
8UAKA,8UAK,A,481,506,508,4.967363695839808,27,28,PRKCA,AGC_PRKCA_HUMAN,DFGin,BLAminus,Type1,5,5,5,5,5,5
8UAPA,8UAP,A,329,353,355,4.035523177594861,27,27,GRK5,AGC_GRK5_HUMAN,DFGin,BLAminus,Type1,5,5,5,5,5,5
8UAQA,8UAQ,A,329,353,355,4.041364281094283,27,27,GRK5,AGC_GRK5_HUMAN,DFGin,None,Type1,5,5,5,5,5,5
8UCBA,8UCB,A,329,356,358,5.48420454357408,23,30,IRAK4,TKL_IRAK4_HUMAN,DFGin,BLAminus,Type1,5,5,5,5,5,5
8UCBB,8UCB,B,329,356,358,5.434742099397923,21,30,IRAK4,TKL_IRAK4_HUMAN,DFGin,BLAminus,Type1,5,5,5,5,5,5
8UCBC,8UCB,C,329,356,358,5.3687625859433625,22,30,IRAK4,TKL_IRAK4_HUMAN,DFGin,BLAminus,Type1,5,5,5,5,5,5
8UCBD,8UCB,D,329,356,358,5.477399219203835,22,30,IRAK4,TKL_IRAK4_HUMAN,DFGin,BLAminus,Type1,5,5,5,5,5,5
8UCCA,8UCC,A,329,356,358,5.461445366780182,23,30,IRAK4,TKL_IRAK4_HUMAN,DFGin,BLAminus,Type1,5,5,5,5,5,5
8UCCB,8UCC,B,329,356,358,5.449696150707915,24,30,IRAK4,TKL_IRAK4_HUMAN,DFGin,BLAminus,Type1,5,5,5,5,5,5
8UCTA,8UCT,A,359,390,392,6.901502883934203,34,34,PINK1,OTHER_PINK1_TRICA,DFGin,None,Type1,5,5,5,5,5,5
8UDCA,8UDC,A,359,390,392,7.092435929256871,34,34,PINK1,OTHER_PINK1_TRICA,DFGin,None,Type1,5,5,5,5,5,5
8UDTA,8UDT,A,635,662,664,4.367454039155199,26,30,FGFR3,TYR_FGFR3_HUMAN,DFGin,BLAplus,"Allosteric,Allosteric,Type1.5_Front",5,5,5,5,5,5
8UDTB,8UDT,B,635,662,664,4.356958785627176,27,30,FGFR3,TYR_FGFR3_HUMAN,DFGin,BLAplus,Type1.5_Front,5,5,5,5,5,5
8UDTC,8UDT,C,635,662,664,4.387059676846557,26,30,FGFR3,TYR_FGFR3_HUMAN,DFGin,BLAplus,Type1.5_Front,5,5,5,5,5,5
8UDUB,8UDU,B,635,662,664,4.085953956781956,29,30,FGFR3,TYR_FGFR3_HUMAN,DFGin,BLAminus,Type1.5_Front,5,5,5,5,5,5
8UDUA,8UDU,A,635,662,664,4.473508333048679,22,30,FGFR3,TYR_FGFR3_HUMAN,DFGin,BLBplus,Type1.5_Back,5,5,5,5,5,5
8UDVA,8UDV,A,635,662,664,4.335933327607774,23,30,FGFR3,TYR_FGFR3_HUMAN,DFGin,BLAplus,Type1.5_Back,5,5,5,5,5,5
8UDVB,8UDV,B,635,662,664,4.382178947671947,22,30,FGFR3,TYR_FGFR3_HUMAN,DFGin,BLAplus,Type1.5_Back,5,5,5,5,5,5
8UOHA,8UOH,A,196,220,222,4.244269943599351,27,27,MARK3,CAMK_MARK3_HUMAN,None,None,No_ligand,5,5,5,5,5,5
8UOHB,8UOH,B,196,220,222,4.32629561236883,27,27,MARK3,CAMK_MARK3_HUMAN,None,None,Type1,5,5,5,5,5,5
8UOIA,8UOI,A,196,220,222,4.2651722380672386,22,27,MARK3,CAMK_MARK3_HUMAN,DFGin,BLAminus,Type1,5,5,5,5,5,5
8UOJA,8UOJ,A,196,220,222,4.348107391872938,26,27,MARK3,CAMK_MARK3_HUMAN,DFGin,BLBtrans,"Type1,Allosteric",5,5,5,5,5,5
8UOKA,8UOK,A,196,220,222,4.255917960849915,27,27,MARK3,CAMK_MARK3_HUMAN,DFGin,BLAminus,Type1,5,5,5,5,5,5
8UOKB,8UOK,B,196,220,222,4.280718600004429,27,27,MARK3,CAMK_MARK3_HUMAN,DFGin,BLAminus,Type1,5,5,5,5,5,5
8UOLA,8UOL,A,196,220,222,4.225508998276418,19,27,MARK3,CAMK_MARK3_HUMAN,None,None,Type1,5,5,5,5,5,5
8UOLB,8UOL,B,196,220,222,4.192879121246241,19,27,MARK3,CAMK_MARK3_HUMAN,None,None,Type1,5,5,5,5,5,5
8USOA,8USO,A,157,182,184,7.066137672895715,28,28,CAMK2D,CAMK_CAMK2D_HUMAN,DFGin,BLAminus,No_ligand,5,5,5,5,5,5
8USOB,8USO,B,157,182,184,7.059621775329385,28,28,CAMK2D,CAMK_CAMK2D_HUMAN,DFGin,BLAminus,No_ligand,5,5,5,5,5,5
8USOC,8USO,C,157,182,184,7.115581060038955,28,28,CAMK2D,CAMK_CAMK2D_HUMAN,DFGin,BLAminus,No_ligand,5,5,5,5,5,5
8UVLA,8UVL,A,711,739,741,7.231560598106708,31,31,ERN1,OTHER_ERN1_HUMAN,DFGin,BLAminus,Type1.5_Front,5,5,5,5,5,5
8UVYA,8UVY,A,292,317,319,5.27117505750619,21,28,AKT1,AGC_AKT1_HUMAN,DFGout,BBAminus,Allosteric,5,5,5,5,5,5
8UW2A,8UW2,A,292,317,319,5.271285956111507,21,28,AKT1,AGC_AKT1_HUMAN,DFGout,BBAminus,Allosteric,5,5,5,5,5,5
8UW9A,8UW9,A,292,317,319,5.267708634629526,21,28,AKT1,AGC_AKT1_HUMAN,DFGout,BBAminus,Allosteric,5,5,5,5,5,5
8UWRA,8UWR,A,354,383,385,8.213355153164144,32,32,ACVR1,TKL_ACVR1_HUMAN,DFGin,BLAminus,Type1,5,5,5,5,5,5
8UYFA,8UYF,A,357,388,390,7.954419052835874,34,34,PINK1,OTHER_PINK1_PEDHC,DFGin,BLAminus,No_ligand,5,5,5,5,5,5
8UYFB,8UYF,B,357,388,390,7.9589307919909515,34,34,PINK1,OTHER_PINK1_PEDHC,DFGin,BLAminus,No_ligand,5,5,5,5,5,5
8UYHA,8UYH,A,357,388,390,8.01728197914052,34,34,PINK1,OTHER_PINK1_PEDHC,DFGin,BLAminus,ATPlike,5,5,5,5,5,5
8UYHB,8UYH,B,357,388,390,7.999246054555617,34,34,PINK1,OTHER_PINK1_PEDHC,DFGin,BLAminus,ATPlike,5,5,5,5,5,5
8UYIA,8UYI,A,357,388,390,8.033577439641366,34,34,PINK1,OTHER_PINK1_PEDHC,DFGin,BLAminus,ATPlike,5,5,5,5,5,5
8UYIB,8UYI,B,357,388,390,8.085180121359722,34,34,PINK1,OTHER_PINK1_PEDHC,DFGin,BLAminus,ATPlike,5,5,5,5,5,5
8V1OA,8V1O,A,329,356,358,5.4843317520990045,24,30,IRAK4,TKL_IRAK4_HUMAN,DFGin,BLAminus,Type1,5,5,5,5,5,5
8V1OB,8V1O,B,329,356,358,5.483976894758528,24,30,IRAK4,TKL_IRAK4_HUMAN,DFGin,BLAminus,Type1,5,5,5,5,5,5
8V1OC,8V1O,C,329,356,358,5.521130744451138,27,30,IRAK4,TKL_IRAK4_HUMAN,DFGin,BLAminus,Type1,5,5,5,5,5,5
8V1OD,8V1O,D,329,356,358,5.529920766381405,22,30,IRAK4,TKL_IRAK4_HUMAN,DFGin,BLAminus,Type1,5,5,5,5,5,5
8V2FA,8V2F,A,329,356,358,5.542486049775716,27,30,IRAK4,TKL_IRAK4_HUMAN,DFGin,BLAminus,Type1,5,5,5,5,5,5
8V2FB,8V2F,B,329,356,358,5.52403428531455,27,30,IRAK4,TKL_IRAK4_HUMAN,DFGin,BLAminus,Type1,5,5,5,5,5,5
8V2FC,8V2F,C,329,356,358,5.4431811106103885,27,30,IRAK4,TKL_IRAK4_HUMAN,DFGin,BLAminus,Type1,5,5,5,5,5,5
8V2FD,8V2F,D,329,356,358,5.478978787249796,24,30,IRAK4,TKL_IRAK4_HUMAN,DFGin,BLAminus,Type1,5,5,5,5,5,5
8V2LA,8V2L,A,329,356,358,5.5469330502256025,22,30,IRAK4,TKL_IRAK4_HUMAN,DFGin,BLAminus,Type1,5,5,5,5,5,5
8V2LB,8V2L,B,329,356,358,5.5408683582286535,22,30,IRAK4,TKL_IRAK4_HUMAN,DFGin,BLAminus,Type1,5,5,5,5,5,5
8V2LC,8V2L,C,329,356,358,5.566671204660618,22,30,IRAK4,TKL_IRAK4_HUMAN,DFGin,BLAminus,Type1,5,5,5,5,5,5
8V2LD,8V2L,D,329,356,358,5.561308209427763,22,30,IRAK4,TKL_IRAK4_HUMAN,DFGin,BLAminus,Type1,5,5,5,5,5,5
8VMEA,8VME,A,200,224,226,5.55219342306545,27,27,GSK3B,CMGC_GSK3B_MOUSE,DFGin,BLAminus,ATPlike,5,5,5,5,5,5
8VMFA,8VMF,A,200,224,226,5.571865111186597,27,27,GSK3B,CMGC_GSK3B_MOUSE,DFGin,BLAminus,ATPlike,5,5,5,5,5,5
8VMGA,8VMG,A,200,224,226,5.567311718719282,27,27,GSK3B,CMGC_GSK3B_MOUSE,DFGin,BLAminus,ATPlike,5,5,5,5,5,5
8VMGB,8VMG,B,200,224,226,5.528866631811055,27,27,GSK3B,CMGC_GSK3B_MOUSE,DFGin,BLAminus,No_ligand,5,5,5,5,5,5
8WF4B,8WF4,B,557,578,580,7.082755871456622,22,24,RPS6KA1,CAMK_RPS6KA1-2_HUMAN,DFGin,BLAminus,No_ligand,5,5,5,5,0,0
8WGFA,8WGF,A,169,193,195,5.458120090160928,23,27,MAPK10,CMGC_MAPK10_HUMAN,DFGin,ABAminus,ATPlike,5,5,5,5,5,5
8WJYA,8WJY,A,251,275,277,6.571358736095463,22,27,PKMYT1,OTHER_PKMYT1_HUMAN,DFGin,BLAminus,Type1,5,5,5,5,5,5
8WM0A,8WM0,A,171,196,198,3.882062450311705,26,28,TNIK,STE_TNIK_HUMAN,DFGin,BLAminus,Type1,5,5,5,5,5,5
8WTFA,8WTF,A,329,356,358,5.610259561597438,30,30,IRAK4,TKL_IRAK4_HUMAN,DFGin,BLAminus,Type1,5,5,5,5,5,5
8WYWA,8WYW,A,512,540,542,4.605409452279092,25,31,SYK,TYR_SYK_HUMAN,DFGin,BLAminus,Type1,5,5,5,5,5,5
8WYWB,8WYW,B,512,540,542,4.601333700668649,25,31,SYK,TYR_SYK_HUMAN,DFGin,BLAminus,Type1,5,5,5,5,5,5
8X23A,8X23,A,168,190,192,4.9647529119475875,19,25,MAPK13,CMGC_MAPK13_HUMAN,DFGin,BLBplus,No_ligand,5,5,5,5,5,5
8X2AA,8X2A,A,554,580,582,4.4216964147709374,26,29,BMX,TYR_BMX_HUMAN,DFGin,BLBplus,Type1,5,5,5,5,5,5
8X3MA,8X3M,A,168,190,192,4.636003813172025,25,25,MAPK14,CMGC_MAPK14_HUMAN,DFGin,None,Allosteric,5,5,5,5,5,5
8X5KA,8X5K,A,512,540,542,4.653403675822023,26,31,SYK,TYR_SYK_HUMAN,DFGin,BLAminus,Type1,5,5,5,5,5,5
8X5LA,8X5L,A,185,207,209,4.87692079309529,21,25,PRKACA,AGC_PRKACA_HUMAN,DFGin,ABAminus,Type1,5,5,5,5,5,5
8X5LB,8X5L,B,185,207,209,4.809453374727243,20,25,PRKACA,AGC_PRKACA_HUMAN,DFGin,ABAminus,Type1,5,5,5,5,5,5
8X5ZA,8X5Z,A,407,432,434,4.878537966011417,27,28,PAK1,STE_PAK1_HUMAN,DFGin,BLAminus,No_ligand,5,5,5,5,5,5
8X72A,8X72,A,194,219,221,4.718335629991452,28,28,PLK1,CAMK_PLK1_HUMAN,DFGin,BLAminus,ATPlike,5,5,5,5,5,5
8X88A,8X88,A,177,202,204,3.2838655953341074,25,28,TNIK,STE_TNIK_HUMAN,DFGinter,None,No_ligand,5,5,5,5,5,5
8X88B,8X88,B,177,202,204,3.291081168901734,28,28,TNIK,STE_TNIK_HUMAN,DFGinter,None,No_ligand,5,5,5,5,5,5
8X8XA,8X8X,A,232,258,260,2.9290085088882942,29,29,ROCK2,AGC_ROCK2_HUMAN,DFGin,BLAminus,Type1,5,5,5,5,5,5
8X8YB,8X8Y,B,232,258,260,3.058712340055013,27,29,ROCK2,AGC_ROCK2_HUMAN,DFGin,ABAminus,Type1,5,5,5,5,5,5
8X8YA,8X8Y,A,232,258,260,2.919908217990859,29,29,ROCK2,AGC_ROCK2_HUMAN,DFGin,BLAminus,Type1,5,5,5,5,5,5
8X8ZA,8X8Z,A,232,258,260,2.925773397585549,29,29,ROCK2,AGC_ROCK2_HUMAN,DFGin,ABAminus,Type1,5,5,5,5,5,5
8X8ZB,8X8Z,B,232,258,260,3.0973534806040237,22,29,ROCK2,AGC_ROCK2_HUMAN,DFGin,ABAminus,Type1,5,5,5,5,5,5
8X92A,8X92,A,232,258,260,2.8831315978553795,29,29,ROCK2,AGC_ROCK2_HUMAN,DFGin,ABAminus,Type1,5,5,5,5,5,5
8XEYA,8XEY,A,561,586,588,8.176535834800884,28,28,RPS6KA3,CAMK_RPS6KA3-2_HUMAN,DFGin,BLAminus,No_ligand,5,5,5,5,5,5
8XN6A,8XN6,A,200,224,226,5.583138638094964,27,27,GSK3B,CMGC_GSK3B_HUMAN,DFGin,BLAminus,ATPlike,5,5,5,5,5,5
8XN6B,8XN6,B,200,224,226,5.593822934086402,27,27,GSK3B,CMGC_GSK3B_HUMAN,DFGin,BLAminus,ATPlike,5,5,5,5,5,5
8XN8A,8XN8,A,406,432,434,4.3738245916253895,29,29,SRC,TYR_SRC_MOUSE,DFGin,BLBplus,ATPlike,5,5,5,5,5,5
8XU4E,8XU4,E,207,231,233,8.213908116961456,19,27,MAPKAPK2,CAMK_MAPKAPK2_HUMAN,DFGin,ABAminus,No_ligand,5,5,5,5,5,5
8XYAC,8XYA,C,168,192,194,4.441219845597728,27,27,PHKG1,CAMK_PHKG1_HUMAN,DFGin,BLAminus,No_ligand,5,5,5,5,5,5
8XYBC,8XYB,C,168,192,194,4.441219845597728,27,27,PHKG1,CAMK_PHKG1_HUMAN,DFGin,BLAminus,No_ligand,5,5,5,5,5,5
8YGZA,8YGZ,A,397,426,428,8.11841127123833,28,32,TGFBR2,TKL_TGFBR2_HUMAN,DFGin,BLAminus,No_ligand,5,5,5,5,5,5
8YHKA,8YHK,A,458,483,485,4.916551991707156,28,28,PAK4,STE_PAK4_HUMAN,DFGin,BLAminus,No_ligand,5,5,5,5,5,5
8YHWA,8YHW,A,534,564,566,5.461190281521142,27,33,MAP3K14,STE_MAP3K14_HUMAN,DFGin,BLAminus,ATPlike,5,5,5,5,5,5
8YHWB,8YHW,B,534,564,566,5.439730168258541,26,33,MAP3K14,STE_MAP3K14_HUMAN,DFGin,BLAminus,ATPlike,5,5,5,5,5,5
8YHWC,8YHW,C,534,564,566,5.39195525137815,26,33,MAP3K14,STE_MAP3K14_HUMAN,DFGin,BLAminus,ATPlike,5,5,5,5,5,5
8ZH5A,8ZH5,A,216,242,244,2.546918329935296,24,29,ROCK1,AGC_ROCK1_HUMAN,DFGin,BLAminus,No_ligand,5,5,5,5,5,5
8ZJVA,8ZJV,A,167,195,197,4.776774194920508,31,31,MAPK1,CMGC_MAPK1_HUMAN,DFGin,BLAminus,Type1,5,5,5,5,5,5
9BCOA,9BCO,A,646,671,673,4.150198760886397,28,28,NPR1,RGC_NPR1_HUMAN,DFGin,BLBplus,ATPlike,5,5,5,5,5,5
9BCOB,9BCO,B,646,671,673,4.316556343072334,28,28,NPR1,RGC_NPR1_HUMAN,DFGin,BLBplus,ATPlike,5,5,5,5,5,5
9BCPA,9BCP,A,646,671,673,4.079942686691082,28,28,NPR1,RGC_NPR1_HUMAN,DFGin,BLBplus,ATPlike,5,5,5,5,5,5
9BCPB,9BCP,B,646,671,673,4.135740732844901,28,28,NPR1,RGC_NPR1_HUMAN,DFGin,BLBtrans,ATPlike,5,5,5,5,5,5
9BCSA,9BCS,A,646,671,673,4.223724812052833,28,28,NPR1,RGC_NPR1_HUMAN,DFGin,None,ATPlike,5,5,5,5,5,5
9BCSB,9BCS,B,646,671,673,4.006951542055896,28,28,NPR1,RGC_NPR1_HUMAN,None,None,ATPlike,5,5,5,5,5,5
9BYJA,9BYJ,A,404,430,432,4.319024159134364,29,29,HCK,TYR_HCK_HUMAN,DFGin,BLBplus,Type1.5_Back,5,5,5,5,5,5
9CJ2A,9CJ2,A,168,190,192,4.594036540878435,23,25,MAPK14,CMGC_MAPK14_HUMAN,DFGin,BLAminus,No_ligand,5,5,5,5,5,5
9CJ2B,9CJ2,B,168,190,192,4.535257937175591,22,25,MAPK14,CMGC_MAPK14_HUMAN,DFGin,BLBminus,No_ligand,5,5,5,5,5,5
9D8SA,9D8S,A,219,243,245,7.3672805658738065,27,27,CDPK1,CAMK_CDPK1_CRYPI,DFGin,BLBplus,ATPlike,5,5,5,5,5,5
9DW4K,9DW4,K,185,207,209,4.871446226761763,25,25,PRKACA,AGC_PRKACA_BOVIN,None,None,No_ligand,5,5,5,5,5,5
9DW5G,9DW5,G,185,207,209,4.792970245568942,24,25,PRKACA,AGC_PRKACA_BOVIN,DFGin,BLAminus,ATPlike,5,5,5,5,5,5
9DW7G,9DW7,G,185,207,209,4.768864157653131,25,25,PRKACA,AGC_PRKACA_BOVIN,None,None,ATPlike,5,5,5,5,5,5
9DW7K,9DW7,K,185,207,209,4.872526112434007,25,25,PRKACA,AGC_PRKACA_BOVIN,None,None,No_ligand,5,5,5,5,5,5
9DW8G,9DW8,G,185,207,209,4.838989041475343,24,25,PRKACA,AGC_PRKACA_BOVIN,DFGin,BLAminus,ATPlike,5,5,5,5,5,5
9DW9G,9DW9,G,185,207,209,4.820296794773328,24,25,PRKACA,AGC_PRKACA_BOVIN,DFGin,BLAminus,ATPlike,5,5,5,5,5,5
9INVA,9INV,A,161,185,187,7.591595693990437,27,27,DAPK1,CAMK_DAPK1_HUMAN,DFGin,ABAminus,Type1,5,5,5,5,5,5
